LeadCreated,CallStatus,WidgetName,PublisherZoneName,PublisherCampaignName,AddressScore,PhoneScore,AdvertiserCampaignName,State,DebtLevel,Partner,ReferralDomain,AdGroup,Keyword,SearchQuery,LandingPageURL,AdGroup_New,WidgetSize,PageLength,CampaignDesign,MissingAddressScore,MissingPhoneScore
2009-07-01 01:24:29.563,unknown,w-302252-DebtReduction1-1DC-CreditSolutions,TopLeft,DebtReductionInc,0.0,5.0,creditsolutions-branded-shortform,HI,30001-50000,google,www.google.com,Holding Tank - Debt,Debt specialists,debt specialists,http://www.debtreductioninc.com/index8.html,debt,302252,1DC,CreditSolutions,1,0
2009-04-13 15:27:35.990,unknown,w-300250-DebtReduction1-1DC-Head2,TopLeft,DebtReductionInc,0.0,0.0,Debt Settlement1 Master,AL,90000-100000,adknowledge,unknown,Consolidate,,,http://www.debtreductioninc.com/index8.html,consolidation,300250,1DC,Head2,1,1
2009-04-21 07:22:59.000,bad,w-300250-DebtReduction1-1DC-Head2,TopLeft,DebtReductionInc,0.0,0.0,Debt Settlement1 Master,NY,20001-30000,adknowledge,us.mc582.mail.yahoo.com,Consolidate,,,http://www.debtreductioninc.com/index8.html,consolidation,300250,1DC,Head2,1,1
2009-08-03 19:39:02.000,bad,w-302252-DebtReduction1-1DC-white,TopLeft,DebtReductionInc,5.0,3.0,Debt Settlement1 Master,WA,20001-30000,google,norwich.kijiji.com,Lower Payments,,,http://www.debtreductioninc.com/index12.html,lower_payment,302252,1DC,white,0,0
2009-04-13 10:18:37.490,unknown,w-300250-DebtReduction1-1DC-BlueMeter,TopLeft,DebtReductionInc,0.0,0.0,Debt Settlement1 Master,TX,More_than_100000,google,unknown,Debt Reduction,,,http://www.debtreductioninc.com/index8.html,debt,300250,1DC,BlueMeter,1,1
2009-07-29 14:50:06.657,unknown,w-302252-DebtReduction1-1DC-white,TopLeft,DebtReductionInc,5.0,3.0,Debt Settlement1 Master,CO,7500-15000,google,googleads.g.doubleclick.net,Credit Card Debt - high volume,,,http://www.debtreductioninc.com/index8.html,credit_general,302252,1DC,white,0,0
2009-07-06 11:50:41.210,unknown,w-302252-DebtReduction1-1DC-white,TopLeft,DebtReductionInc,0.0,4.0,Debt Settlement1 Master,MI,70001-90000,google,googleads.g.doubleclick.net,Student Debt,,,http://www.debtreductioninc.com/index8.html,student_debt,302252,1DC,white,1,0
2009-04-22 16:41:49.000,bad,w-300250-DebtReduction1-2DC-BlueMeter,TopLeft,DebtReductionInc,0.0,0.0,Debt Settlement1 Master,IA,7500-15000,google,www.google.com,Debt Credit Services,Credit services,credit services,http://www.debtreductioninc.com/index8.html,credit_general,300250,2DC,BlueMeter,1,1
2009-05-05 07:07:41.780,unknown,w-300250-DebtReduction1-1DC-Head3,TopLeft,DebtReductionInc,0.0,0.0,Debt Settlement1 Master,LA,20001-30000,yahoo,dir.yahoo.com,Debt Consolidation,,,http://www.debtreductioninc.com/index8.html,consolidation,300250,1DC,Head3,1,1
2009-08-07 14:49:18.087,unknown,w-302252-DebtReduction1-1DC-CreditSolutions,TopLeft,DebtReductionInc,3.0,4.0,creditsolutions-branded-shortform,MI,7500-15000,google,www.docstoc.com,Settlement,Debt settlement,,http://www.debtreductioninc.com/index8.html,settlement,302252,1DC,CreditSolutions,0,0
2009-06-01 19:27:57.000,bad,w-302252-DebtReduction1-1DC-CreditSolutions,TopLeft,DebtReductionInc,0.0,0.0,creditsolutions-branded-shortform,TX,20001-30000,google,googleads.g.doubleclick.net,Credit Card Debt - high volume,,,http://www.debtreductioninc.com/index8.html,credit_general,302252,1DC,CreditSolutions,1,1
2009-07-26 21:56:22.827,unknown,w-302252-DebtReduction1-1DC-CreditSolutions,TopLeft,DebtReductionInc,5.0,5.0,creditsolutions-branded-shortform,IL,30001-50000,google,www.google.com,Debt,Debt,refinance loan debt consolidation lower interest,http://www.debtreductioninc.com/index8.html,debt,302252,1DC,CreditSolutions,0,0
2009-05-24 13:26:58.283,unknown,w-302252-DebtReduction1-1DC,TopLeft,DebtReductionInc,0.0,0.0,Debt Settlement1 Master,MI,15001-20000,yahoo,search.yahoo.com,Debt Settlement Companies,,DEBT SETTLEMENT COMPANIES IN MICHIGAN,http://www.debtreductioninc.com/index8.html,settlement,302252,1DC,default,1,1
2009-05-24 01:26:00.120,unknown,w-302252-DebtReduction1-1DC-white,TopLeft,DebtReductionInc,0.0,0.0,Debt Settlement1 Master,LA,7500-15000,yahoo,search.yahoo.com,Get Out Of Debt,,help to get out of debt,http://www.debtreductioninc.com/index8.html,debt,302252,1DC,white,1,1
2009-05-06 11:29:33.737,unknown,w-300250-DebtReduction1-1DC-Head3,TopLeft,DebtReductionInc,0.0,0.0,Debt Settlement1 Master,NY,30001-50000,yahoo,search.yahoo.com,General Debt,,federal debt relief system,http://www.debtreductioninc.com/index8.html,debt,300250,1DC,Head3,1,1
2009-05-28 23:20:20.380,unknown,w-302252-DebtReduction1-1DC-white,TopLeft,DebtReductionInc,0.0,0.0,Debt Settlement1 Master,NV,50001-70000,yahoo,search.yahoo.com,Lower Payments,,lower bills,http://www.debtreductioninc.com/index8.html,lower_payment,302252,1DC,white,1,1
2009-04-19 12:40:45.070,unknown,w-300250-DebtReduction1-1DC-BlueMeter,TopLeft,DebtReductionInc,0.0,0.0,Debt Settlement1 Master,IL,7500-15000,yahoo,search.yahoo.com,General Debt,,clear my debts,http://www.debtreductioninc.com/index8.html,debt,300250,1DC,BlueMeter,1,1
2009-08-01 20:45:14.000,bad,w-302252-DebtReduction1-1DC-CreditSolutions,TopLeft,DebtReductionInc,3.0,3.0,creditsolutions-branded-shortform,IL,7500-15000,google,googleads.g.doubleclick.net,Credit Card Debt - high volume,,,http://www.debtreductioninc.com/index8.html,credit_general,302252,1DC,CreditSolutions,0,0
2009-09-23 12:34:10.547,unknown,w-302252-DebtReduction1-1DC-white,TopLeft,DebtReductionInc,5.0,5.0,Debt Settlement1 Master,MT,30001-50000,google,ezinearticles.com,Credit Card Debt - high volume,,,http://www.debtreductioninc.com/index8.html,credit_general,302252,1DC,white,0,0
2009-05-19 10:45:02.240,unknown,w-302252-DebtReduction1-1DC-white,TopLeft,DebtReductionInc,0.0,0.0,Debt Settlement1 Master,MT,More_than_100000,yahoo,www.findstuff.com,Consolidation Debt Loan,,,http://www.debtreductioninc.com/index8.html,consolidation,302252,1DC,white,1,1
2009-04-10 15:08:03.097,unknown,w-300250-DebtReduction1-2DC-BlueMeter,TopLeft,DebtReductionInc,0.0,0.0,Debt Settlement1 Master,MO,7500-15000,adknowledge,us.mc631.mail.yahoo.com,Consolidate,,,http://www.debtreductioninc.com/index8.html,consolidation,300250,2DC,BlueMeter,1,1
2009-04-19 17:09:43.687,unknown,w-300250-DebtReduction1-1DC,TopLeft,DebtReductionInc,0.0,0.0,Debt Settlement1 Master,MD,More_than_100000,yahoo,search.yahoo.com,Bankruptcy And Chapter 7,,maryland bankruptcy laws,http://www.debtreductioninc.com/index8.html,bankrup,300250,1DC,default,1,1
2009-05-14 10:37:19.000,bad,w-302252-DebtReduction1-1DC-white,TopLeft,DebtReductionInc,0.0,0.0,Debt Settlement1 Master,TX,More_than_100000,yahoo,search.yahoo.com,Debt Consolidation,,secured debt consolidation loans,http://www.debtreductioninc.com/index8.html,consolidation,302252,1DC,white,1,1
2009-04-27 18:09:42.547,unknown,w-300250-DebtReduction1-1DC-BlueMeter,TopLeft,DebtReductionInc,0.0,0.0,Debt Settlement1 Master,CA,7500-15000,google,www.google.com,Student Debt,Defaulted student loans,how to solve federal default student loans,http://www.debtreductioninc.com/index8.html,student_debt,300250,1DC,BlueMeter,1,1
2009-07-09 13:56:08.780,unknown,w-302252-DebtReduction1-1DC-CreditSolutions,TopLeft,DebtReductionInc,0.0,2.0,creditsolutions-branded-shortform,CA,30001-50000,google,www.google.com,Holding Tank - Debt,American debt,american debt association,http://www.debtreductioninc.com/index8.html,debt,302252,1DC,CreditSolutions,1,0
2009-04-11 00:00:00.000,closed,w-300250-DebtReduction1-2DC-BlueMeter,TopLeft,DebtReductionInc,0.0,0.0,Debt Settlement1 Master,IL,70001-90000,google,www.google.com,Holding Tank - Debt,Debt stoppers,debt stoppers,http://www.debtreductioninc.com/index8.html,debt,300250,2DC,BlueMeter,1,1
2009-07-26 05:56:26.360,unknown,w-302252-DebtReduction1-1DC-CreditSolutions,TopLeft,DebtReductionInc,5.0,2.0,creditsolutions-branded-shortform,MO,30001-50000,google,pagead2.googlesyndication.com,Credit Card Debt - high volume,,,http://www.debtreductioninc.com/index8.html,credit_general,302252,1DC,CreditSolutions,0,0
2009-07-07 12:34:33.730,unknown,w-302252-DebtReduction1-1DC-yellowarrow-blue,TopLeft,DebtReductionInc,0.0,3.0,Debt Settlement1 Master,TX,7500-15000,google,businessmajors.about.com,Student Debt,,,http://www.debtreductioninc.com/index8.html,student_debt,302252,1DC,yellowarrow-blue,1,0
2009-09-16 11:17:53.550,unknown,w-302252-DebtReduction1-1DC-CreditSolutions,TopLeft,DebtReductionInc,5.0,4.0,creditsolutions-branded-shortform,MA,7500-15000,google,www.google.com,Loan Default,Loan default help,default student loan assistance,http://www.debtreductioninc.com/index8.html,loan,302252,1DC,CreditSolutions,0,0
2009-05-05 13:16:49.827,unknown,w-300250-DebtReduction1-1DC-BlueMeter,TopLeft,DebtReductionInc,0.0,0.0,Debt Settlement1 Master,MO,More_than_100000,google,www.google.com,Student Debt,Student loan default,student loan consolidation default,http://www.debtreductioninc.com/index8.html,student_debt,300250,1DC,BlueMeter,1,1
2009-04-24 12:06:19.103,unknown,w-300250-DebtReduction1-1DC-BlueMeter,TopLeft,DebtReductionInc,0.0,0.0,Debt Settlement1 Master,FL,30001-50000,google,googleads.g.doubleclick.net,Stop Collections,,,http://www.debtreductioninc.com/index8.html,collection,300250,1DC,BlueMeter,1,1
2009-08-01 19:27:46.043,unknown,w-302252-DebtReduction1-1DC-CreditSolutions,TopLeft,DebtReductionInc,1.0,5.0,creditsolutions-branded-shortform,NY,20001-30000,yahoo,www.bediddle.com,Debt Consolidation,,,http://www.debtreductioninc.com/index8.html,consolidation,302252,1DC,CreditSolutions,0,0
2009-07-29 10:11:06.573,unknown,w-302252-DebtReduction1-1DC-CreditSolutions,TopLeft,DebtReductionInc,1.0,5.0,creditsolutions-branded-shortform,AZ,7500-15000,google,googleads.g.doubleclick.net,Credit Card Debt - high volume,,http://www.mydollarplan.com,http://www.debtreductioninc.com/index8.html,credit_general,302252,1DC,CreditSolutions,0,0
2009-06-15 18:26:03.000,bad,w-302252-DebtReduction1-1DC,TopLeft,DebtReductionInc,0.0,0.0,Debt Settlement1 Master,TX,20001-30000,adknowledge,intellimatch.org,Consolidate,,,http://www.debtreductioninc.com/index8.html,consolidation,302252,1DC,default,1,1
2009-07-28 17:32:11.050,unknown,w-302252-DebtReduction1-1DC-CreditSolutions,TopLeft,DebtReductionInc,5.0,3.0,creditsolutions-branded-shortform,FL,7500-15000,yahoo,search.yahoo.com,Lower Payments,,LOWER MY MORTGAGE,http://www.debtreductioninc.com/index8.html,lower_payment,302252,1DC,CreditSolutions,0,0
2009-08-19 12:58:08.850,unknown,w-302252-DebtReduction1-1DC-white,TopLeft,DebtReductionInc,5.0,5.0,Debt Settlement1 Master,IN,7500-15000,google,www.usatoday.com,Loan Default,Loans in default,college loan default money from gov,http://www.debtreductioninc.com/index8.html,loan,302252,1DC,white,0,0
2009-04-23 14:38:26.420,unknown,w-300250-DebtReduction1-2DC-CreditSolutions,TopLeft,DebtReductionInc,0.0,0.0,creditsolutions-branded-shortform,CA,20001-30000,yahoo,search.yahoo.com,General Debt,,champion debt relief,http://www.debtreductioninc.com/index8.html,debt,300250,2DC,CreditSolutions,1,1
2009-08-19 12:39:09.323,unknown,w-302252-DebtReduction1-1DC-yellowarrow-dark,TopLeft,DebtReductionInc,5.0,3.0,Debt Settlement1 Master,LA,More_than_100000,adknowledge,us.mc558.mail.yahoo.com,Consolidate,,,http://www.debtreductioninc.com/index8.html,consolidation,302252,1DC,yellowarrow-dark,0,0
2009-09-13 20:09:10.967,unknown,w-302252-DebtReduction1-1DC-CreditSolutions,TopLeft,DebtReductionInc,5.0,5.0,creditsolutions-branded-shortform,AL,70001-90000,google,www.google.com,Credit Card Debt,Credit card debt help,www.creditcarddebthelp.com,http://www.debtreductioninc.com/index12.html,credit_general,302252,1DC,CreditSolutions,0,0
2009-04-21 07:46:29.680,unknown,w-300250-DebtReduction1-1DC,TopLeft,DebtReductionInc,0.0,0.0,Debt Settlement1 Master,TX,7500-15000,yahoo,search.yahoo.com,Debt Advice,,debt advizor of texas,http://www.debtreductioninc.com/index8.html,debt,300250,1DC,default,1,1
2009-04-27 11:22:42.513,unknown,w-300250-DebtReduction1-1DC-BlueMeter,TopLeft,DebtReductionInc,0.0,0.0,Debt Settlement1 Master,IL,30001-50000,google,www.ehow.com,Student Debt,,,http://www.debtreductioninc.com/index8.html,student_debt,300250,1DC,BlueMeter,1,1
2009-05-12 14:09:39.137,unknown,w-302252-DebtReduction1-1DC-white,TopLeft,DebtReductionInc,0.0,0.0,Debt Settlement1 Master,MD,20001-30000,google,www.thecenter4debtmanagement.com,Holding Tank - Debt,Debt busters,,http://www.debtreductioninc.com/index8.html,debt,302252,1DC,white,1,1
2009-06-18 00:00:00.000,closed,w-302252-DebtReduction1-1DC-CreditSolutions,TopLeft,DebtReductionInc,0.0,0.0,creditsolutions-branded-shortform,MD,70001-90000,yahoo,www.lawyer.com,Filing Bankrupcy,,,http://www.debtreductioninc.com/index8.html,bankrup,302252,1DC,CreditSolutions,1,1
2009-06-18 00:00:00.000,closed,w-302252-DebtReduction1-1DC-CreditSolutions,TopLeft,DebtReductionInc,0.0,0.0,creditsolutions-branded-shortform,TX,20001-30000,yahoo,unknown,Debt Consolidation - high volume,,,http://www.debtreductioninc.com/index8.html,consolidation,302252,1DC,CreditSolutions,1,1
2009-04-24 15:32:18.293,unknown,w-300250-DebtReduction1-1DC-Head2,TopLeft,DebtReductionInc,0.0,0.0,Debt Settlement1 Master,TX,7500-15000,google,www.ehow.com,Student Debt,,,http://www.debtreductioninc.com/index8.html,student_debt,300250,1DC,Head2,1,1
2009-06-09 00:00:00.000,closed,w-302252-DebtReduction1-1DC-CreditSolutions,TopLeft,DebtReductionInc,0.0,0.0,creditsolutions-branded-shortform,AZ,7500-15000,google,www.google.com,Holding Tank - Debt,Debts,looking for old debts and how to fix them,http://www.debtreductioninc.com/index8.html,debt,302252,1DC,CreditSolutions,1,1
2009-05-16 18:28:23.743,unknown,w-302252-DebtReduction1-1DC-CreditSolutions,TopLeft,DebtReductionInc,0.0,0.0,creditsolutions-branded-shortform,AZ,20001-30000,google,www.google.com,Holding Tank - Debt,Debt law,debt law,http://www.debtreductioninc.com/index8.html,debt,302252,1DC,CreditSolutions,1,1
2009-07-23 19:14:42.670,unknown,w-302252-DebtReduction1-1DC-white,TopLeft,DebtReductionInc,3.0,3.0,Debt Settlement1 Master,WA,7500-15000,google,googleads.g.doubleclick.net,Student Debt,,,http://www.debtreductioninc.com/index12.html,student_debt,302252,1DC,white,0,0
2009-05-10 18:44:50.117,unknown,w-302252-DebtReduction1-1DC-CreditSolutions,TopLeft,DebtReductionInc,0.0,0.0,creditsolutions-branded-shortform,CA,50001-70000,yahoo,www.findstuff.com,Debt Consolidation,,,http://www.debtreductioninc.com/index8.html,consolidation,302252,1DC,CreditSolutions,1,1
2009-05-11 11:57:44.060,unknown,w-302252-DebtReduction1-1DC,TopLeft,DebtReductionInc,0.0,0.0,Debt Settlement1 Master,MD,15001-20000,google,ezinearticles.com,Student Debt,,,http://www.debtreductioninc.com/index8.html,student_debt,302252,1DC,default,1,1
2009-08-17 18:00:20.017,unknown,w-302252-DebtReduction1-1DC-yellowarrow-blue,TopLeft,DebtReductionInc,1.0,3.0,Debt Settlement1 Master,HI,7500-15000,google,www.allexperts.com,Credit Card Debt - high volume,,,http://www.debtreductioninc.com/index8.html,credit_general,302252,1DC,yellowarrow-blue,0,0
2009-06-23 11:21:52.307,unknown,w-302252-DebtReduction1-1DC-CreditSolutions,TopLeft,DebtReductionInc,0.0,0.0,creditsolutions-branded-shortform,NM,20001-30000,google,googleads.g.doubleclick.net,Debt Reduction,,,http://www.debtreductioninc.com/index12.html,debt,302252,1DC,CreditSolutions,1,1
2009-06-16 14:21:43.970,unknown,w-302252-DebtReduction1-1DC-CreditSolutions,TopLeft,DebtReductionInc,0.0,0.0,creditsolutions-branded-shortform,FL,30001-50000,google,googleads.g.doubleclick.net,Credit Card Debt - high volume,,,http://www.debtreductioninc.com/index8.html,credit_general,302252,1DC,CreditSolutions,1,1
2009-05-15 09:14:10.000,bad,w-302252-DebtReduction1-1DC,TopLeft,DebtReductionInc,0.0,0.0,Debt Settlement1 Master,MD,20001-30000,yahoo,guide-1.net,Credit Card Debt,,,http://www.debtreductioninc.com/index8.html,credit_general,302252,1DC,default,1,1
2009-09-03 16:19:16.000,bad,w-302252-DebtReduction1-1DC-CreditSolutions,TopLeft,DebtReductionInc,5.0,3.0,creditsolutions-branded-shortform,IL,7500-15000,yahoo,search.yahoo.com,Credit Card Reduction,,reducing credit card interest,http://www.debtreductioninc.com/index8.html,credit_general,302252,1DC,CreditSolutions,0,0
2009-05-31 00:00:00.000,good,w-302252-DebtReduction1-1DC-CreditSolutions,TopLeft,DebtReductionInc,0.0,0.0,creditsolutions-branded-shortform,VA,20001-30000,yahoo,search.yahoo.com,General Debt,,debt relief,http://www.debtreductioninc.com/index8.html,debt,302252,1DC,CreditSolutions,1,1
2009-05-05 23:34:38.670,unknown,w-300250-DebtReduction1-1DC-Head3,TopLeft,DebtReductionInc,0.0,0.0,Debt Settlement1 Master,MD,20001-30000,google,www.google.com,Holding Tank - Debt,Firstamericandebtrelief,firstamericandebtrelief.com,http://www.debtreductioninc.com/index8.html,debt,300250,1DC,Head3,1,1
2009-09-25 10:39:56.787,unknown,w-302252-DebtReduction1-1DC-CreditSolutions,TopLeft,DebtReductionInc,5.0,5.0,creditsolutions-branded-shortform,IL,7500-15000,yahoo,search.yahoo.com,Get Out Of Debt,,how to get rid of debt,http://www.debtreductioninc.com/index8.html,debt,302252,1DC,CreditSolutions,0,0
2009-09-21 11:23:23.123,unknown,w-302252-DebtReduction1-1DC-yellowarrow-blue,TopLeft,DebtReductionInc,5.0,3.0,Debt Settlement1 Master,FL,7500-15000,google,www.google.com,Debt,Debt,debt free stimulus,http://www.debtreductioninc.com/index8.html,debt,302252,1DC,yellowarrow-blue,0,0
2009-04-16 00:00:00.000,closed,w-300250-DebtReduction1-1DC-BlueMeter,TopLeft,DebtReductionInc,0.0,0.0,Debt Settlement1 Master,CA,20001-30000,google,www.google.com,Holding Tank - Debt,Rescue debt,rescue debt,http://www.debtreductioninc.com/index8.html,debt,300250,1DC,BlueMeter,1,1
2009-05-21 09:17:22.100,unknown,w-302252-DebtReduction1-1DC,TopLeft,DebtReductionInc,0.0,0.0,Debt Settlement1 Master,CA,30001-50000,yahoo,search.yahoo.com,Get Out Of Debt,,ways to get out of debt,http://www.debtreductioninc.com/index8.html,debt,302252,1DC,default,1,1
2009-05-20 07:44:55.580,unknown,w-302252-DebtReduction1-1DC-white,TopLeft,DebtReductionInc,0.0,0.0,Debt Settlement1 Master,MD,20001-30000,google,www.google.com,Student Debt,Student loan default,how to fix student loan default,http://www.debtreductioninc.com/index8.html,student_debt,302252,1DC,white,1,1
2009-08-03 00:00:00.000,good,w-302252-DebtReduction1-1DC-white,TopLeft,DebtReductionInc,5.0,3.0,Debt Settlement1 Master,VA,20001-30000,google,googleads.g.doubleclick.net,Credit Card Debt - high volume,,,http://www.debtreductioninc.com/index8.html,credit_general,302252,1DC,white,0,0
2009-04-30 13:28:27.607,unknown,w-300250-DebtReduction1-2DC-BlueMeter,TopLeft,DebtReductionInc,0.0,0.0,Debt Settlement1 Master,PA,90000-100000,google,search.mywebsearch.com,Credit Card Debt - high volume,,,http://www.debtreductioninc.com/index8.html,credit_general,300250,2DC,BlueMeter,1,1
2009-04-16 10:02:11.747,unknown,w-300250-DebtReduction1-1DC-CreditSolutions,TopLeft,DebtReductionInc,0.0,0.0,creditsolutions-branded-shortform,VA,7500-15000,yahoo,wwwwz.websearch.verizon.net,Debt Program,,,http://www.debtreductioninc.com/index8.html,debt,300250,1DC,CreditSolutions,1,1
2009-04-20 19:44:34.160,unknown,w-300250-DebtReduction1-1DC-Head3,TopLeft,DebtReductionInc,0.0,0.0,Debt Settlement1 Master,VA,30001-50000,adknowledge,us.mc632.mail.yahoo.com,Consolidate,,,http://www.debtreductioninc.com/index8.html,consolidation,300250,1DC,Head3,1,1
2009-08-14 00:00:00.000,closed,w-302252-DebtReduction1-1DC-yellowarrow-dark,TopLeft,DebtReductionInc,5.0,3.0,Debt Settlement1 Master,NY,7500-15000,google,www.google.com,Holding Tank - Debt,American debt,american debt association,http://www.debtreductioninc.com/index8.html,debt,302252,1DC,yellowarrow-dark,0,0
2009-09-14 09:42:07.063,unknown,w-302252-DebtReduction1-1DC-CreditSolutions,TopLeft,DebtReductionInc,5.0,5.0,creditsolutions-branded-shortform,VA,30001-50000,google,search.earthlink.net,Debt,Debt,creditcard debt,http://www.debtreductioninc.com/index8.html,debt,302252,1DC,CreditSolutions,0,0
2009-04-23 18:47:25.287,unknown,w-300250-DebtReduction1-1DC-Head2,TopLeft,DebtReductionInc,0.0,0.0,Debt Settlement1 Master,TX,7500-15000,yahoo,search.yahoo.com,Lower Payments,,how to refinance a car loan,http://www.debtreductioninc.com/index8.html,lower_payment,300250,1DC,Head2,1,1
2009-08-16 08:28:28.680,unknown,w-302252-DebtReduction1-1DC-CreditSolutions,TopLeft,DebtReductionInc,3.0,4.0,creditsolutions-branded-shortform,AR,15001-20000,yahoo,unknown,Student Debt - high volume,,,http://www.debtreductioninc.com/index8.html,student_debt,302252,1DC,CreditSolutions,0,0
2009-09-19 07:31:35.273,unknown,w-302252-DebtReduction1-1DC-CreditSolutions,TopLeft,DebtReductionInc,5.0,3.0,creditsolutions-branded-shortform,MA,90000-100000,google,ezinearticles.com,Credit Card Debt,,,http://www.debtreductioninc.com/index8.html,credit_general,302252,1DC,CreditSolutions,0,0
2009-06-11 18:39:07.543,unknown,w-302252-DebtReduction1-1DC-CreditSolutions,TopLeft,DebtReductionInc,0.0,0.0,creditsolutions-branded-shortform,CA,20001-30000,yahoo,search.yahoo.com,Debt Consolidation,,debt consolidation vs bankruptcy,http://www.debtreductioninc.com/index8.html,consolidation,302252,1DC,CreditSolutions,1,1
2009-04-09 10:03:32.850,unknown,w-300250-DebtReduction1-1DC-Head2,TopLeft,DebtReductionInc,0.0,0.0,Debt Settlement1 Master,IL,20001-30000,google,googleads.g.doubleclick.net,Student Debt,,,http://www.debtreductioninc.com/index8.html,student_debt,300250,1DC,Head2,1,1
2009-06-19 11:01:25.403,unknown,w-302252-DebtReduction1-1DC-CreditSolutions,TopLeft,DebtReductionInc,0.0,0.0,creditsolutions-branded-shortform,FL,7500-15000,yahoo,search.yahoo.com,Lower Payments,,how do i lower my car payment,http://www.debtreductioninc.com/index8.html,lower_payment,302252,1DC,CreditSolutions,1,1
2009-06-17 16:08:36.593,unknown,w-302252-DebtReduction1-1DC-CreditSolutions,TopLeft,DebtReductionInc,0.0,0.0,creditsolutions-branded-shortform,FL,7500-15000,google,ezinearticles.com,Credit Card Debt - high volume,,,http://www.debtreductioninc.com/index8.html,credit_general,302252,1DC,CreditSolutions,1,1
2009-06-26 16:42:56.230,unknown,w-302252-DebtReduction1-1DC,TopLeft,DebtReductionInc,0.0,5.0,Debt Settlement1 Master,TX,30001-50000,google,googleads.g.doubleclick.net,Online Settle,Internet debt settlement,,http://www.debtreductioninc.com/index8.html,settlement,302252,1DC,default,1,0
2009-08-12 09:27:11.717,unknown,w-302252-DebtReduction1-1DC-yellowarrow-blue,TopLeft,DebtReductionInc,5.0,3.0,Debt Settlement1 Master,MD,50001-70000,google,www.google.com,Debt,Debt,"best way to pay 61,000 in debt",http://www.debtreductioninc.com/index8.html,debt,302252,1DC,yellowarrow-blue,0,0
2009-04-30 17:50:27.040,unknown,w-300250-DebtReduction1-2DC-BlueMeter,TopLeft,DebtReductionInc,0.0,0.0,Debt Settlement1 Master,NM,15001-20000,google,www.wisegeek.com,Credit Card Debt - high volume,,,http://www.debtreductioninc.com/index8.html,credit_general,300250,2DC,BlueMeter,1,1
2009-08-25 13:56:14.970,unknown,w-302252-DebtReduction1-1DC-yellowarrow-blue,TopLeft,DebtReductionInc,5.0,3.0,Debt Settlement1 Master,CA,90000-100000,google,www.google.com,Lower Payments,Credit card payments,chase.com/credit card payment,http://www.debtreductioninc.com/index8.html,lower_payment,302252,1DC,yellowarrow-blue,0,0
2009-08-07 18:23:40.000,bad,w-302252-DebtReduction1-1DC-yellowarrow-dark,TopLeft,DebtReductionInc,1.0,2.0,Debt Settlement1 Master,MI,7500-15000,yahoo,search.yahoo.com,Credit Card Debt Consolidation Loan,,credit card debt consolidation loan in michigan,http://www.debtreductioninc.com/index8.html,credit_general,302252,1DC,yellowarrow-dark,0,0
2009-09-15 15:55:05.000,bad,w-302252-DebtReduction1-1DC-yellowarrow-dark,TopLeft,DebtReductionInc,5.0,5.0,Debt Settlement1 Master,OR,30001-50000,google,www.google.com,Loan Default,Loan default help,student loan default help,http://www.debtreductioninc.com/index8.html,loan,302252,1DC,yellowarrow-dark,0,0
2009-05-13 08:44:31.790,unknown,w-302252-DebtReduction1-1DC,TopLeft,DebtReductionInc,0.0,0.0,Debt Settlement1 Master,IN,90000-100000,yahoo,www.findstuff.com,Debt Consolidation,,,http://www.debtreductioninc.com/index8.html,consolidation,302252,1DC,default,1,1
2009-08-24 17:06:22.067,unknown,w-302252-DebtReduction1-1DC-yellowarrow-dark,TopLeft,DebtReductionInc,3.0,4.0,Debt Settlement1 Master,MD,15001-20000,google,www.doityourself.com,Credit Card Debt - high volume,,,http://www.debtreductioninc.com/index8.html,credit_general,302252,1DC,yellowarrow-dark,0,0
2009-05-10 12:18:51.423,unknown,w-302252-DebtReduction1-1DC-CreditSolutions,TopLeft,DebtReductionInc,0.0,0.0,creditsolutions-branded-shortform,MA,20001-30000,yahoo,search.yahoo.com,Credit Card Reduction,,credit card interest reduction,http://www.debtreductioninc.com/index8.html,credit_general,302252,1DC,CreditSolutions,1,1
2009-07-30 21:43:57.363,unknown,w-302252-DebtReduction1-1DC-CreditSolutions,TopLeft,DebtReductionInc,1.0,5.0,creditsolutions-branded-shortform,WV,7500-15000,yahoo,search.yahoo.com,General Debt,,government debt help,http://www.debtreductioninc.com/index8.html,debt,302252,1DC,CreditSolutions,0,0
2009-05-09 00:31:23.790,unknown,w-302252-DebtReduction1-1DC-white,TopLeft,DebtReductionInc,0.0,0.0,Debt Settlement1 Master,WV,30001-50000,google,www.google.com,Student Debt,Student loan default,defaulted student loan consolidation,http://www.debtreductioninc.com/index8.html,student_debt,302252,1DC,white,1,1
2009-05-20 09:26:36.000,bad,w-302252-DebtReduction1-1DC-CreditSolutions,TopLeft,DebtReductionInc,0.0,0.0,creditsolutions-branded-shortform,DC,50001-70000,google,www.ehow.com,Student Debt,,,http://www.debtreductioninc.com/index8.html,student_debt,302252,1DC,CreditSolutions,1,1
2009-07-13 10:36:36.877,unknown,w-302252-DebtReduction1-1DC,TopLeft,DebtReductionInc,5.0,5.0,Debt Settlement1 Master,CO,7500-15000,google,unknown,Student Debt,,,http://www.debtreductioninc.com/index11.html,student_debt,302252,1DC,default,0,0
2009-07-01 16:05:27.313,unknown,w-302252-DebtReduction1-1DC-CreditSolutions,TopLeft,DebtReductionInc,0.0,5.0,creditsolutions-branded-shortform,NV,7500-15000,google,pagead2.googlesyndication.com,Debt,Debt,,http://www.debtreductioninc.com/index8.html,debt,302252,1DC,CreditSolutions,1,0
2009-05-03 02:22:57.030,unknown,w-300250-DebtReduction1-1DC-Head2,TopLeft,DebtReductionInc,0.0,0.0,Debt Settlement1 Master,TX,7500-15000,google,www.ehow.com,Student Debt,,,http://www.debtreductioninc.com/index8.html,student_debt,300250,1DC,Head2,1,1
2009-05-14 12:38:29.853,unknown,w-302252-DebtReduction1-1DC,TopLeft,DebtReductionInc,0.0,0.0,Debt Settlement1 Master,LA,20001-30000,yahoo,www.findstuff.com,Debt Consolidation,,,http://www.debtreductioninc.com/index8.html,consolidation,302252,1DC,default,1,1
2009-09-16 12:48:55.587,unknown,w-302252-DebtReduction1-1DC-yellowarrow,TopLeft,DebtReductionInc,5.0,3.0,Debt Settlement1 Master,NY,7500-15000,yahoo,www.debtsolution.com,Credit Card Consolidation,,,http://www.debtreductioninc.com/index8.html,credit_general,302252,1DC,yellowarrow,0,0
2009-04-10 00:00:00.000,closed,w-300250-DebtReduction1-2DC-CreditSolutions,TopLeft,DebtReductionInc,0.0,0.0,creditsolutions-branded-shortform,CA,15001-20000,adknowledge,us.mc518.mail.yahoo.com,Consolidate,,,http://www.debtreductioninc.com/index8.html,consolidation,300250,2DC,CreditSolutions,1,1
2009-07-21 15:21:55.350,unknown,w-302252-DebtReduction1-1DC-CreditSolutions,TopLeft,DebtReductionInc,1.0,3.0,creditsolutions-branded-shortform,AZ,20001-30000,google,www.ask.com,How,How to fix credit,How to Fix Credit Myself,http://www.debtreductioninc.com/index12.html,other,302252,1DC,CreditSolutions,0,0
2009-07-14 13:19:53.000,bad,w-302252-DebtReduction1-1DC-yellowarrow-blue,TopLeft,DebtReductionInc,0.0,0.0,Debt Settlement1 Master,MD,90000-100000,google,unknown,Student Debt,,,http://www.debtreductioninc.com/index11.html,student_debt,302252,1DC,yellowarrow-blue,1,1
2009-04-08 04:06:44.717,unknown,w-300250-DebtReduction1-2DC-CreditSolutions,TopLeft,DebtReductionInc,0.0,0.0,creditsolutions-branded-shortform,FL,20001-30000,yahoo,wwwwp.find-assist.com,Debt Reduction,,,http://www.debtreductioninc.com/index8.html,debt,300250,2DC,CreditSolutions,1,1
2009-07-31 07:59:54.187,unknown,w-302252-DebtReduction1-1DC-CreditSolutions,TopLeft,DebtReductionInc,4.0,4.0,creditsolutions-branded-shortform,IN,30001-50000,google,www.doityourself.com,Credit Card Debt - high volume,,,http://www.debtreductioninc.com/index8.html,credit_general,302252,1DC,CreditSolutions,0,0
2009-07-29 14:32:04.877,unknown,w-302252-DebtReduction1-1DC-CreditSolutions,TopLeft,DebtReductionInc,5.0,3.0,creditsolutions-branded-shortform,MD,30001-50000,google,www.google.com,Holding Tank - Debt,Abc debt relief,abc debt relief,http://www.debtreductioninc.com/index8.html,debt,302252,1DC,CreditSolutions,0,0
2009-04-15 17:56:18.490,unknown,w-300250-DebtReduction1-1DC-BlueMeter,TopLeft,DebtReductionInc,0.0,0.0,Debt Settlement1 Master,CA,15001-20000,yahoo,search.yahoo.com,Bankruptcy And Chapter 7,,california banckruptcy,http://www.debtreductioninc.com/index8.html,bankrup,300250,1DC,BlueMeter,1,1
2009-05-14 17:27:29.697,unknown,w-302252-DebtReduction1-1DC,TopLeft,DebtReductionInc,0.0,0.0,Debt Settlement1 Master,TX,7500-15000,adknowledge,unknown,Consolidate,,,http://www.debtreductioninc.com/index8.html,consolidation,302252,1DC,default,1,1
2009-07-27 18:40:17.170,unknown,w-302252-DebtReduction1-1DC-CreditSolutions,TopLeft,DebtReductionInc,3.0,2.0,creditsolutions-branded-shortform,CA,7500-15000,google,www.google.com,Stop Collections,Credit collectors,credit collectors,http://www.debtreductioninc.com/index8.html,collection,302252,1DC,CreditSolutions,0,0
2009-08-11 09:42:18.020,unknown,w-302252-DebtReduction1-1DC-yellowarrow-dark,TopLeft,DebtReductionInc,5.0,5.0,Debt Settlement1 Master,CA,30001-50000,google,www.google.com,Lower Payments,Credit card payments,chase.com creditcards payment,http://www.debtreductioninc.com/index8.html,lower_payment,302252,1DC,yellowarrow-dark,0,0
2009-05-17 10:47:18.380,unknown,w-302252-DebtReduction1-1DC-white,TopLeft,DebtReductionInc,0.0,0.0,Debt Settlement1 Master,CA,7500-15000,google,www.google.com,Student Debt,Student loan default,student loan consolidation default,http://www.debtreductioninc.com/index8.html,student_debt,302252,1DC,white,1,1
2009-05-15 10:17:10.000,bad,w-302252-DebtReduction1-1DC-white,TopLeft,DebtReductionInc,0.0,0.0,Debt Settlement1 Master,CA,20001-30000,google,www.google.com,Holding Tank - Debt,Debt negotiation reviews,reviews debt settlement,http://www.debtreductioninc.com/index8.html,debt,302252,1DC,white,1,1
2009-07-23 12:50:08.000,bad,w-302252-DebtReduction1-1DC-CreditSolutions,TopLeft,DebtReductionInc,5.0,5.0,creditsolutions-branded-shortform,CA,7500-15000,google,www.soyouwanna.com,Student Debt,,,http://www.debtreductioninc.com/index12.html,student_debt,302252,1DC,CreditSolutions,0,0
2009-04-11 10:52:55.143,unknown,w-300250-DebtReduction1-1DC,TopLeft,DebtReductionInc,0.0,0.0,Debt Settlement1 Master,CA,20001-30000,google,www.google.com,How,How to fix credit,how to fix crediy,http://www.debtreductioninc.com/index8.html,other,300250,1DC,default,1,1
2009-06-01 00:00:00.000,good,w-302252-DebtReduction1-1DC-CreditSolutions,TopLeft,DebtReductionInc,0.0,0.0,creditsolutions-branded-shortform,CA,20001-30000,yahoo,search.yahoo.com,Debt Negotiation,,debtco,http://www.debtreductioninc.com/index8.html,debt,302252,1DC,CreditSolutions,1,1
2009-08-21 23:32:52.933,unknown,w-302252-DebtReduction1-1DC-white,TopLeft,DebtReductionInc,5.0,3.0,Debt Settlement1 Master,CA,30001-50000,google,pubads.g.doubleclick.net,Credit Card Debt - high volume,,,http://www.debtreductioninc.com/index8.html,credit_general,302252,1DC,white,0,0
2009-09-07 16:43:52.073,unknown,w-302252-DebtReduction1-1DC-yellowarrow-blue,TopLeft,DebtReductionInc,1.0,2.0,Debt Settlement1 Master,CA,More_than_100000,google,www.google.com,Holding Tank - Debt,Debts,"best way to handle $250, 000 in credit card debts",http://www.debtreductioninc.com/index8.html,debt,302252,1DC,yellowarrow-blue,0,0
2009-05-28 20:54:20.937,unknown,w-302252-DebtReduction1-1DC-white,TopLeft,DebtReductionInc,0.0,0.0,Debt Settlement1 Master,CT,30001-50000,google,googleads.g.doubleclick.net,Credit Card Debt - high volume,,,http://www.debtreductioninc.com/index8.html,credit_general,302252,1DC,white,1,1
2009-04-18 14:55:52.823,unknown,w-300250-DebtReduction1-2DC-CreditSolutions,TopLeft,DebtReductionInc,0.0,0.0,creditsolutions-branded-shortform,TX,7500-15000,google,searchportal.information.com,Student Debt,Student loan default,,http://www.debtreductioninc.com/index8.html,student_debt,300250,2DC,CreditSolutions,1,1
2009-06-02 08:04:42.743,unknown,w-302252-DebtReduction1-1DC-CreditSolutions,TopLeft,DebtReductionInc,0.0,0.0,creditsolutions-branded-shortform,FL,7500-15000,yahoo,search.yahoo.com,Student Debt,,default on private student loans,http://www.debtreductioninc.com/index8.html,student_debt,302252,1DC,CreditSolutions,1,1
2009-05-18 17:46:07.747,unknown,w-302252-DebtReduction1-1DC-CreditSolutions,TopLeft,DebtReductionInc,0.0,0.0,creditsolutions-branded-shortform,NM,15001-20000,google,www.sedoparking.com,Credit Card Debt - high volume,,,http://www.debtreductioninc.com/index8.html,credit_general,302252,1DC,CreditSolutions,1,1
2009-04-04 02:19:24.900,unknown,w-300250-DebtReduction1-1DC-white,TopLeft,DebtReductionInc,0.0,0.0,Debt Settlement1 Master,PA,7500-15000,adknowledge,us.mc635.mail.yahoo.com,Consolidate,,,http://www.debtreductioninc.com/index8.html,consolidation,300250,1DC,white,1,1
2009-04-24 06:47:21.080,unknown,w-300250-DebtReduction1-1DC-Head3,TopLeft,DebtReductionInc,0.0,0.0,Debt Settlement1 Master,VA,30001-50000,yahoo,bankruptcy.com,Chapter 13,,,http://www.debtreductioninc.com/index8.html,bankrup,300250,1DC,Head3,1,1
2009-08-23 01:55:12.237,unknown,w-302252-DebtReduction1-1DC-CreditSolutions,TopLeft,DebtReductionInc,1.0,2.0,creditsolutions-branded-shortform,IN,7500-15000,google,googleads.g.doubleclick.net,Debt Reduction,,,http://www.debtreductioninc.com/index12.html,debt,302252,1DC,CreditSolutions,0,0
2009-06-09 15:47:56.000,bad,w-302252-DebtReduction1-1DC-CreditSolutions,TopLeft,DebtReductionInc,0.0,0.0,creditsolutions-branded-shortform,FL,7500-15000,adknowledge,www.bing.com,Consolidate,,settle all your debt for cents on the $,http://www.debtreductioninc.com/index8.html,consolidation,302252,1DC,CreditSolutions,1,1
2009-05-18 01:50:12.940,unknown,w-302252-DebtReduction1-1DC-CreditSolutions,TopLeft,DebtReductionInc,0.0,0.0,creditsolutions-branded-shortform,SD,15001-20000,google,ezinearticles.com,Credit Card Debt - high volume,,,http://www.debtreductioninc.com/index8.html,credit_general,302252,1DC,CreditSolutions,1,1
2009-06-10 00:00:00.000,good,w-302252-DebtReduction1-1DC-CreditSolutions,TopLeft,DebtReductionInc,0.0,0.0,creditsolutions-branded-shortform,CA,15001-20000,google,googleads.g.doubleclick.net,Credit Card Debt - high volume,,,http://www.debtreductioninc.com/index8.html,credit_general,302252,1DC,CreditSolutions,1,1
2009-05-02 18:59:00.167,unknown,w-300250-DebtReduction1-2DC-BlueMeter,TopLeft,DebtReductionInc,0.0,0.0,Debt Settlement1 Master,AR,More_than_100000,yahoo,search.yahoo.com,Bankruptcy And Chapter 7,,bankruptcy law in arkansas,http://www.debtreductioninc.com/index8.html,bankrup,300250,2DC,BlueMeter,1,1
2009-06-01 00:00:00.000,closed,w-302252-DebtReduction1-1DC,TopLeft,DebtReductionInc,0.0,0.0,Debt Settlement1 Master,CA,20001-30000,google,www.google.com,Debt,Debt,debt free stimulus,http://www.debtreductioninc.com/index8.html,debt,302252,1DC,default,1,1
2009-07-12 13:08:42.160,unknown,w-302252-DebtReduction1-1DC,TopLeft,DebtReductionInc,5.0,5.0,Debt Settlement1 Master,MO,15001-20000,yahoo,search.yahoo.com,Credit Card Consolidation,,debt consolodation,http://www.debtreductioninc.com/index8.html,credit_general,302252,1DC,default,0,0
2009-08-22 17:26:14.560,unknown,w-302252-DebtReduction1-1DC-CreditSolutions,TopLeft,DebtReductionInc,5.0,3.0,creditsolutions-branded-shortform,IL,70001-90000,google,www.debtreductioninc.com,Debt Negotiation,,,http://www.debtreductioninc.com/index11.html,debt,302252,1DC,CreditSolutions,0,0
2009-08-29 12:16:04.000,bad,w-302252-DebtReduction1-1DC-CreditSolutions,TopLeft,DebtReductionInc,3.0,4.0,creditsolutions-branded-shortform,NY,7500-15000,adknowledge,unknown,Consolidate,,,http://www.debtreductioninc.com/index8.html,consolidation,302252,1DC,CreditSolutions,0,0
2009-07-24 16:31:36.170,unknown,w-302252-DebtReduction1-1DC-CreditSolutions,TopLeft,DebtReductionInc,5.0,5.0,creditsolutions-branded-shortform,FL,30001-50000,google,unknown,Lower Payments,,,http://www.debtreductioninc.com/index12.html,lower_payment,302252,1DC,CreditSolutions,0,0
2009-07-29 13:18:08.077,unknown,w-302252-DebtReduction1-1DC-white,TopLeft,DebtReductionInc,5.0,3.0,Debt Settlement1 Master,DC,7500-15000,google,googleads.g.doubleclick.net,How,debt,,http://www.debtreductioninc.com/index8.html,other,302252,1DC,white,0,0
2009-08-07 20:07:18.527,unknown,w-302252-DebtReduction1-1DC-CreditSolutions,TopLeft,DebtReductionInc,5.0,2.0,creditsolutions-branded-shortform,OK,7500-15000,google,www.google.com,Debt,Debt,debt stimulus,http://www.debtreductioninc.com/index8.html,debt,302252,1DC,CreditSolutions,0,0
2009-07-17 06:38:22.773,unknown,w-302252-DebtReduction1-1DC,TopLeft,DebtReductionInc,5.0,5.0,Debt Settlement1 Master,IL,20001-30000,google,googleads.g.doubleclick.net,Student Debt,,,http://www.debtreductioninc.com/index12.html,student_debt,302252,1DC,default,0,0
2009-08-26 16:15:09.080,unknown,w-302252-DebtReduction1-1DC-yellowarrow-dark,TopLeft,DebtReductionInc,5.0,2.0,Debt Settlement1 Master,PA,30001-50000,google,www.ehow.com,Credit Card Debt - high volume,,,http://www.debtreductioninc.com/index8.html,credit_general,302252,1DC,yellowarrow-dark,0,0
2009-07-28 11:46:14.463,unknown,w-302252-DebtReduction1-1DC-yellowarrow-blue,TopLeft,DebtReductionInc,5.0,5.0,Debt Settlement1 Master,LA,7500-15000,google,ezinearticles.com,Credit Card Debt - high volume,,,http://www.debtreductioninc.com/index8.html,credit_general,302252,1DC,yellowarrow-blue,0,0
2009-07-18 23:39:32.000,bad,w-302252-DebtReduction1-1DC-CreditSolutions,TopLeft,DebtReductionInc,3.0,3.0,creditsolutions-branded-shortform,CA,7500-15000,adknowledge,unknown,Consolidate,,,http://www.debtreductioninc.com/index8.html,consolidation,302252,1DC,CreditSolutions,0,0
2009-09-03 11:57:19.913,unknown,w-302252-DebtReduction1-1DC-yellowarrow-blue,TopLeft,DebtReductionInc,3.0,4.0,Debt Settlement1 Master,CA,50001-70000,google,www.google.com,Holding Tank - Debt,Debt loan,transcontinental lending group reviews debt loan,http://www.debtreductioninc.com/index8.html,debt,302252,1DC,yellowarrow-blue,0,0
2009-08-15 22:34:32.967,unknown,w-302252-DebtReduction1-1DC-yellowarrow-blue,TopLeft,DebtReductionInc,5.0,2.0,Debt Settlement1 Master,TX,50001-70000,google,www.google.com,Debt Reduction,Best debt reduction,best debt reduction,http://www.debtreductioninc.com/index8.html,debt,302252,1DC,yellowarrow-blue,0,0
2009-07-07 21:56:31.910,unknown,w-302252-DebtReduction1-1DC-yellowarrow-blue,TopLeft,DebtReductionInc,0.0,2.0,Debt Settlement1 Master,FL,7500-15000,google,www.ehow.com,Credit Card Debt - high volume,,,http://www.debtreductioninc.com/index8.html,credit_general,302252,1DC,yellowarrow-blue,1,0
2009-05-15 14:40:21.867,unknown,w-302252-DebtReduction1-1DC-white,TopLeft,DebtReductionInc,0.0,0.0,Debt Settlement1 Master,FL,20001-30000,adknowledge,us.mc01g.mail.yahoo.com,Consolidate,,,http://www.debtreductioninc.com/index8.html,consolidation,302252,1DC,white,1,1
2009-04-07 15:25:49.977,unknown,w-300250-DebtReduction1-1DC,TopLeft,DebtReductionInc,0.0,0.0,Debt Settlement1 Master,TX,20001-30000,yahoo,search.yahoo.com,About Bill Consolidation,,bill consolidation in texas,http://www.debtreductioninc.com/index8.html,consolidation,300250,1DC,default,1,1
2009-07-15 09:44:34.260,unknown,w-302252-DebtReduction1-1DC-CreditSolutions,TopLeft,DebtReductionInc,5.0,5.0,creditsolutions-branded-shortform,VA,15001-20000,google,www.sedoparking.com,Student Debt,,,http://www.debtreductioninc.com/index8.html,student_debt,302252,1DC,CreditSolutions,0,0
2009-07-20 09:21:03.533,unknown,w-302252-DebtReduction1-1DC-yellowarrow-blue,TopLeft,DebtReductionInc,5.0,5.0,Debt Settlement1 Master,NY,30001-50000,google,search.aol.com,Holding Tank - Debt,Debtrescueusa,debtrescueusa,http://www.debtreductioninc.com/index8.html,debt,302252,1DC,yellowarrow-blue,0,0
2009-06-29 18:22:37.440,unknown,w-302252-DebtReduction1-1DC,TopLeft,DebtReductionInc,0.0,2.0,Debt Settlement1 Master,MO,More_than_100000,google,collegesavings.about.com,Student Debt,,,http://www.debtreductioninc.com/index8.html,student_debt,302252,1DC,default,1,0
2009-05-20 17:29:52.417,unknown,w-302252-DebtReduction1-1DC-CreditSolutions,TopLeft,DebtReductionInc,0.0,0.0,creditsolutions-branded-shortform,TX,7500-15000,yahoo,search.yahoo.com,Credit Card Debt,,how to reduce credit card debt,http://www.debtreductioninc.com/index8.html,credit_general,302252,1DC,CreditSolutions,1,1
2009-05-27 08:59:33.443,unknown,w-302252-DebtReduction1-1DC-white,TopLeft,DebtReductionInc,0.0,0.0,Debt Settlement1 Master,FL,90000-100000,google,www.ehow.com,Student Debt,,,http://www.debtreductioninc.com/index8.html,student_debt,302252,1DC,white,1,1
2009-04-21 19:22:26.530,unknown,w-300250-DebtReduction1-1DC-Head3,TopLeft,DebtReductionInc,0.0,0.0,Debt Settlement1 Master,MA,7500-15000,google,www.google.com,Holding Tank - Debt,Debts cure,cura debt,http://www.debtreductioninc.com/index8.html,debt,300250,1DC,Head3,1,1
2009-08-17 13:49:04.000,bad,w-302252-DebtReduction1-1DC-yellowarrow-dark,TopLeft,DebtReductionInc,5.0,5.0,Debt Settlement1 Master,MD,15001-20000,google,ezinearticles.com,Consolidation,Consolidation loans,,http://www.debtreductioninc.com/index8.html,consolidation,302252,1DC,yellowarrow-dark,0,0
2009-07-01 15:56:27.620,unknown,w-302252-DebtReduction1-1DC-CreditSolutions,TopLeft,DebtReductionInc,0.0,3.0,creditsolutions-branded-shortform,CA,More_than_100000,google,www.google.com,Holding Tank - Debt,Legally erase your debt as seen on msnbc,legally erase your debt as seen on msnbc,http://www.debtreductioninc.com/index8.html,debt,302252,1DC,CreditSolutions,1,0
2009-05-18 16:46:08.160,unknown,w-302252-DebtReduction1-1DC,TopLeft,DebtReductionInc,0.0,0.0,Debt Settlement1 Master,CA,15001-20000,google,www.google.com,Holding Tank - Debt,Legally erase your debt as seen on msnbc,legally erase your debt as seen on msnbc,http://www.debtreductioninc.com/index8.html,debt,302252,1DC,default,1,1
2009-09-07 16:59:50.283,unknown,w-302252-DebtReduction1-1DC-CreditSolutions,TopLeft,DebtReductionInc,1.0,5.0,creditsolutions-branded-shortform,CO,70001-90000,google,www.google.com,Holding Tank - Debt,American debt,American Debt Associates,http://www.debtreductioninc.com/index8.html,debt,302252,1DC,CreditSolutions,0,0
2009-09-02 13:24:24.167,unknown,w-302252-DebtReduction1-1DC-yellowarrow-blue,TopLeft,DebtReductionInc,1.0,4.0,Debt Settlement1 Master,WV,90000-100000,google,pubads.g.doubleclick.net,Credit Card Debt - high volume,,,http://www.debtreductioninc.com/index8.html,credit_general,302252,1DC,yellowarrow-blue,0,0
2009-05-19 21:23:39.000,bad,w-302252-DebtReduction1-1DC-CreditSolutions,TopLeft,DebtReductionInc,0.0,0.0,creditsolutions-branded-shortform,MA,15001-20000,google,www.google.com,Debt Negotiation,Debt negotiation lawyer,attorney based debt settlement,http://www.debtreductioninc.com/index8.html,debt,302252,1DC,CreditSolutions,1,1
2009-04-16 04:31:14.100,unknown,w-300250-DebtReduction1-1DC,TopLeft,DebtReductionInc,0.0,0.0,Debt Settlement1 Master,VA,70001-90000,yahoo,search.yahoo.com,Bankruptcy And Chapter 13,,va bankruptcy laws,http://www.debtreductioninc.com/index8.html,bankrup,300250,1DC,default,1,1
2009-08-16 00:00:00.000,good,w-302252-DebtReduction1-1DC-yellowarrow-blue,TopLeft,DebtReductionInc,5.0,5.0,Debt Settlement1 Master,VA,7500-15000,google,www.google.com,Debt,Debt,freedom debt relief scam,http://www.debtreductioninc.com/index8.html,debt,302252,1DC,yellowarrow-blue,0,0
2009-04-21 21:37:25.773,unknown,w-300250-DebtReduction1-1DC-BlueMeter,TopLeft,DebtReductionInc,0.0,0.0,Debt Settlement1 Master,IN,20001-30000,google,www.ask.com,Debt Negotiation,Credit debt negotiation,what does debt negotiation do to your credit report?,http://www.debtreductioninc.com/index8.html,debt,300250,1DC,BlueMeter,1,1
2009-04-07 05:52:54.443,unknown,w-300250-DebtReduction1-2DC-BlueMeter,TopLeft,DebtReductionInc,0.0,0.0,Debt Settlement1 Master,MA,20001-30000,google,search6.info.com,Debt Credit Services,Credit services,,http://www.debtreductioninc.com/index8.html,credit_general,300250,2DC,BlueMeter,1,1
2009-04-03 11:53:30.343,unknown,w-300250-DebtReduction1-2DC-CreditSolutions,TopLeft,DebtReductionInc,0.0,0.0,creditsolutions-branded-shortform,TX,15001-20000,adknowledge,unknown,Consolidate,,,http://www.debtreductioninc.com/index8.html,consolidation,300250,2DC,CreditSolutions,1,1
2009-06-27 14:00:17.000,bad,w-302252-DebtReduction1-1DC-CreditSolutions,TopLeft,DebtReductionInc,0.0,5.0,creditsolutions-branded-shortform,AZ,30001-50000,google,search.aol.com,Debt Loan,Debt reduction loan,,http://www.debtreductioninc.com/index8.html,loan,302252,1DC,CreditSolutions,1,0
2009-05-19 00:00:00.000,closed,w-302252-DebtReduction1-1DC-CreditSolutions,TopLeft,DebtReductionInc,0.0,0.0,creditsolutions-branded-shortform,VA,30001-50000,google,www.google.com,Holding Tank - Debt,National debt initiative,National Debt Initiative,http://www.debtreductioninc.com/index8.html,debt,302252,1DC,CreditSolutions,1,1
2009-06-13 00:00:00.000,good,w-302252-DebtReduction1-1DC-CreditSolutions,TopLeft,DebtReductionInc,0.0,0.0,creditsolutions-branded-shortform,IN,7500-15000,yahoo,search.yahoo.com,Debt Consolidation,,free debt consolidation,http://www.debtreductioninc.com/index8.html,consolidation,302252,1DC,CreditSolutions,1,1
2009-06-27 18:22:49.817,unknown,w-302252-DebtReduction1-1DC-CreditSolutions,TopLeft,DebtReductionInc,0.0,2.0,creditsolutions-branded-shortform,IL,7500-15000,google,googleads.g.doubleclick.net,Student Debt,,,http://www.debtreductioninc.com/index8.html,student_debt,302252,1DC,CreditSolutions,1,0
2009-06-30 22:51:30.570,unknown,w-302252-DebtReduction1-1DC-CreditSolutions,TopLeft,DebtReductionInc,0.0,5.0,creditsolutions-branded-shortform,MI,70001-90000,google,googleads.g.doubleclick.net,Student Debt,,,http://www.debtreductioninc.com/index8.html,student_debt,302252,1DC,CreditSolutions,1,0
2009-07-21 10:13:15.000,bad,w-302252-DebtReduction1-1DC-white,TopLeft,DebtReductionInc,5.0,5.0,Debt Settlement1 Master,AL,30001-50000,google,aim.search.aol.com,Debt,Debt,legal debt restructuring,http://www.debtreductioninc.com/index8.html,debt,302252,1DC,white,0,0
2009-09-24 16:12:11.000,bad,w-302252-DebtReduction1-1DC-yellowarrow-blue,TopLeft,DebtReductionInc,2.0,2.0,Debt Settlement1 Master,WA,70001-90000,google,ezinearticles.com,Credit Card Debt - high volume,,,http://www.debtreductioninc.com/index8.html,credit_general,302252,1DC,yellowarrow-blue,0,0
2009-09-15 23:12:56.523,unknown,w-302252-DebtReduction1-1DC-CreditSolutions,TopLeft,DebtReductionInc,0.0,0.0,creditsolutions-branded-shortform,MI,7500-15000,google,www.google.com,Loan Default,Loan default help,help with defaulted student loans,http://www.debtreductioninc.com/index8.html,loan,302252,1DC,CreditSolutions,1,1
2009-07-21 01:03:59.460,unknown,w-302252-DebtReduction1-1DC-yellowarrow-blue,TopLeft,DebtReductionInc,5.0,3.0,Debt Settlement1 Master,TX,90000-100000,google,googleads.g.doubleclick.net,Student Debt,,,http://www.debtreductioninc.com/index12.html,student_debt,302252,1DC,yellowarrow-blue,0,0
2009-08-18 22:16:55.000,bad,w-302252-DebtReduction1-1DC-CreditSolutions,TopLeft,DebtReductionInc,5.0,4.0,creditsolutions-branded-shortform,AL,7500-15000,google,search.hp.my.aol.com,Holding Tank - Debt,Fair debt,fair debt collections,http://www.debtreductioninc.com/index8.html,debt,302252,1DC,CreditSolutions,0,0
2009-04-24 21:16:16.123,unknown,w-300250-DebtReduction1-2DC-CreditSolutions,TopLeft,DebtReductionInc,0.0,0.0,creditsolutions-branded-shortform,AL,50001-70000,google,www.ask.com,Holding Tank - Debt,Personal grants to pay off debts,Personal Grants to Pay off Debts,http://www.debtreductioninc.com/index8.html,debt,300250,2DC,CreditSolutions,1,1
2009-07-30 22:47:58.927,unknown,w-302252-DebtReduction1-1DC-CreditSolutions,TopLeft,DebtReductionInc,5.0,5.0,creditsolutions-branded-shortform,FL,70001-90000,google,googleads.g.doubleclick.net,Credit Card Debt - high volume,,,http://www.debtreductioninc.com/index8.html,credit_general,302252,1DC,CreditSolutions,0,0
2009-05-31 11:11:58.613,unknown,w-302252-DebtReduction1-1DC-CreditSolutions,TopLeft,DebtReductionInc,0.0,0.0,creditsolutions-branded-shortform,FL,7500-15000,google,www.debtreductioninc.com,How,How to fix your credit,,http://www.debtreductioninc.com/index11.html,other,302252,1DC,CreditSolutions,1,1
2009-08-02 23:11:40.077,unknown,w-302252-DebtReduction1-1DC-yellowarrow-blue,TopLeft,DebtReductionInc,5.0,5.0,Debt Settlement1 Master,AL,7500-15000,google,unknown,Credit Card Reduction,Credit card reducing,,http://www.debtreductioninc.com/index12.html,credit_general,302252,1DC,yellowarrow-blue,0,0
2009-06-13 13:55:15.000,bad,w-302252-DebtReduction1-1DC-white,TopLeft,DebtReductionInc,0.0,0.0,Debt Settlement1 Master,FL,15001-20000,google,ezinearticles.com,Student Debt,,,http://www.debtreductioninc.com/index8.html,student_debt,302252,1DC,white,1,1
2009-07-02 22:57:02.090,unknown,w-302252-DebtReduction1-1DC-yellowarrow-dark,TopLeft,DebtReductionInc,0.0,5.0,Debt Settlement1 Master,AL,30001-50000,google,googleads.g.doubleclick.net,Debt Consolidation Loan,Debt consolidation loan rate,,http://www.debtreductioninc.com/index8.html,consolidation,302252,1DC,yellowarrow-dark,1,0
2009-06-22 18:32:57.810,unknown,w-302252-DebtReduction1-1DC-yellowarrow-blue,TopLeft,DebtReductionInc,0.0,0.0,Debt Settlement1 Master,MO,50001-70000,google,www.ehow.com,Student Debt,,,http://www.debtreductioninc.com/index8.html,student_debt,302252,1DC,yellowarrow-blue,1,1
2009-04-04 17:22:19.583,unknown,w-300250-DebtReduction1-1DC-Head2,TopLeft,DebtReductionInc,0.0,0.0,Debt Settlement1 Master,MO,90000-100000,adknowledge,us.mc464.mail.yahoo.com,Consolidate,,,http://www.debtreductioninc.com/index8.html,consolidation,300250,1DC,Head2,1,1
2009-09-14 09:39:07.240,unknown,w-302252-DebtReduction1-1DC-CreditSolutions,TopLeft,DebtReductionInc,5.0,2.0,creditsolutions-branded-shortform,NY,7500-15000,google,www.google.com,Holding Tank - Debt,American ex debt,american ex debt msnbc,http://www.debtreductioninc.com/index8.html,debt,302252,1DC,CreditSolutions,0,0
2009-04-14 16:51:26.907,unknown,w-300250-DebtReduction1-2DC-BlueMeter,TopLeft,DebtReductionInc,0.0,0.0,Debt Settlement1 Master,NY,20001-30000,google,www.google.com,Debt Credit Services,Credit services,credit services,http://www.debtreductioninc.com/index8.html,credit_general,300250,2DC,BlueMeter,1,1
2009-07-02 23:39:01.937,unknown,w-302252-DebtReduction1-1DC-white,TopLeft,DebtReductionInc,0.0,3.0,Debt Settlement1 Master,NY,30001-50000,google,unknown,Student Debt,,,http://www.debtreductioninc.com/index11.html,student_debt,302252,1DC,white,1,0
2009-06-25 10:28:31.330,unknown,w-302252-DebtReduction1-1DC,TopLeft,DebtReductionInc,0.0,0.0,Debt Settlement1 Master,IL,50001-70000,google,searchportal.information.com,Student Debt,Student loan default,,http://www.debtreductioninc.com/index8.html,student_debt,302252,1DC,default,1,1
2009-06-18 21:02:28.757,unknown,w-302252-DebtReduction1-1DC-CreditSolutions,TopLeft,DebtReductionInc,0.0,0.0,creditsolutions-branded-shortform,IA,20001-30000,google,googleads.g.doubleclick.net,Credit Card Debt - high volume,,,http://www.debtreductioninc.com/index8.html,credit_general,302252,1DC,CreditSolutions,1,1
2009-07-08 07:30:04.000,bad,w-302252-DebtReduction1-1DC-yellowarrow-blue,TopLeft,DebtReductionInc,0.0,4.0,Debt Settlement1 Master,FL,7500-15000,google,searchportal.information.com,Student Debt,Student loan default,,http://www.debtreductioninc.com/index8.html,student_debt,302252,1DC,yellowarrow-blue,1,0
2009-06-16 22:43:41.563,unknown,w-302252-DebtReduction1-1DC-CreditSolutions,TopLeft,DebtReductionInc,0.0,0.0,creditsolutions-branded-shortform,IL,More_than_100000,yahoo,search.yahoo.com,General Debt,,federal debt relief act,http://www.debtreductioninc.com/index8.html,debt,302252,1DC,CreditSolutions,1,1
2009-05-10 09:11:53.910,unknown,w-302252-DebtReduction1-1DC-white,TopLeft,DebtReductionInc,0.0,0.0,Debt Settlement1 Master,IA,30001-50000,google,www.mediacomtoday.com,How,How do i lower credit cards,,http://www.debtreductioninc.com/index8.html,other,302252,1DC,white,1,1
2009-08-19 06:28:09.987,unknown,w-302252-DebtReduction1-1DC-yellowarrow-blue,TopLeft,DebtReductionInc,5.0,5.0,Debt Settlement1 Master,IL,7500-15000,yahoo,mm.chitika.net,Debt Consolidation,,,http://www.debtreductioninc.com/index8.html,consolidation,302252,1DC,yellowarrow-blue,0,0
2009-06-13 16:49:01.607,unknown,w-302252-DebtReduction1-1DC-CreditSolutions,TopLeft,DebtReductionInc,0.0,0.0,creditsolutions-branded-shortform,IL,20001-30000,yahoo,payoffstudentloansdebt.com,Debt Consolidation - high volume,,,http://www.debtreductioninc.com/index8.html,consolidation,302252,1DC,CreditSolutions,1,1
2009-05-20 09:26:54.820,unknown,w-302252-DebtReduction1-1DC-CreditSolutions,TopLeft,DebtReductionInc,0.0,0.0,creditsolutions-branded-shortform,AL,15001-20000,yahoo,search.yahoo.com,Lower Payments,,how to lower monthly bills,http://www.debtreductioninc.com/index8.html,lower_payment,302252,1DC,CreditSolutions,1,1
2009-05-04 09:54:47.827,unknown,w-300250-DebtReduction1-1DC-Head3,TopLeft,DebtReductionInc,0.0,0.0,Debt Settlement1 Master,IA,7500-15000,yahoo,search.yahoo.com,Chapter 7 Bankruptcy,,bankruptcy laws,http://www.debtreductioninc.com/index8.html,bankrup,300250,1DC,Head3,1,1
2009-06-07 16:28:58.603,unknown,w-302252-DebtReduction1-1DC-CreditSolutions,TopLeft,DebtReductionInc,0.0,0.0,creditsolutions-branded-shortform,IL,30001-50000,google,www.google.com,Holding Tank - Debt,Superior debt relief reviews,superior debt relief reviews,http://www.debtreductioninc.com/index8.html,debt,302252,1DC,CreditSolutions,1,1
2009-05-23 15:07:03.000,unknown,w-302252-DebtReduction1-1DC-white,TopLeft,DebtReductionInc,0.0,0.0,Debt Settlement1 Master,IA,30001-50000,google,www.google.com,Student Debt,Student loan default,student loan consolidation default,http://www.debtreductioninc.com/index8.html,student_debt,302252,1DC,white,1,1
2009-06-22 21:32:55.757,unknown,w-302252-DebtReduction1-1DC-yellowarrow-blue,TopLeft,DebtReductionInc,0.0,0.0,Debt Settlement1 Master,IA,7500-15000,google,search.aol.com,Credit Consolidation,Credit consolidation iowa,,http://www.debtreductioninc.com/index12.html,credit_general,302252,1DC,yellowarrow-blue,1,1
2009-06-18 00:07:34.460,unknown,w-302252-DebtReduction1-1DC-CreditSolutions,TopLeft,DebtReductionInc,0.0,0.0,creditsolutions-branded-shortform,IA,7500-15000,yahoo,search.pch.com,Credit Card Debt,,debt solution,http://www.debtreductioninc.com/index8.html,credit_general,302252,1DC,CreditSolutions,1,1
2009-07-27 10:32:45.000,bad,w-302252-DebtReduction1-1DC-yellowarrow-blue,TopLeft,DebtReductionInc,3.0,4.0,Debt Settlement1 Master,TX,20001-30000,google,unknown,Student Debt,,,http://www.debtreductioninc.com/index11.html,student_debt,302252,1DC,yellowarrow-blue,0,0
2009-06-11 19:29:25.000,bad,w-302252-DebtReduction1-1DC-CreditSolutions,TopLeft,DebtReductionInc,0.0,0.0,creditsolutions-branded-shortform,MA,More_than_100000,google,unknown,How,debt,,http://www.debtreductioninc.com/index8.html,other,302252,1DC,CreditSolutions,1,1
2009-07-26 20:28:23.790,unknown,w-302252-DebtReduction1-1DC-CreditSolutions,TopLeft,DebtReductionInc,5.0,5.0,creditsolutions-branded-shortform,PA,30001-50000,google,search.hp.my.aol.com,General Debt - high volume,Debt advice,debtadvice.org,http://www.debtreductioninc.com/index8.html,debt,302252,1DC,CreditSolutions,0,0
2009-05-14 00:00:00.000,closed,w-302252-DebtReduction1-1DC,TopLeft,DebtReductionInc,0.0,0.0,Debt Settlement1 Master,CA,7500-15000,adknowledge,unknown,Consolidate,,,http://www.debtreductioninc.com/index8.html,consolidation,302252,1DC,default,1,1
2009-06-15 18:29:50.517,unknown,w-302252-DebtReduction1-1DC,TopLeft,DebtReductionInc,0.0,0.0,Debt Settlement1 Master,CA,50001-70000,google,googleads.g.doubleclick.net,Student Debt,,,http://www.debtreductioninc.com/index8.html,student_debt,302252,1DC,default,1,1
2009-06-26 22:39:18.000,bad,w-302252-DebtReduction1-1DC-CreditSolutions,TopLeft,DebtReductionInc,0.0,5.0,creditsolutions-branded-shortform,CA,7500-15000,google,unknown,How,How do i rid of credit cards,,http://www.debtreductioninc.com/index11.html,other,302252,1DC,CreditSolutions,1,0
2009-04-29 18:28:42.000,bad,w-300250-DebtReduction1-2DC-BlueMeter,TopLeft,DebtReductionInc,0.0,0.0,Debt Settlement1 Master,NY,30001-50000,google,businessmajors.about.com,Student Debt,,,http://www.debtreductioninc.com/index8.html,student_debt,300250,2DC,BlueMeter,1,1
2009-06-09 00:00:00.000,closed,w-302252-DebtReduction1-1DC-CreditSolutions,TopLeft,DebtReductionInc,0.0,0.0,creditsolutions-branded-shortform,VA,30001-50000,yahoo,search.yahoo.com,Filing Bankrupcy,,filing bankruptcy in virginia,http://www.debtreductioninc.com/index8.html,bankrup,302252,1DC,CreditSolutions,1,1
2009-08-30 19:11:41.783,unknown,w-302252-DebtReduction1-1DC-CreditSolutions,TopLeft,DebtReductionInc,5.0,5.0,creditsolutions-branded-shortform,NY,30001-50000,google,domains.googlesyndication.com,Credit Card Debt - high volume,,,http://www.debtreductioninc.com/index8.html,credit_general,302252,1DC,CreditSolutions,0,0
2009-05-19 00:00:00.000,good,w-302252-DebtReduction1-1DC-CreditSolutions,TopLeft,DebtReductionInc,0.0,0.0,creditsolutions-branded-shortform,TX,30001-50000,google,www.google.com,Holding Tank - Debt,Consumer debt initiative,consumer debt initiative,http://www.debtreductioninc.com/index8.html,debt,302252,1DC,CreditSolutions,1,1
2009-07-10 00:00:00.000,closed,w-302252-DebtReduction1-1DC-yellowarrow-blue,TopLeft,DebtReductionInc,5.0,3.0,Debt Settlement1 Master,TX,15001-20000,google,www.google.com,Holding Tank - Debt,Kevin trudeau's debt cures,kevin trudeau's debt cures,http://www.debtreductioninc.com/index8.html,debt,302252,1DC,yellowarrow-blue,0,0
2009-09-15 00:00:00.000,good,w-302252-DebtReduction1-1DC-CreditSolutions,TopLeft,DebtReductionInc,5.0,3.0,creditsolutions-branded-shortform,CA,7500-15000,yahoo,wwwwz.websearch.verizon.net,Credit Card Consolidation,,,http://www.debtreductioninc.com/index8.html,credit_general,302252,1DC,CreditSolutions,0,0
2009-05-31 03:29:00.997,unknown,w-302252-DebtReduction1-1DC-CreditSolutions,TopLeft,DebtReductionInc,0.0,0.0,creditsolutions-branded-shortform,CA,7500-15000,google,www.google.com,Lower Payments,Credit card payments,www.chase.com creditcards payment,http://www.debtreductioninc.com/index8.html,lower_payment,302252,1DC,CreditSolutions,1,1
2009-06-09 19:50:41.390,unknown,w-302252-DebtReduction1-1DC,TopLeft,DebtReductionInc,0.0,0.0,Debt Settlement1 Master,CA,50001-70000,yahoo,search.yahoo.com,Filing Bankrupcy,,filing +bankruptsy in ca,http://www.debtreductioninc.com/index8.html,bankrup,302252,1DC,default,1,1
2009-07-17 20:33:39.000,bad,w-302252-DebtReduction1-1DC-yellowarrow-blue,TopLeft,DebtReductionInc,2.0,4.0,Debt Settlement1 Master,MD,7500-15000,yahoo,search.yahoo.com,Debt Consolidation Loan,,business loan consolidation,http://www.debtreductioninc.com/index8.html,consolidation,302252,1DC,yellowarrow-blue,0,0
2009-05-17 15:38:16.573,unknown,w-302252-DebtReduction1-1DC-white,TopLeft,DebtReductionInc,0.0,0.0,Debt Settlement1 Master,FL,More_than_100000,google,www.google.com,Holding Tank - Debt,Reduce credit card balances,lower credit card balance,http://www.debtreductioninc.com/index8.html,debt,302252,1DC,white,1,1
2009-09-07 00:00:00.000,closed,w-302252-DebtReduction1-1DC-yellowarrow,TopLeft,DebtReductionInc,5.0,3.0,Debt Settlement1 Master,FL,15001-20000,yahoo,search.yahoo.com,Debt Consolidation,,government debt help,http://www.debtreductioninc.com/index8.html,consolidation,302252,1DC,yellowarrow,0,0
2009-04-27 17:09:43.070,unknown,w-300250-DebtReduction1-2DC-BlueMeter,TopLeft,DebtReductionInc,0.0,0.0,Debt Settlement1 Master,MD,30001-50000,google,www.google.com,Credit Services,Credit services co,credit services co,http://www.debtreductioninc.com/index8.html,credit_general,300250,2DC,BlueMeter,1,1
2009-09-13 14:25:11.977,unknown,w-302252-DebtReduction1-1DC-white,TopLeft,DebtReductionInc,5.0,5.0,Debt Settlement1 Master,MD,7500-15000,google,unknown,Credit Card Debt,,,http://www.debtreductioninc.com/index8.html,credit_general,302252,1DC,white,0,0
2009-04-22 00:00:00.000,closed,w-300250-DebtReduction1-1DC-CreditSolutions,TopLeft,DebtReductionInc,0.0,0.0,creditsolutions-branded-shortform,VA,More_than_100000,yahoo,search.yahoo.com,Credit Card Reduction,,lowering credit cards payments,http://www.debtreductioninc.com/index8.html,credit_general,300250,1DC,CreditSolutions,1,1
2009-04-11 09:45:19.000,bad,w-300250-DebtReduction1-2DC-CreditSolutions,TopLeft,DebtReductionInc,0.0,0.0,creditsolutions-branded-shortform,DC,30001-50000,google,www.google.com,Debt Credit Services,Credit services,credit services,http://www.debtreductioninc.com/index8.html,credit_general,300250,2DC,CreditSolutions,1,1
2009-09-13 22:56:09.653,unknown,w-302252-DebtReduction1-1DC-CreditSolutions,TopLeft,DebtReductionInc,5.0,5.0,creditsolutions-branded-shortform,MD,More_than_100000,google,encyclopedia.thefreedictionary.com,Debt,Debt,,http://www.debtreductioninc.com/index8.html,debt,302252,1DC,CreditSolutions,0,0
2009-06-08 18:09:51.143,unknown,w-302252-DebtReduction1-1DC-CreditSolutions,TopLeft,DebtReductionInc,0.0,0.0,creditsolutions-branded-shortform,MD,50001-70000,yahoo,search.yahoo.com,Chapter 13 Bankruptcy,,filing chapter 13,http://www.debtreductioninc.com/index8.html,bankrup,302252,1DC,CreditSolutions,1,1
2009-06-11 21:29:05.700,unknown,w-302252-DebtReduction1-1DC-CreditSolutions,TopLeft,DebtReductionInc,0.0,0.0,creditsolutions-branded-shortform,MD,7500-15000,google,googleads.g.doubleclick.net,Credit Card Debt - high volume,,,http://www.debtreductioninc.com/index8.html,credit_general,302252,1DC,CreditSolutions,1,1
2009-04-10 22:52:59.883,unknown,w-300250-DebtReduction1-1DC,TopLeft,DebtReductionInc,0.0,0.0,Debt Settlement1 Master,NY,7500-15000,yahoo,search.yahoo.com,General Debt,,debt relief,http://www.debtreductioninc.com/index8.html,debt,300250,1DC,default,1,1
2009-07-22 00:38:52.793,unknown,w-302252-DebtReduction1-1DC-CreditSolutions,TopLeft,DebtReductionInc,5.0,3.0,creditsolutions-branded-shortform,PA,20001-30000,google,ezinearticles.com,Credit Card Debt - high volume,,,http://www.debtreductioninc.com/index8.html,credit_general,302252,1DC,CreditSolutions,0,0
2009-07-17 09:45:23.533,unknown,w-302252-DebtReduction1-1DC,TopLeft,DebtReductionInc,5.0,3.0,Debt Settlement1 Master,MD,7500-15000,google,www.google.com,Holding Tank - Debt,American debt,american debt resolution services,http://www.debtreductioninc.com/index8.html,debt,302252,1DC,default,0,0
2009-07-26 17:08:23.650,unknown,w-302252-DebtReduction1-1DC-CreditSolutions,TopLeft,DebtReductionInc,5.0,3.0,creditsolutions-branded-shortform,VA,7500-15000,yahoo,search.yahoo.com,General Debt,,debt managemment,http://www.debtreductioninc.com/index8.html,debt,302252,1DC,CreditSolutions,0,0
2009-04-27 20:48:41.857,unknown,w-300250-DebtReduction1-1DC-Head2,TopLeft,DebtReductionInc,0.0,0.0,Debt Settlement1 Master,VA,90000-100000,google,www.google.com,Holding Tank - Debt,Credit counselor,american credit counseling,http://www.debtreductioninc.com/index8.html,debt,300250,1DC,Head2,1,1
2009-06-10 00:34:39.313,unknown,w-302252-DebtReduction1-1DC,TopLeft,DebtReductionInc,0.0,0.0,Debt Settlement1 Master,VA,50001-70000,yahoo,search.yahoo.com,Chapter 7 Bankruptcy,,chapter11,http://www.debtreductioninc.com/index8.html,bankrup,302252,1DC,default,1,1
2009-06-08 01:35:56.457,unknown,w-302252-DebtReduction1-1DC,TopLeft,DebtReductionInc,0.0,0.0,Debt Settlement1 Master,NY,7500-15000,google,googleads.g.doubleclick.net,How,debt,,http://www.debtreductioninc.com/index8.html,other,302252,1DC,default,1,1
2009-08-17 17:56:19.667,unknown,w-302252-DebtReduction1-1DC-CreditSolutions,TopLeft,DebtReductionInc,1.0,3.0,creditsolutions-branded-shortform,FL,More_than_100000,yahoo,www.bankruptcy.com,Debt Company,,,http://www.debtreductioninc.com/index8.html,debt,302252,1DC,CreditSolutions,0,0
2009-08-27 00:00:00.000,closed,w-302252-DebtReduction1-1DC-CreditSolutions,TopLeft,DebtReductionInc,5.0,5.0,creditsolutions-branded-shortform,FL,50001-70000,google,www.google.com,Holding Tank - Debt,Www debt com,www.debt.com,http://www.debtreductioninc.com/index8.html,debt,302252,1DC,CreditSolutions,0,0
2009-05-24 07:03:03.037,unknown,w-302252-DebtReduction1-1DC,TopLeft,DebtReductionInc,0.0,0.0,Debt Settlement1 Master,MI,50001-70000,google,ezinearticles.com,Student Debt,,,http://www.debtreductioninc.com/index8.html,student_debt,302252,1DC,default,1,1
2009-08-01 04:26:48.937,unknown,w-302252-DebtReduction1-1DC-yellowarrow-dark,TopLeft,DebtReductionInc,5.0,5.0,Debt Settlement1 Master,MD,30001-50000,yahoo,search.yahoo.com,Consolidation Program,,best debt consolidation programs,http://www.debtreductioninc.com/index8.html,consolidation,302252,1DC,yellowarrow-dark,0,0
2009-08-01 19:35:48.357,unknown,w-302252-DebtReduction1-1DC-yellowarrow-dark,TopLeft,DebtReductionInc,5.0,4.0,Debt Settlement1 Master,MD,7500-15000,google,googleads.g.doubleclick.net,Credit Card Debt - high volume,,,http://www.debtreductioninc.com/index8.html,credit_general,302252,1DC,yellowarrow-dark,0,0
2009-08-05 00:00:00.000,good,w-302252-DebtReduction1-1DC-CreditSolutions,TopLeft,DebtReductionInc,5.0,4.0,creditsolutions-branded-shortform,OR,30001-50000,google,googleads.g.doubleclick.net,Credit Card Debt - high volume,,,http://www.debtreductioninc.com/index8.html,credit_general,302252,1DC,CreditSolutions,0,0
2009-04-30 14:26:27.113,unknown,w-300250-DebtReduction1-2DC-CreditSolutions,TopLeft,DebtReductionInc,0.0,0.0,creditsolutions-branded-shortform,WV,7500-15000,google,www.google.com,Student Debt,Defaulted student loans,assistance for defaulted student loans,http://www.debtreductioninc.com/index8.html,student_debt,300250,2DC,CreditSolutions,1,1
2009-09-14 00:00:00.000,good,w-302252-DebtReduction1-1DC-yellowarrow,TopLeft,DebtReductionInc,1.0,2.0,Debt Settlement1 Master,WV,7500-15000,google,ezinearticles.com,Consolidation,Debt consolidate help,,http://www.debtreductioninc.com/index8.html,consolidation,302252,1DC,yellowarrow,0,0
2009-08-25 00:00:00.000,closed,w-302252-DebtReduction1-1DC-CreditSolutions,TopLeft,DebtReductionInc,5.0,5.0,creditsolutions-branded-shortform,WV,7500-15000,adknowledge,us.mg3.mail.yahoo.com,Consolidate,,,http://www.debtreductioninc.com/index8.html,consolidation,302252,1DC,CreditSolutions,0,0
2009-08-03 00:00:00.000,closed,w-302252-DebtReduction1-1DC-CreditSolutions,TopLeft,DebtReductionInc,3.0,3.0,creditsolutions-branded-shortform,WV,7500-15000,google,www.tiphero.com,Holding Tank - Debt,Eliminate your credit card debt,,http://www.debtreductioninc.com/index8.html,debt,302252,1DC,CreditSolutions,0,0
2009-07-28 16:54:11.340,unknown,w-302252-DebtReduction1-1DC-CreditSolutions,TopLeft,DebtReductionInc,1.0,4.0,creditsolutions-branded-shortform,WV,7500-15000,yahoo,search.yahoo.com,Debt Consolidate,,i want to consolidate my bills,http://www.debtreductioninc.com/index8.html,consolidation,302252,1DC,CreditSolutions,0,0
2009-08-21 21:06:53.417,unknown,w-302252-DebtReduction1-1DC-CreditSolutions,TopLeft,DebtReductionInc,5.0,5.0,creditsolutions-branded-shortform,WV,7500-15000,yahoo,search.yahoo.com,Credit Card Consolidation,,debt consolidation,http://www.debtreductioninc.com/index8.html,credit_general,302252,1DC,CreditSolutions,0,0
2009-08-08 22:36:18.870,unknown,w-302252-DebtReduction1-1DC-yellowarrow-dark,TopLeft,DebtReductionInc,5.0,3.0,Debt Settlement1 Master,WV,30001-50000,google,search.shareazaweb.com,Debt Credit Services,Credit services,csc credit services,http://www.debtreductioninc.com/index12.html,credit_general,302252,1DC,yellowarrow-dark,0,0
2009-06-07 16:55:58.767,unknown,w-302252-DebtReduction1-1DC,TopLeft,DebtReductionInc,0.0,0.0,Debt Settlement1 Master,WV,15001-20000,google,home.suddenlink.net,Holding Tank - Debt,Master debt,,http://www.debtreductioninc.com/index8.html,debt,302252,1DC,default,1,1
2009-08-24 00:00:00.000,closed,w-302252-DebtReduction1-1DC-yellowarrow-dark,TopLeft,DebtReductionInc,1.0,5.0,Debt Settlement1 Master,WV,7500-15000,google,unknown,Credit Card Settlement,Credit card settlement,,http://www.debtreductioninc.com/index11.html,credit_general,302252,1DC,yellowarrow-dark,0,0
2009-08-21 22:10:53.073,unknown,w-302252-DebtReduction1-1DC-CreditSolutions,TopLeft,DebtReductionInc,3.0,4.0,creditsolutions-branded-shortform,WV,7500-15000,google,results.mindspark.com,Debt,Debt,,http://www.debtreductioninc.com/index8.html,debt,302252,1DC,CreditSolutions,0,0
2009-08-28 10:46:31.000,bad,w-302252-DebtReduction1-1DC-white,TopLeft,DebtReductionInc,5.0,5.0,Debt Settlement1 Master,WV,30001-50000,google,unknown,Credit Services,Credit services mt,,http://www.debtreductioninc.com/index11.html,credit_general,302252,1DC,white,0,0
2009-09-30 21:00:20.080,unknown,w-302252-DebtReduction1-1DC-CreditSolutions,TopLeft,DebtReductionInc,4.0,5.0,creditsolutions-branded-shortform,WV,7500-15000,yahoo,search.yahoo.com,Credit Card Consolidation,,credit consolidation loans,http://www.debtreductioninc.com/index8.html,credit_general,302252,1DC,CreditSolutions,0,0
2009-09-13 00:00:00.000,good,w-302252-DebtReduction1-1DC-yellowarrow,TopLeft,DebtReductionInc,3.0,3.0,Debt Settlement1 Master,WV,7500-15000,google,www.finweb.com,Consolidation,How to consolidate credit card debt,,http://www.debtreductioninc.com/index8.html,consolidation,302252,1DC,yellowarrow,0,0
2009-08-11 07:17:17.400,unknown,w-302252-DebtReduction1-1DC-yellowarrow-blue,TopLeft,DebtReductionInc,5.0,5.0,Debt Settlement1 Master,WV,50001-70000,yahoo,search.yahoo.com,Debt Consolidation,,home debt consolidation,http://www.debtreductioninc.com/index8.html,consolidation,302252,1DC,yellowarrow-blue,0,0
2009-07-24 19:07:00.000,bad,w-302252-DebtReduction1-1DC-CreditSolutions,TopLeft,DebtReductionInc,5.0,3.0,creditsolutions-branded-shortform,WV,15001-20000,google,googleads.g.doubleclick.net,Student Debt,,,http://www.debtreductioninc.com/index12.html,student_debt,302252,1DC,CreditSolutions,0,0
2009-09-11 15:30:24.180,unknown,w-302252-DebtReduction1-1DC-CreditSolutions,TopLeft,DebtReductionInc,5.0,5.0,creditsolutions-branded-shortform,WV,7500-15000,google,searchportal.information.com,Lower Payments,Credit card payments,,http://www.debtreductioninc.com/index8.html,lower_payment,302252,1DC,CreditSolutions,0,0
2009-08-13 09:08:06.240,unknown,w-302252-DebtReduction1-1DC-yellowarrow-blue,TopLeft,DebtReductionInc,1.0,3.0,Debt Settlement1 Master,WV,20001-30000,google,ezinearticles.com,Credit Card Debt - high volume,,,http://www.debtreductioninc.com/index8.html,credit_general,302252,1DC,yellowarrow-blue,0,0
2009-06-11 14:51:12.140,unknown,w-302252-DebtReduction1-1DC-CreditSolutions,TopLeft,DebtReductionInc,0.0,0.0,creditsolutions-branded-shortform,MA,30001-50000,yahoo,search.yahoo.com,Credit Card Debt,,credit card negotiating debt,http://www.debtreductioninc.com/index8.html,credit_general,302252,1DC,CreditSolutions,1,1
2009-06-19 18:32:11.933,unknown,w-302252-DebtReduction1-1DC-CreditSolutions,TopLeft,DebtReductionInc,0.0,0.0,creditsolutions-branded-shortform,TX,More_than_100000,yahoo,www.bankrupcyinfo.com,Bankruptcy (LV),,,http://www.debtreductioninc.com/index8.html,bankrup,302252,1DC,CreditSolutions,1,1
2009-05-08 14:47:23.197,unknown,w-302252-DebtReduction1-1DC-white,TopLeft,DebtReductionInc,0.0,0.0,Debt Settlement1 Master,TX,7500-15000,yahoo,search.yahoo.com,General Debt,,ways to keep tract of bills properly to prevent debt,http://www.debtreductioninc.com/index8.html,debt,302252,1DC,white,1,1
2009-06-10 20:34:13.420,unknown,w-302252-DebtReduction1-1DC-CreditSolutions,TopLeft,DebtReductionInc,0.0,0.0,creditsolutions-branded-shortform,MI,7500-15000,yahoo,search.yahoo.com,Bankruptcy,,can i file bankruptcy now that im divorced,http://www.debtreductioninc.com/index8.html,bankrup,302252,1DC,CreditSolutions,1,1
2009-08-17 21:37:02.000,bad,w-302252-DebtReduction1-1DC-white,TopLeft,DebtReductionInc,4.0,3.0,Debt Settlement1 Master,CO,7500-15000,google,www.google.com,Holding Tank - Debt,Debt cures,debt cures,http://www.debtreductioninc.com/index8.html,debt,302252,1DC,white,0,0
2009-05-15 12:45:21.807,unknown,w-302252-DebtReduction1-1DC-CreditSolutions,TopLeft,DebtReductionInc,0.0,0.0,creditsolutions-branded-shortform,CO,7500-15000,yahoo,unknown,About Bill Consolidation,,,http://www.debtreductioninc.com/index8.html,consolidation,302252,1DC,CreditSolutions,1,1
2009-09-28 20:48:38.640,unknown,w-302252-DebtReduction1-1DC-white,TopLeft,DebtReductionInc,4.0,3.0,Debt Settlement1 Master,AZ,20001-30000,yahoo,webhelp.qwest.net,Personal Debt Consolidation Loan,,,http://www.debtreductioninc.com/index8.html,consolidation,302252,1DC,white,0,0
2009-08-13 01:31:10.000,bad,w-302252-DebtReduction1-1DC-CreditSolutions,TopLeft,DebtReductionInc,3.0,2.0,creditsolutions-branded-shortform,AZ,7500-15000,yahoo,www.topdebtconsolidationcenter.com,Get Out Of Debt,,,http://www.debtreductioninc.com/index8.html,debt,302252,1DC,CreditSolutions,0,0
2009-05-26 22:31:36.937,unknown,w-302252-DebtReduction1-1DC,TopLeft,DebtReductionInc,0.0,0.0,Debt Settlement1 Master,AZ,7500-15000,google,www.wikihow.com,Credit Card Debt - high volume,,,http://www.debtreductioninc.com/index8.html,credit_general,302252,1DC,default,1,1
2009-09-06 14:35:57.840,unknown,w-302252-DebtReduction1-1DC-yellowarrow,TopLeft,DebtReductionInc,1.0,4.0,Debt Settlement1 Master,AZ,7500-15000,google,googleads.g.doubleclick.net,Lower Payments,,,http://www.debtreductioninc.com/index12.html,lower_payment,302252,1DC,yellowarrow,0,0
2009-07-15 12:47:55.000,bad,w-302252-DebtReduction1-1DC-CreditSolutions,TopLeft,DebtReductionInc,1.0,2.0,creditsolutions-branded-shortform,PA,30001-50000,google,unknown,Student Debt,,,http://www.debtreductioninc.com/index11.html,student_debt,302252,1DC,CreditSolutions,0,0
2009-05-03 09:19:55.270,unknown,w-300250-DebtReduction1-1DC-BlueMeter,TopLeft,DebtReductionInc,0.0,0.0,Debt Settlement1 Master,MI,20001-30000,google,www.google.com,Credit Services,Credit services in michigan,reputable free credit services in Michigan,http://www.debtreductioninc.com/index8.html,credit_general,300250,1DC,BlueMeter,1,1
2009-08-22 00:41:51.513,unknown,w-302252-DebtReduction1-1DC-CreditSolutions,TopLeft,DebtReductionInc,5.0,5.0,creditsolutions-branded-shortform,FL,More_than_100000,google,www.google.com,Lower Payments,Lower mortgage payments,gauranteed to lower monthly mogtgage payment,http://www.debtreductioninc.com/index8.html,lower_payment,302252,1DC,CreditSolutions,0,0
2009-07-03 07:34:59.163,unknown,w-302252-DebtReduction1-1DC-yellowarrow-dark,TopLeft,DebtReductionInc,0.0,3.0,Debt Settlement1 Master,NE,15001-20000,google,unknown,Student Debt,,,http://www.debtreductioninc.com/index12.html,student_debt,302252,1DC,yellowarrow-dark,1,0
2009-06-08 11:45:51.783,unknown,w-302252-DebtReduction1-1DC-CreditSolutions,TopLeft,DebtReductionInc,0.0,0.0,creditsolutions-branded-shortform,MI,20001-30000,google,unknown,Student Debt,,,http://www.debtreductioninc.com/index12.html,student_debt,302252,1DC,CreditSolutions,1,1
2009-04-27 20:32:40.503,unknown,w-300250-DebtReduction1-1DC-CreditSolutions,TopLeft,DebtReductionInc,0.0,0.0,creditsolutions-branded-shortform,TX,7500-15000,google,www.google.com,Holding Tank - Debt,Credit counselor,cambridge credit counseling services,http://www.debtreductioninc.com/index8.html,debt,300250,1DC,CreditSolutions,1,1
2009-05-04 20:11:46.827,unknown,w-300250-DebtReduction1-1DC-BlueMeter,TopLeft,DebtReductionInc,0.0,0.0,Debt Settlement1 Master,CT,30001-50000,google,www.google.com,Student Debt,Defaulted student loans,paying back defaulted student loans,http://www.debtreductioninc.com/index8.html,student_debt,300250,1DC,BlueMeter,1,1
2009-07-16 16:56:26.643,unknown,w-302252-DebtReduction1-1DC-CreditSolutions,TopLeft,DebtReductionInc,5.0,3.0,creditsolutions-branded-shortform,TX,20001-30000,google,googleads.g.doubleclick.net,Student Debt,,,http://www.debtreductioninc.com/index12.html,student_debt,302252,1DC,CreditSolutions,0,0
2009-07-18 20:18:12.763,unknown,w-302252-DebtReduction1-1DC-CreditSolutions,TopLeft,DebtReductionInc,5.0,3.0,creditsolutions-branded-shortform,MO,7500-15000,google,googleads.g.doubleclick.net,Settlement,Debt settlement settlement,,http://www.debtreductioninc.com/index8.html,settlement,302252,1DC,CreditSolutions,0,0
2009-07-13 12:37:59.000,bad,w-302252-DebtReduction1-1DC-CreditSolutions,TopLeft,DebtReductionInc,1.0,2.0,creditsolutions-branded-shortform,CA,90000-100000,google,googleads.g.doubleclick.net,Student Debt,,http://getoutofdebt.org,http://www.debtreductioninc.com/index12.html,student_debt,302252,1DC,CreditSolutions,0,0
2009-05-15 13:49:21.897,unknown,w-302252-DebtReduction1-1DC-white,TopLeft,DebtReductionInc,0.0,0.0,Debt Settlement1 Master,IL,7500-15000,adknowledge,us.mc815.mail.yahoo.com,Consolidate,,,http://www.debtreductioninc.com/index8.html,consolidation,302252,1DC,white,1,1
2009-06-16 17:05:57.000,bad,w-302252-DebtReduction1-1DC-CreditSolutions,TopLeft,DebtReductionInc,0.0,0.0,creditsolutions-branded-shortform,NM,7500-15000,yahoo,search.yahoo.com,Student Debt,,default student loans,http://www.debtreductioninc.com/index8.html,student_debt,302252,1DC,CreditSolutions,1,1
2009-06-03 15:08:32.287,unknown,w-302252-DebtReduction1-1DC-CreditSolutions,TopLeft,DebtReductionInc,0.0,0.0,creditsolutions-branded-shortform,CO,7500-15000,google,www.ask.com,Lower Payments,Lower monthly car payments,How do I lower a monthly car payment,http://www.debtreductioninc.com/index8.html,lower_payment,302252,1DC,CreditSolutions,1,1
2009-07-09 17:17:07.690,unknown,w-302252-DebtReduction1-1DC-yellowarrow-blue,TopLeft,DebtReductionInc,0.0,5.0,Debt Settlement1 Master,MA,7500-15000,google,search28.info.com,Lower Payments,Credit card payments,,http://www.debtreductioninc.com/index8.html,lower_payment,302252,1DC,yellowarrow-blue,1,0
2009-04-20 13:07:36.247,unknown,w-300250-DebtReduction1-1DC-CreditSolutions,TopLeft,DebtReductionInc,0.0,0.0,creditsolutions-branded-shortform,CA,90000-100000,google,googleads.g.doubleclick.net,Debt Credit Services,,,http://www.debtreductioninc.com/index8.html,credit_general,300250,1DC,CreditSolutions,1,1
2009-07-02 11:49:23.730,unknown,w-302252-DebtReduction1-1DC,TopLeft,DebtReductionInc,0.0,5.0,Debt Settlement1 Master,FL,7500-15000,google,www.google.com,Holding Tank - Debt,Debt calculator,debt calculator,http://www.debtreductioninc.com/index8.html,debt,302252,1DC,default,1,0
2009-07-09 02:04:11.310,unknown,w-302252-DebtReduction1-1DC,TopLeft,DebtReductionInc,0.0,3.0,Debt Settlement1 Master,CA,30001-50000,google,www.google.com,Holding Tank - Debt,Www debt com,www.debt.com,http://www.debtreductioninc.com/index8.html,debt,302252,1DC,default,1,0
2009-09-23 12:17:10.867,unknown,w-302252-DebtReduction1-1DC-yellowarrow,TopLeft,DebtReductionInc,5.0,2.0,Debt Settlement1 Master,WA,7500-15000,google,ezinearticles.com,Debt Services,,,http://www.debtreductioninc.com/index8.html,debt,302252,1DC,yellowarrow,0,0
2009-07-28 00:00:00.000,closed,w-302252-DebtReduction1-1DC-CreditSolutions,TopLeft,DebtReductionInc,5.0,5.0,creditsolutions-branded-shortform,CO,20001-30000,google,www.google.com,Holding Tank - Debt,Debt cures they don t want you to know about,debt cures they don't want you to know about,http://www.debtreductioninc.com/index8.html,debt,302252,1DC,CreditSolutions,0,0
2009-06-05 11:22:19.607,unknown,w-302252-DebtReduction1-1DC-CreditSolutions,TopLeft,DebtReductionInc,0.0,0.0,creditsolutions-branded-shortform,VA,7500-15000,yahoo,search.yahoo.com,General Debt,,online debt help,http://www.debtreductioninc.com/index8.html,debt,302252,1DC,CreditSolutions,1,1
2009-07-28 12:01:15.347,unknown,w-302252-DebtReduction1-1DC-yellowarrow-blue,TopLeft,DebtReductionInc,5.0,3.0,Debt Settlement1 Master,TX,7500-15000,yahoo,central.search-help.sprint.net,Debt Consolidation,,,http://www.debtreductioninc.com/index8.html,consolidation,302252,1DC,yellowarrow-blue,0,0
2009-04-03 06:22:32.593,unknown,w-300250-DebtReduction1-1DC-Head2,TopLeft,DebtReductionInc,0.0,0.0,Debt Settlement1 Master,VA,30001-50000,adknowledge,sz0029.wc.mail.comcast.net,Consolidate,,,http://www.debtreductioninc.com/index8.html,consolidation,300250,1DC,Head2,1,1
2009-07-06 15:03:16.000,bad,w-302252-DebtReduction1-1DC-CreditSolutions,TopLeft,DebtReductionInc,0.0,3.0,creditsolutions-branded-shortform,FL,7500-15000,google,googleads.g.doubleclick.net,Credit Card Debt - high volume,,,http://www.debtreductioninc.com/index8.html,credit_general,302252,1DC,CreditSolutions,1,0
2009-05-21 18:59:21.000,bad,w-302252-DebtReduction1-1DC-CreditSolutions,TopLeft,DebtReductionInc,0.0,0.0,creditsolutions-branded-shortform,MD,7500-15000,google,ezinearticles.com,How,debt,,http://www.debtreductioninc.com/index8.html,other,302252,1DC,CreditSolutions,1,1
2009-07-29 08:55:06.783,unknown,w-302252-DebtReduction1-1DC-yellowarrow-blue,TopLeft,DebtReductionInc,5.0,5.0,Debt Settlement1 Master,AL,20001-30000,google,googleads.g.doubleclick.net,Debt Negotiation,,,http://www.debtreductioninc.com/index8.html,debt,302252,1DC,yellowarrow-blue,0,0
2009-05-05 14:19:40.317,unknown,w-300250-DebtReduction1-1DC-BlueMeter,TopLeft,DebtReductionInc,0.0,0.0,Debt Settlement1 Master,AL,More_than_100000,google,googleads.g.doubleclick.net,Student Debt,,,http://www.debtreductioninc.com/index8.html,student_debt,300250,1DC,BlueMeter,1,1
2009-06-17 10:16:39.977,unknown,w-302252-DebtReduction1-1DC-CreditSolutions,TopLeft,DebtReductionInc,0.0,0.0,creditsolutions-branded-shortform,AL,70001-90000,yahoo,search6.info.com,Debt Consolidation,,,http://www.debtreductioninc.com/index8.html,consolidation,302252,1DC,CreditSolutions,1,1
2009-05-14 00:00:00.000,closed,w-302252-DebtReduction1-1DC,TopLeft,DebtReductionInc,0.0,0.0,Debt Settlement1 Master,NM,70001-90000,adknowledge,unknown,Consolidate,,,http://www.debtreductioninc.com/index8.html,consolidation,302252,1DC,default,1,1
2009-04-07 10:35:51.990,unknown,w-300250-DebtReduction1-1DC-Head3,TopLeft,DebtReductionInc,0.0,0.0,Debt Settlement1 Master,LA,15001-20000,google,www.google.com,Holding Tank - Debt,Government debt relief grants,government debt relief grants,http://www.debtreductioninc.com/index8.html,debt,300250,1DC,Head3,1,1
2009-07-10 15:47:01.827,unknown,w-302252-DebtReduction1-1DC-CreditSolutions,TopLeft,DebtReductionInc,0.0,3.0,creditsolutions-branded-shortform,LA,7500-15000,adknowledge,webmaila.juno.com,Consolidate,,,http://www.debtreductioninc.com/index8.html,consolidation,302252,1DC,CreditSolutions,1,0
2009-05-21 00:00:00.000,closed,w-302252-DebtReduction1-1DC-CreditSolutions,TopLeft,DebtReductionInc,0.0,0.0,creditsolutions-branded-shortform,OK,70001-90000,yahoo,search.yahoo.com,General Debt,,www.freedom debt relief.com,http://www.debtreductioninc.com/index8.html,debt,302252,1DC,CreditSolutions,1,1
2009-04-30 06:56:16.780,unknown,w-300250-DebtReduction1-1DC-CreditSolutions,TopLeft,DebtReductionInc,0.0,0.0,creditsolutions-branded-shortform,FL,20001-30000,google,www.google.com,Debt,Debt,Debt Corp?,http://www.debtreductioninc.com/index8.html,debt,300250,1DC,CreditSolutions,1,1
2009-06-14 20:49:54.047,unknown,w-302252-DebtReduction1-1DC-CreditSolutions,TopLeft,DebtReductionInc,0.0,0.0,creditsolutions-branded-shortform,VA,7500-15000,google,www.google.com,Holding Tank - Debt,Debt clear scam,debt clear scam,http://www.debtreductioninc.com/index8.html,debt,302252,1DC,CreditSolutions,1,1
2009-09-16 00:00:00.000,good,w-302252-DebtReduction1-1DC-white,TopLeft,DebtReductionInc,5.0,5.0,Debt Settlement1 Master,SD,30001-50000,google,ezinearticles.com,How,debt,,http://www.debtreductioninc.com/index8.html,other,302252,1DC,white,0,0
2009-07-25 00:00:00.000,closed,w-302252-DebtReduction1-1DC-white,TopLeft,DebtReductionInc,5.0,3.0,Debt Settlement1 Master,TX,7500-15000,google,googleads.g.doubleclick.net,Credit Card Debt - high volume,,,http://www.debtreductioninc.com/index8.html,credit_general,302252,1DC,white,0,0
2009-07-14 18:38:29.893,unknown,w-302252-DebtReduction1-1DC-white,TopLeft,DebtReductionInc,5.0,5.0,Debt Settlement1 Master,FL,70001-90000,google,ezinearticles.com,Student Debt,,,http://www.debtreductioninc.com/index12.html,student_debt,302252,1DC,white,0,0
2009-04-24 08:40:20.183,unknown,w-300250-DebtReduction1-2DC-CreditSolutions,TopLeft,DebtReductionInc,0.0,0.0,creditsolutions-branded-shortform,MO,15001-20000,yahoo,search.yahoo.com,Bankruptcy,,when to file bankruptcy,http://www.debtreductioninc.com/index8.html,bankrup,300250,2DC,CreditSolutions,1,1
2009-07-10 05:09:03.273,unknown,w-302252-DebtReduction1-1DC-CreditSolutions,TopLeft,DebtReductionInc,0.0,5.0,creditsolutions-branded-shortform,FL,30001-50000,google,www.google.com,Holding Tank - Debt,Consumer debt advocate,consumer debt advocate,http://www.debtreductioninc.com/index8.html,debt,302252,1DC,CreditSolutions,1,0
2009-07-11 21:41:45.547,unknown,w-302252-DebtReduction1-1DC-white,TopLeft,DebtReductionInc,1.0,2.0,Debt Settlement1 Master,TX,More_than_100000,google,www.ehow.com,Student Debt,,,http://www.debtreductioninc.com/index8.html,student_debt,302252,1DC,white,0,0
2009-07-15 00:00:00.000,good,w-302252-DebtReduction1-1DC,TopLeft,DebtReductionInc,5.0,5.0,Debt Settlement1 Master,IL,More_than_100000,google,googleads.g.doubleclick.net,Student Debt,,,http://www.debtreductioninc.com/index12.html,student_debt,302252,1DC,default,0,0
2009-06-30 02:10:35.750,unknown,w-302252-DebtReduction1-1DC-CreditSolutions,TopLeft,DebtReductionInc,0.0,3.0,creditsolutions-branded-shortform,FL,More_than_100000,google,unknown,Student Debt,,,http://www.debtreductioninc.com/index8.html,student_debt,302252,1DC,CreditSolutions,1,0
2009-07-27 16:42:19.787,unknown,w-302252-DebtReduction1-1DC-white,TopLeft,DebtReductionInc,5.0,5.0,Debt Settlement1 Master,CT,30001-50000,google,www.google.com,Student Debt,Student loan default,help with student loans in default,http://www.debtreductioninc.com/index8.html,student_debt,302252,1DC,white,0,0
2009-08-20 14:26:02.100,unknown,w-302252-DebtReduction1-1DC-white,TopLeft,DebtReductionInc,5.0,5.0,Debt Settlement1 Master,TX,7500-15000,google,credit.about.com,Credit Card Debt - high volume,,,http://www.debtreductioninc.com/index8.html,credit_general,302252,1DC,white,0,0
2009-05-28 07:34:25.213,unknown,w-302252-DebtReduction1-1DC-CreditSolutions,TopLeft,DebtReductionInc,0.0,0.0,creditsolutions-branded-shortform,FL,More_than_100000,adknowledge,unknown,Consolidate,,,http://www.debtreductioninc.com/index8.html,consolidation,302252,1DC,CreditSolutions,1,1
2009-08-12 12:10:10.210,unknown,w-302252-DebtReduction1-1DC-CreditSolutions,TopLeft,DebtReductionInc,5.0,5.0,creditsolutions-branded-shortform,NY,90000-100000,google,searchportal.information.com,Credit Card Debt - high volume,,,http://www.debtreductioninc.com/index8.html,credit_general,302252,1DC,CreditSolutions,0,0
2009-06-06 15:37:06.637,unknown,w-302252-DebtReduction1-1DC-CreditSolutions,TopLeft,DebtReductionInc,0.0,0.0,creditsolutions-branded-shortform,NE,15001-20000,google,www.webcrawler.com,Holding Tank - Debt,Work typing,,http://www.debtreductioninc.com/index8.html,debt,302252,1DC,CreditSolutions,1,1
2009-04-21 00:00:00.000,closed,w-300250-DebtReduction1-1DC-CreditSolutions,TopLeft,DebtReductionInc,0.0,0.0,creditsolutions-branded-shortform,AL,7500-15000,yahoo,guide.opendns.com,Debt Credit Services,,,http://www.debtreductioninc.com/index8.html,credit_general,300250,1DC,CreditSolutions,1,1
2009-07-23 12:37:44.503,unknown,w-302252-DebtReduction1-1DC-CreditSolutions,TopLeft,DebtReductionInc,4.0,3.0,creditsolutions-branded-shortform,TX,7500-15000,google,www.soyouwanna.com,Student Debt,,,http://www.debtreductioninc.com/index8.html,student_debt,302252,1DC,CreditSolutions,0,0
2009-08-20 15:01:00.647,unknown,w-302252-DebtReduction1-1DC-CreditSolutions,TopLeft,DebtReductionInc,5.0,2.0,creditsolutions-branded-shortform,CO,30001-50000,google,www.google.com,Lower Payments,Credit card payments,chase.com creditcards payment,http://www.debtreductioninc.com/index8.html,lower_payment,302252,1DC,CreditSolutions,0,0
2009-08-07 00:00:00.000,closed,w-302252-DebtReduction1-1DC-white,TopLeft,DebtReductionInc,5.0,5.0,Debt Settlement1 Master,NY,15001-20000,google,credit.about.com,General Debt,Debt assistance,,http://www.debtreductioninc.com/index8.html,debt,302252,1DC,white,0,0
2009-07-16 00:00:00.000,good,w-302252-DebtReduction1-1DC-CreditSolutions,TopLeft,DebtReductionInc,5.0,5.0,creditsolutions-branded-shortform,MI,7500-15000,adknowledge,unknown,Consolidate,,,http://www.debtreductioninc.com/index8.html,consolidation,302252,1DC,CreditSolutions,0,0
2009-06-07 14:43:59.283,unknown,w-302252-DebtReduction1-1DC-white,TopLeft,DebtReductionInc,0.0,0.0,Debt Settlement1 Master,NY,30001-50000,adknowledge,unknown,Consolidate,,,http://www.debtreductioninc.com/index8.html,consolidation,302252,1DC,white,1,1
2009-08-19 13:24:07.787,unknown,w-302252-DebtReduction1-1DC-CreditSolutions,TopLeft,DebtReductionInc,5.0,2.0,creditsolutions-branded-shortform,FL,20001-30000,adknowledge,unknown,Consolidate,,,http://www.debtreductioninc.com/index8.html,consolidation,302252,1DC,CreditSolutions,0,0
2009-08-08 19:59:19.393,unknown,w-302252-DebtReduction1-1DC-yellowarrow-blue,TopLeft,DebtReductionInc,5.0,5.0,Debt Settlement1 Master,NY,7500-15000,google,search.aol.com,Debt,Debt,debit,http://www.debtreductioninc.com/index8.html,debt,302252,1DC,yellowarrow-blue,0,0
2009-08-29 22:00:48.023,unknown,w-302252-DebtReduction1-1DC-yellowarrow-blue,TopLeft,DebtReductionInc,2.0,3.0,Debt Settlement1 Master,NY,15001-20000,google,aolsearcht7.search.aol.com,Debt Program,Government debt program,,http://www.debtreductioninc.com/index8.html,debt,302252,1DC,yellowarrow-blue,0,0
2009-07-22 20:59:48.900,unknown,w-302252-DebtReduction1-1DC-white,TopLeft,DebtReductionInc,1.0,5.0,Debt Settlement1 Master,FL,20001-30000,adknowledge,unknown,Consolidate,,,http://www.debtreductioninc.com/index8.html,consolidation,302252,1DC,white,0,0
2009-06-02 10:47:42.307,unknown,w-302252-DebtReduction1-1DC-CreditSolutions,TopLeft,DebtReductionInc,0.0,0.0,creditsolutions-branded-shortform,FL,20001-30000,google,www.soyouwanna.com,Student Debt,,,http://www.debtreductioninc.com/index8.html,student_debt,302252,1DC,CreditSolutions,1,1
2009-04-12 00:00:00.000,closed,w-300250-DebtReduction1-1DC-BlueMeter,TopLeft,DebtReductionInc,0.0,0.0,Debt Settlement1 Master,OK,7500-15000,google,search.aol.com,General Debt,American debt solutions,americANDEBTSOLUTIONS.COM,http://www.debtreductioninc.com/index8.html,debt,300250,1DC,BlueMeter,1,1
2009-04-12 09:06:47.047,unknown,w-300250-DebtReduction1-1DC-Head2,TopLeft,DebtReductionInc,0.0,0.0,Debt Settlement1 Master,NY,15001-20000,google,unknown,Stop Collections,,,http://www.debtreductioninc.com/index8.html,collection,300250,1DC,Head2,1,1
2009-04-12 19:22:42.630,unknown,w-300250-DebtReduction1-2DC-CreditSolutions,TopLeft,DebtReductionInc,0.0,0.0,creditsolutions-branded-shortform,OK,7500-15000,google,search.aol.com,General Debt,American debt solutions,americANDEBTSOLUTIONS.COM,http://www.debtreductioninc.com/index8.html,debt,300250,2DC,CreditSolutions,1,1
2009-04-16 11:56:11.120,unknown,w-300250-DebtReduction1-1DC-Head3,TopLeft,DebtReductionInc,0.0,0.0,Debt Settlement1 Master,NY,90000-100000,google,search.aol.com,Holding Tank - Debt,Work typing,,http://www.debtreductioninc.com/index8.html,debt,300250,1DC,Head3,1,1
2009-04-19 01:08:49.363,unknown,w-300250-DebtReduction1-2DC-CreditSolutions,TopLeft,DebtReductionInc,0.0,0.0,creditsolutions-branded-shortform,MO,7500-15000,google,www.43things.com,Get Out Of Debt,Get rid of debt,,http://www.debtreductioninc.com/index8.html,debt,300250,2DC,CreditSolutions,1,1
2009-04-25 07:01:12.477,unknown,w-300250-DebtReduction1-1DC-CreditSolutions,TopLeft,DebtReductionInc,0.0,0.0,creditsolutions-branded-shortform,PA,15001-20000,adknowledge,unknown,Consolidate,,,http://www.debtreductioninc.com/index8.html,consolidation,300250,1DC,CreditSolutions,1,1
2009-05-24 14:43:56.000,unknown,w-302252-DebtReduction1-1DC-white,TopLeft,DebtReductionInc,0.0,0.0,Debt Settlement1 Master,PA,7500-15000,google,www.google.com,Holding Tank - Debt,Credit counselor,customer reviews on credit counseling in pa,http://www.debtreductioninc.com/index8.html,debt,302252,1DC,white,1,1
2009-07-10 00:00:00.000,closed,w-302252-DebtReduction1-1DC-CreditSolutions,TopLeft,DebtReductionInc,0.0,3.0,creditsolutions-branded-shortform,TX,20001-30000,google,search.aol.com,Holding Tank - Debt,Det,,http://www.debtreductioninc.com/index8.html,debt,302252,1DC,CreditSolutions,1,0
2009-08-25 16:11:14.557,unknown,w-302252-DebtReduction1-1DC-yellowarrow-blue,TopLeft,DebtReductionInc,1.0,5.0,Debt Settlement1 Master,NY,7500-15000,google,unknown,Lower Payments,,,http://www.debtreductioninc.com/index12.html,lower_payment,302252,1DC,yellowarrow-blue,0,0
2009-09-09 11:47:38.640,unknown,w-302252-DebtReduction1-1DC-CreditSolutions,TopLeft,DebtReductionInc,5.0,3.0,creditsolutions-branded-shortform,AR,20001-30000,google,www.ask.com,Stop Collections,Bill collector harassment,bill collector harassment,http://www.debtreductioninc.com/index8.html,collection,302252,1DC,CreditSolutions,0,0
2009-08-16 12:20:27.303,unknown,w-302252-DebtReduction1-1DC-CreditSolutions,TopLeft,DebtReductionInc,5.0,3.0,creditsolutions-branded-shortform,FL,30001-50000,google,www.google.com,How,How to lower credit card,how to lower credit card rates,http://www.debtreductioninc.com/index12.html,other,302252,1DC,CreditSolutions,0,0
2009-06-20 21:09:21.000,bad,w-302252-DebtReduction1-1DC-yellowarrow-blue,TopLeft,DebtReductionInc,0.0,0.0,Debt Settlement1 Master,NE,30001-50000,yahoo,www.justclicklocal.com,Debt Consolidation (LV),,,http://www.debtreductioninc.com/index8.html,consolidation,302252,1DC,yellowarrow-blue,1,1
2009-07-01 13:31:08.000,bad,w-302252-DebtReduction1-1DC-yellowarrow-blue,TopLeft,DebtReductionInc,0.0,2.0,Debt Settlement1 Master,TX,30001-50000,google,googleads.g.doubleclick.net,Student Debt,,,http://www.debtreductioninc.com/index8.html,student_debt,302252,1DC,yellowarrow-blue,1,0
2009-06-28 23:29:41.957,unknown,w-302252-DebtReduction1-1DC-CreditSolutions,TopLeft,DebtReductionInc,0.0,5.0,creditsolutions-branded-shortform,IN,7500-15000,google,www.searchtronic.net,Holding Tank - Debt,Debt consolidation loans,,http://www.debtreductioninc.com/index8.html,debt,302252,1DC,CreditSolutions,1,0
2009-07-17 13:58:42.000,bad,w-302252-DebtReduction1-1DC-yellowarrow-blue,TopLeft,DebtReductionInc,5.0,5.0,Debt Settlement1 Master,FL,7500-15000,google,www.google.com,Debt,Debt,real debt consolidations that deal with pay day loans,http://www.debtreductioninc.com/index8.html,debt,302252,1DC,yellowarrow-blue,0,0
2009-06-20 18:42:05.170,unknown,w-302252-DebtReduction1-1DC-yellowarrow-blue,TopLeft,DebtReductionInc,0.0,0.0,Debt Settlement1 Master,TX,More_than_100000,google,aolsearcht3.search.aol.com,Student Debt,Student loan default,,http://www.debtreductioninc.com/index8.html,student_debt,302252,1DC,yellowarrow-blue,1,1
2009-07-03 15:41:57.473,unknown,w-302252-DebtReduction1-1DC-CreditSolutions,TopLeft,DebtReductionInc,0.0,3.0,creditsolutions-branded-shortform,NY,20001-30000,google,unknown,Credit Services,Credit services new york,,http://www.debtreductioninc.com/index11.html,credit_general,302252,1DC,CreditSolutions,1,0
2009-06-28 22:08:43.310,unknown,w-302252-DebtReduction1-1DC,TopLeft,DebtReductionInc,0.0,3.0,Debt Settlement1 Master,TX,15001-20000,google,www.ehow.com,Credit Card Debt - high volume,,,http://www.debtreductioninc.com/index8.html,credit_general,302252,1DC,default,1,0
2009-08-29 20:59:05.000,bad,w-302252-DebtReduction1-1DC-yellowarrow-blue,TopLeft,DebtReductionInc,5.0,5.0,Debt Settlement1 Master,TX,15001-20000,google,search.aol.com,Lower Payments,Credit card payments,,http://www.debtreductioninc.com/index8.html,lower_payment,302252,1DC,yellowarrow-blue,0,0
2009-05-29 18:38:21.000,bad,w-302252-DebtReduction1-1DC-CreditSolutions,TopLeft,DebtReductionInc,0.0,0.0,creditsolutions-branded-shortform,NY,7500-15000,google,search.aol.com,Debt Services,Consumer debt service,CONSUMER REPORT FOR CREDIT AND DEBT REPAIRDEBT,http://www.debtreductioninc.com/index8.html,debt,302252,1DC,CreditSolutions,1,1
2009-08-08 02:59:18.967,unknown,w-302252-DebtReduction1-1DC-yellowarrow-dark,TopLeft,DebtReductionInc,5.0,3.0,Debt Settlement1 Master,MI,7500-15000,google,ezinearticles.com,Credit Card Debt - high volume,,,http://www.debtreductioninc.com/index8.html,credit_general,302252,1DC,yellowarrow-dark,0,0
2009-06-18 18:01:29.703,unknown,w-302252-DebtReduction1-1DC-CreditSolutions,TopLeft,DebtReductionInc,0.0,0.0,creditsolutions-branded-shortform,TX,70001-90000,google,www.google.com,Debt Services,Superior debt services inc,Superior Debt Services Inc.,http://www.debtreductioninc.com/index8.html,debt,302252,1DC,CreditSolutions,1,1
2009-06-11 00:33:13.777,unknown,w-302252-DebtReduction1-1DC-CreditSolutions,TopLeft,DebtReductionInc,0.0,0.0,creditsolutions-branded-shortform,TX,50001-70000,google,websearch.cs.com,Get Out Of Debt,Get out of debt,,http://www.debtreductioninc.com/index8.html,debt,302252,1DC,CreditSolutions,1,1
2009-04-30 11:16:28.387,unknown,w-300250-DebtReduction1-2DC-BlueMeter,TopLeft,DebtReductionInc,0.0,0.0,Debt Settlement1 Master,IL,7500-15000,google,search.aol.com,Credit Card Reduction,Credit card interest reduction,,http://www.debtreductioninc.com/index8.html,credit_general,300250,2DC,BlueMeter,1,1
2009-08-04 17:20:28.780,unknown,w-302252-DebtReduction1-1DC-CreditSolutions,TopLeft,DebtReductionInc,5.0,5.0,creditsolutions-branded-shortform,PA,70001-90000,google,aolsearcht11.search.aol.com,Holding Tank - Debt,National debt initiative,,http://www.debtreductioninc.com/index8.html,debt,302252,1DC,CreditSolutions,0,0
2009-05-01 05:17:21.630,unknown,w-300250-DebtReduction1-1DC-CreditSolutions,TopLeft,DebtReductionInc,0.0,0.0,creditsolutions-branded-shortform,NY,30001-50000,google,ezinearticles.com,Student Debt,,,http://www.debtreductioninc.com/index8.html,student_debt,300250,1DC,CreditSolutions,1,1
2009-09-19 00:00:00.000,good,w-302252-DebtReduction1-1DC-CreditSolutions,TopLeft,DebtReductionInc,5.0,2.0,creditsolutions-branded-shortform,NY,50001-70000,google,search.aol.com,Holding Tank - Debt,Debt mediation,debt mediation,http://www.debtreductioninc.com/index8.html,debt,302252,1DC,CreditSolutions,0,0
2009-04-23 09:41:28.127,unknown,w-300250-DebtReduction1-1DC-Head3,TopLeft,DebtReductionInc,0.0,0.0,Debt Settlement1 Master,FL,7500-15000,adknowledge,us.mc1105.mail.yahoo.com,Consolidate,,,http://www.debtreductioninc.com/index8.html,consolidation,300250,1DC,Head3,1,1
2009-07-24 00:00:00.000,closed,w-302252-DebtReduction1-1DC-white,TopLeft,DebtReductionInc,5.0,5.0,Debt Settlement1 Master,AR,15001-20000,google,en.allexperts.com,Credit Card Debt - high volume,,,http://www.debtreductioninc.com/index8.html,credit_general,302252,1DC,white,0,0
2009-04-22 09:56:20.253,unknown,w-300250-DebtReduction1-2DC-BlueMeter,TopLeft,DebtReductionInc,0.0,0.0,Debt Settlement1 Master,VA,30001-50000,google,partner.googleadservices.com,Lower Payments,,,http://www.debtreductioninc.com/index8.html,lower_payment,300250,2DC,BlueMeter,1,1
2009-06-03 00:10:37.240,unknown,w-302252-DebtReduction1-1DC-white,TopLeft,DebtReductionInc,0.0,0.0,Debt Settlement1 Master,AK,50001-70000,yahoo,search.yahoo.com,Loan Default,,default on loans,http://www.debtreductioninc.com/index8.html,loan,302252,1DC,white,1,1
2009-05-10 11:09:51.930,unknown,w-302252-DebtReduction1-1DC-CreditSolutions,TopLeft,DebtReductionInc,0.0,0.0,creditsolutions-branded-shortform,AK,30001-50000,yahoo,search.yahoo.com,File Bankruptcy,,how to file for bankruptcy in alaska,http://www.debtreductioninc.com/index8.html,bankrup,302252,1DC,CreditSolutions,1,1
2009-06-04 00:00:00.000,good,w-302252-DebtReduction1-1DC,TopLeft,DebtReductionInc,0.0,0.0,Debt Settlement1 Master,TX,30001-50000,yahoo,search.yahoo.com,Debt Consolidation,,government debt assistance,http://www.debtreductioninc.com/index8.html,consolidation,302252,1DC,default,1,1
2009-05-12 14:28:39.137,unknown,w-302252-DebtReduction1-1DC-white,TopLeft,DebtReductionInc,0.0,0.0,Debt Settlement1 Master,SD,50001-70000,google,www.google.com,Holding Tank - Debt,Student loan debt,Student loan debt,http://www.debtreductioninc.com/index8.html,debt,302252,1DC,white,1,1
2009-05-18 09:17:10.630,unknown,w-302252-DebtReduction1-1DC,TopLeft,DebtReductionInc,0.0,0.0,Debt Settlement1 Master,IL,30001-50000,google,collegesavings.about.com,Student Debt,,,http://www.debtreductioninc.com/index8.html,student_debt,302252,1DC,default,1,1
2009-09-19 19:45:34.457,unknown,w-302252-DebtReduction1-1DC-yellowarrow-dark,TopLeft,DebtReductionInc,3.0,4.0,Debt Settlement1 Master,CA,7500-15000,yahoo,ww3.instafinder.com,Credit Card Consolidation,,,http://www.debtreductioninc.com/index8.html,credit_general,302252,1DC,yellowarrow-dark,0,0
2009-05-12 20:39:37.940,unknown,w-302252-DebtReduction1-1DC,TopLeft,DebtReductionInc,0.0,0.0,Debt Settlement1 Master,AZ,15001-20000,google,www.google.com,Loan Default,Loan default help,student loan default assistance,http://www.debtreductioninc.com/index8.html,loan,302252,1DC,default,1,1
2009-09-02 15:00:23.333,unknown,w-302252-DebtReduction1-1DC-CreditSolutions,TopLeft,DebtReductionInc,5.0,5.0,creditsolutions-branded-shortform,TX,15001-20000,adknowledge,us.mg201.mail.yahoo.com,Consolidate,,,http://www.debtreductioninc.com/index8.html,consolidation,302252,1DC,CreditSolutions,0,0
2009-05-05 15:02:40.237,unknown,w-300250-DebtReduction1-2DC-BlueMeter,TopLeft,DebtReductionInc,0.0,0.0,Debt Settlement1 Master,MT,50001-70000,google,www.google.com,Student Debt,Student loan default,federal student loan default help,http://www.debtreductioninc.com/index8.html,student_debt,300250,2DC,BlueMeter,1,1
2009-07-14 10:50:53.000,bad,w-302252-DebtReduction1-1DC-CreditSolutions,TopLeft,DebtReductionInc,4.0,3.0,creditsolutions-branded-shortform,OK,70001-90000,google,www.google.com,Loan Default,Loan default help,defaulted private student loan help,http://www.debtreductioninc.com/index8.html,loan,302252,1DC,CreditSolutions,0,0
2009-07-14 15:22:30.293,unknown,w-302252-DebtReduction1-1DC-CreditSolutions,TopLeft,DebtReductionInc,5.0,2.0,creditsolutions-branded-shortform,CO,20001-30000,google,www.thriftyfun.com,Student Debt,,,http://www.debtreductioninc.com/index8.html,student_debt,302252,1DC,CreditSolutions,0,0
2009-06-09 22:48:41.207,unknown,w-302252-DebtReduction1-1DC-white,TopLeft,DebtReductionInc,0.0,0.0,Debt Settlement1 Master,CA,20001-30000,google,www.google.com,How,How to fix your credit,how to fix your credit,http://www.debtreductioninc.com/index12.html,other,302252,1DC,white,1,1
2009-05-09 05:49:11.000,bad,w-302252-DebtReduction1-1DC,TopLeft,DebtReductionInc,0.0,0.0,Debt Settlement1 Master,CA,30001-50000,yahoo,search.yahoo.com,Credit Card Debt,,not paying credit card debt,http://www.debtreductioninc.com/index8.html,credit_general,302252,1DC,default,1,1
2009-07-23 18:18:43.443,unknown,w-302252-DebtReduction1-1DC-yellowarrow-blue,TopLeft,DebtReductionInc,2.0,2.0,Debt Settlement1 Master,CA,7500-15000,yahoo,search.yahoo.com,Credit Debt Consolidation,,how does debt consolidation affect your credit,http://www.debtreductioninc.com/index8.html,credit_general,302252,1DC,yellowarrow-blue,0,0
2009-07-20 13:37:03.633,unknown,w-302252-DebtReduction1-1DC-CreditSolutions,TopLeft,DebtReductionInc,5.0,5.0,creditsolutions-branded-shortform,AZ,15001-20000,google,www.google.com,Holding Tank - Debt,Debt forgiveness, debt forgiveness,http://www.debtreductioninc.com/index8.html,debt,302252,1DC,CreditSolutions,0,0
2009-09-02 11:25:24.907,unknown,w-302252-DebtReduction1-1DC-CreditSolutions,TopLeft,DebtReductionInc,5.0,4.0,creditsolutions-branded-shortform,MO,30001-50000,google,www.google.com,Debt,Debt,2009 economic stimulus package debt relief,http://www.debtreductioninc.com/index8.html,debt,302252,1DC,CreditSolutions,0,0
2009-04-23 18:39:25.350,unknown,w-300250-DebtReduction1-1DC-Head3,TopLeft,DebtReductionInc,0.0,0.0,Debt Settlement1 Master,MO,More_than_100000,yahoo,unknown,Debt Consolidation - high volume,,,http://www.debtreductioninc.com/index8.html,consolidation,300250,1DC,Head3,1,1
2009-04-21 00:00:00.000,closed,w-300250-DebtReduction1-2DC-CreditSolutions,TopLeft,DebtReductionInc,0.0,0.0,creditsolutions-branded-shortform,AR,15001-20000,yahoo,search.yahoo.com,Bill Consolidation,,consolidating medical bills,http://www.debtreductioninc.com/index8.html,consolidation,300250,2DC,CreditSolutions,1,1
2009-09-20 11:26:28.780,unknown,w-302252-DebtReduction1-1DC-CreditSolutions,TopLeft,DebtReductionInc,5.0,5.0,creditsolutions-branded-shortform,AR,15001-20000,yahoo,unknown,Debt Consolidation,,,http://www.debtreductioninc.com/index8.html,consolidation,302252,1DC,CreditSolutions,0,0
2009-09-24 19:37:02.887,unknown,w-302252-DebtReduction1-1DC-yellowarrow,TopLeft,DebtReductionInc,5.0,5.0,Debt Settlement1 Master,AR,15001-20000,yahoo,www.shellcreditcard.accountline.com,Credit Card Consolidation,,,http://www.debtreductioninc.com/index8.html,credit_general,302252,1DC,yellowarrow,0,0
2009-09-02 20:00:22.730,unknown,w-302252-DebtReduction1-1DC-yellowarrow,TopLeft,DebtReductionInc,5.0,5.0,Debt Settlement1 Master,IN,7500-15000,google,www.ask.com,Holding Tank - Debt,Debt forgiveness for student loans,Debt Forgiveness for Student Loans,http://www.debtreductioninc.com/index8.html,debt,302252,1DC,yellowarrow,0,0
2009-05-20 16:33:52.623,unknown,w-302252-DebtReduction1-1DC,TopLeft,DebtReductionInc,0.0,0.0,Debt Settlement1 Master,CA,More_than_100000,google,www.google.com,Holding Tank - Debt,Student loan debt forgiveness,student loan debt forgiveness,http://www.debtreductioninc.com/index8.html,debt,302252,1DC,default,1,1
2009-09-25 10:40:57.770,unknown,w-302252-DebtReduction1-1DC-yellowarrow-dark,TopLeft,DebtReductionInc,3.0,4.0,Debt Settlement1 Master,CO,20001-30000,yahoo,www.justclicklocal.com,Debt Consolidation,,,http://www.debtreductioninc.com/index8.html,consolidation,302252,1DC,yellowarrow-dark,0,0
2009-07-25 13:30:30.903,unknown,w-302252-DebtReduction1-1DC-yellowarrow-dark,TopLeft,DebtReductionInc,1.0,2.0,Debt Settlement1 Master,CO,20001-30000,google,www.ask.com,How,How do i lower credit cards,how do i lower interest rate on credit cards,http://www.debtreductioninc.com/index12.html,other,302252,1DC,yellowarrow-dark,0,0
2009-06-06 00:00:00.000,closed,w-302252-DebtReduction1-1DC-CreditSolutions,TopLeft,DebtReductionInc,0.0,0.0,creditsolutions-branded-shortform,IL,7500-15000,google,www.google.com,Lower Payments,Credit card payments,www.chase.com creditcards payment,http://www.debtreductioninc.com/index8.html,lower_payment,302252,1DC,CreditSolutions,1,1
2009-07-21 19:25:54.937,unknown,w-302252-DebtReduction1-1DC-CreditSolutions,TopLeft,DebtReductionInc,5.0,5.0,creditsolutions-branded-shortform,CA,50001-70000,yahoo,www.toseeka.com,Debt Consolidation,,Non_profit_debt_consolidation in California,http://www.debtreductioninc.com/index8.html,consolidation,302252,1DC,CreditSolutions,0,0
2009-05-12 00:00:00.000,closed,w-302252-DebtReduction1-1DC-white,TopLeft,DebtReductionInc,0.0,0.0,Debt Settlement1 Master,CA,20001-30000,google,search.mywebsearch.com,How,How to repair your credit,,http://www.debtreductioninc.com/index8.html,other,302252,1DC,white,1,1
2009-05-17 14:19:16.997,unknown,w-302252-DebtReduction1-1DC-CreditSolutions,TopLeft,DebtReductionInc,0.0,0.0,creditsolutions-branded-shortform,CA,More_than_100000,google,news.google.com,Holding Tank - Debt,Buried in debt,buried in debt what to do,http://www.debtreductioninc.com/index8.html,debt,302252,1DC,CreditSolutions,1,1
2009-07-25 00:00:00.000,closed,w-302252-DebtReduction1-1DC-yellowarrow-dark,TopLeft,DebtReductionInc,5.0,5.0,Debt Settlement1 Master,NV,7500-15000,google,search.aol.com,Lower Payments,Credit card payments,,http://www.debtreductioninc.com/index8.html,lower_payment,302252,1DC,yellowarrow-dark,0,0
2009-08-19 20:14:06.180,unknown,w-302252-DebtReduction1-1DC-CreditSolutions,TopLeft,DebtReductionInc,1.0,3.0,creditsolutions-branded-shortform,CA,50001-70000,google,search.aol.com,Debt,Debt,,http://www.debtreductioninc.com/index8.html,debt,302252,1DC,CreditSolutions,0,0
2009-04-03 01:25:34.787,unknown,w-300250-DebtReduction1-1DC-BlueMeter,TopLeft,DebtReductionInc,0.0,0.0,Debt Settlement1 Master,AZ,30001-50000,adknowledge,unknown,Consolidate,,,http://www.debtreductioninc.com/index8.html,consolidation,300250,1DC,BlueMeter,1,1
2009-04-06 04:15:04.610,unknown,w-300250-DebtReduction1-1DC,TopLeft,DebtReductionInc,0.0,0.0,Debt Settlement1 Master,HI,15001-20000,adknowledge,unknown,Consolidate,,,http://www.debtreductioninc.com/index8.html,consolidation,300250,1DC,default,1,1
2009-04-08 16:36:41.000,bad,w-300250-DebtReduction1-1DC,TopLeft,DebtReductionInc,0.0,0.0,Debt Settlement1 Master,TX,90000-100000,google,search.money.cnn.com,Loan Default,Default on loan,,http://www.debtreductioninc.com/index8.html,loan,300250,1DC,default,1,1
2009-04-12 06:53:48.250,unknown,w-300250-DebtReduction1-1DC-BlueMeter,TopLeft,DebtReductionInc,0.0,0.0,Debt Settlement1 Master,CO,30001-50000,google,search.aol.com,Holding Tank - Debt,Erase your debt,erase your debt as seen on msnbc,http://www.debtreductioninc.com/index8.html,debt,300250,1DC,BlueMeter,1,1
2009-04-13 01:16:40.800,unknown,w-300250-DebtReduction1-2DC-BlueMeter,TopLeft,DebtReductionInc,0.0,0.0,Debt Settlement1 Master,CA,50001-70000,google,search.aol.com,Stop Collections,Bill collector harassment,,http://www.debtreductioninc.com/index8.html,collection,300250,2DC,BlueMeter,1,1
2009-09-18 17:59:39.103,unknown,w-302252-DebtReduction1-1DC-CreditSolutions,TopLeft,DebtReductionInc,5.0,3.0,creditsolutions-branded-shortform,CA,7500-15000,google,www.ask.com,Holding Tank - Debt,Debt group,debt group,http://www.debtreductioninc.com/index8.html,debt,302252,1DC,CreditSolutions,0,0
2009-09-21 21:59:20.047,unknown,w-302252-DebtReduction1-1DC-white,TopLeft,DebtReductionInc,5.0,5.0,Debt Settlement1 Master,CA,15001-20000,google,googleads.g.doubleclick.net,Credit Card Debt - high volume,,,http://www.debtreductioninc.com/index8.html,credit_general,302252,1DC,white,0,0
2009-07-07 00:00:00.000,closed,w-302252-DebtReduction1-1DC-CreditSolutions,TopLeft,DebtReductionInc,0.0,5.0,creditsolutions-branded-shortform,CA,7500-15000,adknowledge,unknown,Consolidate,,,http://www.debtreductioninc.com/index8.html,consolidation,302252,1DC,CreditSolutions,1,0
2009-07-24 20:45:34.997,unknown,w-302252-DebtReduction1-1DC-white,TopLeft,DebtReductionInc,5.0,2.0,Debt Settlement1 Master,CO,70001-90000,google,www.google.com,Holding Tank - Debt,Consumer debt advocates,consumer debt advocates,http://www.debtreductioninc.com/index8.html,debt,302252,1DC,white,0,0
2009-05-20 22:50:25.043,unknown,w-302252-DebtReduction1-1DC,TopLeft,DebtReductionInc,0.0,0.0,Debt Settlement1 Master,CA,15001-20000,google,www.wisegeek.com,How,debt,,http://www.debtreductioninc.com/index8.html,other,302252,1DC,default,1,1
2009-07-19 17:52:06.740,unknown,w-302252-DebtReduction1-1DC-CreditSolutions,TopLeft,DebtReductionInc,5.0,3.0,creditsolutions-branded-shortform,CA,30001-50000,google,websearch.cs.com,Holding Tank - Debt,Www debtfree com,,http://www.debtreductioninc.com/index8.html,debt,302252,1DC,CreditSolutions,0,0
2009-08-06 00:00:00.000,good,w-302252-DebtReduction1-1DC-white,TopLeft,DebtReductionInc,5.0,3.0,Debt Settlement1 Master,NV,50001-70000,google,search.aol.com,Holding Tank - Debt,Fair debt,,http://www.debtreductioninc.com/index8.html,debt,302252,1DC,white,0,0
2009-09-20 17:11:27.757,unknown,w-302252-DebtReduction1-1DC-yellowarrow-dark,TopLeft,DebtReductionInc,4.0,4.0,Debt Settlement1 Master,CA,7500-15000,google,www.google.com,Holding Tank - Debt,Debt rescue usa,debt rescue usa,http://www.debtreductioninc.com/index8.html,debt,302252,1DC,yellowarrow-dark,0,0
2009-08-17 20:57:20.060,unknown,w-302252-DebtReduction1-1DC-white,TopLeft,DebtReductionInc,5.0,4.0,Debt Settlement1 Master,CA,7500-15000,google,www.gklife.com,Lower Payments,Credit card payments,,http://www.debtreductioninc.com/index8.html,lower_payment,302252,1DC,white,0,0
2009-07-29 09:34:34.000,bad,w-302252-DebtReduction1-1DC-yellowarrow-blue,TopLeft,DebtReductionInc,5.0,5.0,Debt Settlement1 Master,CT,7500-15000,google,www.ask.com,Lower Payments,Lower monthly bills,How to lower my monthly bills?,http://www.debtreductioninc.com/index8.html,lower_payment,302252,1DC,yellowarrow-blue,0,0
2009-09-05 11:40:05.323,unknown,w-302252-DebtReduction1-1DC-yellowarrow-blue,TopLeft,DebtReductionInc,5.0,2.0,Debt Settlement1 Master,CT,7500-15000,google,www.myacountaccess.com,Lower Payments,,,http://www.debtreductioninc.com/index12.html,lower_payment,302252,1DC,yellowarrow-blue,0,0
2009-04-22 14:09:18.833,unknown,w-300250-DebtReduction1-2DC-BlueMeter,TopLeft,DebtReductionInc,0.0,0.0,Debt Settlement1 Master,TX,7500-15000,google,googleads.g.doubleclick.net,Credit Card Debt - high volume,,,http://www.debtreductioninc.com/index8.html,credit_general,300250,2DC,BlueMeter,1,1
2009-04-23 15:24:26.133,unknown,w-300250-DebtReduction1-1DC-CreditSolutions,TopLeft,DebtReductionInc,0.0,0.0,creditsolutions-branded-shortform,IL,15001-20000,google,search.cbsnews.com,Holding Tank - Debt,Stop debt,stop debt,http://www.debtreductioninc.com/index8.html,debt,300250,1DC,CreditSolutions,1,1
2009-07-15 19:30:31.727,unknown,w-302252-DebtReduction1-1DC-CreditSolutions,TopLeft,DebtReductionInc,5.0,3.0,creditsolutions-branded-shortform,TX,7500-15000,yahoo,search.yahoo.com,General Debt,,erase debt free,http://www.debtreductioninc.com/index8.html,debt,302252,1DC,CreditSolutions,0,0
2009-06-27 09:11:52.560,unknown,w-302252-DebtReduction1-1DC-yellowarrow-blue,TopLeft,DebtReductionInc,0.0,3.0,Debt Settlement1 Master,TX,7500-15000,google,googleads.g.doubleclick.net,Student Debt,,,http://www.debtreductioninc.com/index12.html,student_debt,302252,1DC,yellowarrow-blue,1,0
2009-05-01 00:00:00.000,good,w-300250-DebtReduction1-1DC-CreditSolutions,TopLeft,DebtReductionInc,0.0,0.0,creditsolutions-branded-shortform,MD,15001-20000,yahoo,search.yahoo.com,General Debt,,WWW.DEBTAMERICA.COM,http://www.debtreductioninc.com/index8.html,debt,300250,1DC,CreditSolutions,1,1
2009-07-05 23:33:43.877,unknown,w-302252-DebtReduction1-1DC-CreditSolutions,TopLeft,DebtReductionInc,0.0,5.0,creditsolutions-branded-shortform,WV,20001-30000,yahoo,search.yahoo.com,Get Out Of Debt,,how to get out of debt,http://www.debtreductioninc.com/index8.html,debt,302252,1DC,CreditSolutions,1,0
2009-05-24 20:50:53.630,unknown,w-302252-DebtReduction1-1DC-white,TopLeft,DebtReductionInc,0.0,0.0,Debt Settlement1 Master,MD,30001-50000,adknowledge,us.mc313.mail.yahoo.com,Consolidate,,,http://www.debtreductioninc.com/index8.html,consolidation,302252,1DC,white,1,1
2009-06-01 01:46:53.187,unknown,w-302252-DebtReduction1-1DC,TopLeft,DebtReductionInc,0.0,0.0,Debt Settlement1 Master,PA,20001-30000,yahoo,revenuestock.com,Debt Consolidation,,,http://www.debtreductioninc.com/index8.html,consolidation,302252,1DC,default,1,1
2009-06-20 18:38:05.417,unknown,w-302252-DebtReduction1-1DC,TopLeft,DebtReductionInc,0.0,0.0,Debt Settlement1 Master,CA,30001-50000,yahoo,unknown,Debt Arbitration (HV),,,http://www.debtreductioninc.com/index8.html,debt,302252,1DC,default,1,1
2009-06-03 06:52:34.633,unknown,w-302252-DebtReduction1-1DC,TopLeft,DebtReductionInc,0.0,0.0,Debt Settlement1 Master,IL,20001-30000,adknowledge,webmaila.netzero.net,Consolidate,,,http://www.debtreductioninc.com/index8.html,consolidation,302252,1DC,default,1,1
2009-06-01 15:04:48.797,unknown,w-302252-DebtReduction1-1DC-CreditSolutions,TopLeft,DebtReductionInc,0.0,0.0,creditsolutions-branded-shortform,IL,20001-30000,google,www.google.com,Lower Payments,Credit card payments,www.chase.com creditcards payment,http://www.debtreductioninc.com/index8.html,lower_payment,302252,1DC,CreditSolutions,1,1
2009-05-27 17:02:30.953,unknown,w-302252-DebtReduction1-1DC-white,TopLeft,DebtReductionInc,0.0,0.0,Debt Settlement1 Master,CO,70001-90000,google,search.peoplepc.com,Holding Tank - Debt,No more debt,NO MORE DEBT,http://www.debtreductioninc.com/index8.html,debt,302252,1DC,white,1,1
2009-06-10 13:48:35.727,unknown,w-302252-DebtReduction1-1DC-white,TopLeft,DebtReductionInc,0.0,0.0,Debt Settlement1 Master,OR,More_than_100000,google,search.earthlink.net,Holding Tank - Debt,Debt relief act,The Mortgage Forgiveness Debt Relief Act (H.R.3648),http://www.debtreductioninc.com/index8.html,debt,302252,1DC,white,1,1
2009-05-29 22:41:11.667,unknown,w-302252-DebtReduction1-1DC,TopLeft,DebtReductionInc,0.0,0.0,Debt Settlement1 Master,AR,15001-20000,yahoo,search.yahoo.com,General Debt - high volume,,debt consolidation,http://www.debtreductioninc.com/index8.html,debt,302252,1DC,default,1,1
2009-09-08 13:18:51.000,bad,w-302252-DebtReduction1-1DC-CreditSolutions,TopLeft,DebtReductionInc,5.0,4.0,creditsolutions-branded-shortform,OR,7500-15000,yahoo,www.kidica.com,Student Debt - high volume,,,http://www.debtreductioninc.com/index8.html,student_debt,302252,1DC,CreditSolutions,0,0
2009-09-07 21:06:51.000,bad,w-302252-DebtReduction1-1DC-white,TopLeft,DebtReductionInc,1.0,3.0,Debt Settlement1 Master,ND,30001-50000,google,googleads.g.doubleclick.net,Consolidation,Consolidation loans,,http://www.debtreductioninc.com/index8.html,consolidation,302252,1DC,white,0,0
2009-06-24 17:05:25.000,bad,w-302252-DebtReduction1-1DC-CreditSolutions,TopLeft,DebtReductionInc,0.0,0.0,creditsolutions-branded-shortform,ND,30001-50000,google,googleads.g.doubleclick.net,Student Debt,,,http://www.debtreductioninc.com/index8.html,student_debt,302252,1DC,CreditSolutions,1,1
2009-09-21 12:41:21.620,unknown,w-302252-DebtReduction1-1DC-CreditSolutions,TopLeft,DebtReductionInc,5.0,2.0,creditsolutions-branded-shortform,TX,20001-30000,google,googleads.g.doubleclick.net,Credit Card Debt - high volume,,,http://www.debtreductioninc.com/index8.html,credit_general,302252,1DC,CreditSolutions,0,0
2009-07-06 22:00:37.407,unknown,w-302252-DebtReduction1-1DC-CreditSolutions,TopLeft,DebtReductionInc,0.0,5.0,creditsolutions-branded-shortform,NY,7500-15000,google,googleads.g.doubleclick.net,Student Debt,,,http://www.debtreductioninc.com/index8.html,student_debt,302252,1DC,CreditSolutions,1,0
2009-09-11 05:29:27.943,unknown,w-302252-DebtReduction1-1DC-yellowarrow-dark,TopLeft,DebtReductionInc,1.0,4.0,Debt Settlement1 Master,NY,70001-90000,google,www.google.com,Debt,Debt,debt consulate,http://www.debtreductioninc.com/index8.html,debt,302252,1DC,yellowarrow-dark,0,0
2009-05-12 15:55:38.220,unknown,w-302252-DebtReduction1-1DC-CreditSolutions,TopLeft,DebtReductionInc,0.0,0.0,creditsolutions-branded-shortform,IL,More_than_100000,yahoo,search.yahoo.com,Debt Consolidation,,bank loan consolitation,http://www.debtreductioninc.com/index8.html,consolidation,302252,1DC,CreditSolutions,1,1
2009-04-08 10:15:42.517,unknown,w-300250-DebtReduction1-1DC,TopLeft,DebtReductionInc,0.0,0.0,Debt Settlement1 Master,NY,15001-20000,google,www.google.com,Holding Tank - Debt,Debt clear scam,debt clear scam,http://www.debtreductioninc.com/index8.html,debt,300250,1DC,default,1,1
2009-06-16 13:12:45.137,unknown,w-302252-DebtReduction1-1DC-CreditSolutions,TopLeft,DebtReductionInc,0.0,0.0,creditsolutions-branded-shortform,IA,30001-50000,yahoo,us.yhs.search.yahoo.com,Debt Program,,National Debt Relief Program,http://www.debtreductioninc.com/index8.html,debt,302252,1DC,CreditSolutions,1,1
2009-08-07 22:59:20.553,unknown,w-302252-DebtReduction1-1DC-white,TopLeft,DebtReductionInc,1.0,4.0,Debt Settlement1 Master,OR,30001-50000,adknowledge,us.mc533.mail.yahoo.com,Consolidate,,,http://www.debtreductioninc.com/index8.html,consolidation,302252,1DC,white,0,0
2009-04-30 12:35:27.333,unknown,w-300250-DebtReduction1-1DC-CreditSolutions,TopLeft,DebtReductionInc,0.0,0.0,creditsolutions-branded-shortform,WV,15001-20000,google,googleads.g.doubleclick.net,How,debt,,http://www.debtreductioninc.com/index8.html,other,300250,1DC,CreditSolutions,1,1
2009-09-26 08:55:51.893,unknown,w-302252-DebtReduction1-1DC-white,TopLeft,DebtReductionInc,5.0,3.0,Debt Settlement1 Master,TX,50001-70000,google,www.google.com,Unsecured Debt,Unsecured debt texas,unsecured debt texas,http://www.debtreductioninc.com/index8.html,debt,302252,1DC,white,0,0
2009-04-19 16:02:44.020,unknown,w-300250-DebtReduction1-2DC-BlueMeter,TopLeft,DebtReductionInc,0.0,0.0,Debt Settlement1 Master,IN,7500-15000,google,www.google.com,Holding Tank - Debt,Debt stoppers,debt stoppers,http://www.debtreductioninc.com/index8.html,debt,300250,2DC,BlueMeter,1,1
2009-06-16 08:33:45.937,unknown,w-302252-DebtReduction1-1DC-white,TopLeft,DebtReductionInc,0.0,0.0,Debt Settlement1 Master,MD,50001-70000,yahoo,search.yahoo.com,Student Debt,,student loan default help,http://www.debtreductioninc.com/index8.html,student_debt,302252,1DC,white,1,1
2009-06-16 18:21:57.000,bad,w-302252-DebtReduction1-1DC-white,TopLeft,DebtReductionInc,0.0,0.0,Debt Settlement1 Master,IL,20001-30000,yahoo,search.yahoo.com,Student Debt,,student loan default,http://www.debtreductioninc.com/index8.html,student_debt,302252,1DC,white,1,1
2009-06-08 12:08:51.453,unknown,w-302252-DebtReduction1-1DC-CreditSolutions,TopLeft,DebtReductionInc,0.0,0.0,creditsolutions-branded-shortform,CA,20001-30000,adknowledge,www.bing.com,Consolidate,,secured vs. unsecured debt,http://www.debtreductioninc.com/index8.html,consolidation,302252,1DC,CreditSolutions,1,1
2009-08-14 00:00:00.000,good,w-302252-DebtReduction1-1DC-white,TopLeft,DebtReductionInc,5.0,5.0,Debt Settlement1 Master,HI,15001-20000,google,googleads.g.doubleclick.net,Credit Card Debt - high volume,,,http://www.debtreductioninc.com/index8.html,credit_general,302252,1DC,white,0,0
2009-09-26 07:39:51.457,unknown,w-302252-DebtReduction1-1DC-CreditSolutions,TopLeft,DebtReductionInc,5.0,3.0,creditsolutions-branded-shortform,MI,More_than_100000,google,www.google.com,Holding_Tank_-_Debt,Netdebt,netdebt.com<system@securesend.org>,http://www.debtreductioninc.com/index8.html,debt,302252,1DC,CreditSolutions,0,0
2009-07-28 03:42:14.353,unknown,w-302252-DebtReduction1-1DC-CreditSolutions,TopLeft,DebtReductionInc,5.0,2.0,creditsolutions-branded-shortform,CT,20001-30000,google,googleads.g.doubleclick.net,Bill Consolidation,Bill consolodation,,http://www.debtreductioninc.com/index8.html,consolidation,302252,1DC,CreditSolutions,0,0
2009-06-10 03:55:52.000,bad,w-302252-DebtReduction1-1DC-CreditSolutions,TopLeft,DebtReductionInc,0.0,0.0,creditsolutions-branded-shortform,MI,7500-15000,yahoo,search.yahoo.com,General Debt,,www.debtrelief.us.com,http://www.debtreductioninc.com/index8.html,debt,302252,1DC,CreditSolutions,1,1
2009-09-20 15:13:28.597,unknown,w-302252-DebtReduction1-1DC-white,TopLeft,DebtReductionInc,3.0,3.0,Debt Settlement1 Master,TX,20001-30000,google,googleads.g.doubleclick.net,Credit Card Debt - high volume,,,http://www.debtreductioninc.com/index8.html,credit_general,302252,1DC,white,0,0
2009-05-01 15:13:18.457,unknown,w-300250-DebtReduction1-1DC-BlueMeter,TopLeft,DebtReductionInc,0.0,0.0,Debt Settlement1 Master,TX,20001-30000,google,www.ehow.com,Student Debt,,,http://www.debtreductioninc.com/index8.html,student_debt,300250,1DC,BlueMeter,1,1
2009-05-26 15:18:39.017,unknown,w-302252-DebtReduction1-1DC-CreditSolutions,TopLeft,DebtReductionInc,0.0,0.0,creditsolutions-branded-shortform,TX,70001-90000,google,pubads.g.doubleclick.net,Credit Card Debt - high volume,,,http://www.debtreductioninc.com/index8.html,credit_general,302252,1DC,CreditSolutions,1,1
2009-06-18 19:45:45.000,bad,w-302252-DebtReduction1-1DC-CreditSolutions,TopLeft,DebtReductionInc,0.0,0.0,creditsolutions-branded-shortform,FL,50001-70000,yahoo,search.yahoo.com,Student Debt,,defaulted student loan help,http://www.debtreductioninc.com/index8.html,student_debt,302252,1DC,CreditSolutions,1,1
2009-04-13 00:00:00.000,good,w-300250-DebtReduction1-1DC-Head2,TopLeft,DebtReductionInc,0.0,0.0,Debt Settlement1 Master,CA,7500-15000,adknowledge,us.mc01g.mail.yahoo.com,Consolidate,,,http://www.debtreductioninc.com/index8.html,consolidation,300250,1DC,Head2,1,1
2009-06-01 17:22:48.197,unknown,w-302252-DebtReduction1-1DC,TopLeft,DebtReductionInc,0.0,0.0,Debt Settlement1 Master,AL,15001-20000,adknowledge,adkdomains.com,Consolidate,,,http://www.debtreductioninc.com/index8.html,consolidation,302252,1DC,default,1,1
2009-06-30 14:38:35.440,unknown,w-302252-DebtReduction1-1DC-yellowarrow-dark,TopLeft,DebtReductionInc,0.0,5.0,Debt Settlement1 Master,MI,7500-15000,yahoo,www.findstuff.com,Debt Consolidation,,,http://www.debtreductioninc.com/index8.html,consolidation,302252,1DC,yellowarrow-dark,1,0
2009-08-11 13:45:16.187,unknown,w-302252-DebtReduction1-1DC-CreditSolutions,TopLeft,DebtReductionInc,5.0,3.0,creditsolutions-branded-shortform,CA,20001-30000,google,www.google.com,Debt,Debt,what are the best ways to pay off debt,http://www.debtreductioninc.com/index8.html,debt,302252,1DC,CreditSolutions,0,0
2009-08-26 00:00:00.000,closed,w-302252-DebtReduction1-1DC-yellowarrow-dark,TopLeft,DebtReductionInc,3.0,4.0,Debt Settlement1 Master,WA,7500-15000,google,www.google.com,How,How to stop interest on credit cards,how to stop interest on credit cards,http://www.debtreductioninc.com/index12.html,other,302252,1DC,yellowarrow-dark,0,0
2009-05-28 18:16:22.317,unknown,w-302252-DebtReduction1-1DC,TopLeft,DebtReductionInc,0.0,0.0,Debt Settlement1 Master,CA,30001-50000,google,videos.howstuffworks.com,Credit Card Debt - high volume,,,http://www.debtreductioninc.com/index8.html,credit_general,302252,1DC,default,1,1
2009-09-19 00:00:00.000,good,w-302252-DebtReduction1-1DC-CreditSolutions,TopLeft,DebtReductionInc,5.0,5.0,creditsolutions-branded-shortform,TX,50001-70000,google,www.google.com,Debt Restructuring,Personal debt restructuring,personal debt restructuring companies,http://www.debtreductioninc.com/index8.html,debt,302252,1DC,CreditSolutions,0,0
2009-04-03 05:22:32.970,unknown,w-300250-DebtReduction1-1DC-white,TopLeft,DebtReductionInc,0.0,0.0,Debt Settlement1 Master,VA,70001-90000,google,www.virginia-discovered.com,Consolidation Debt Loan,Consolidation debt loan va,,http://www.debtreductioninc.com/index8.html,consolidation,300250,1DC,white,1,1
2009-06-09 19:04:43.087,unknown,w-302252-DebtReduction1-1DC,TopLeft,DebtReductionInc,0.0,0.0,Debt Settlement1 Master,NV,15001-20000,yahoo,search.yahoo.com,Debt Consolidation,,las vegas debt consolidators,http://www.debtreductioninc.com/index8.html,consolidation,302252,1DC,default,1,1
2009-09-13 16:25:16.000,bad,w-302252-DebtReduction1-1DC-white,TopLeft,DebtReductionInc,5.0,3.0,Debt Settlement1 Master,FL,7500-15000,yahoo,search.yahoo.com,Get Out Of Debt,,get rid of bills,http://www.debtreductioninc.com/index8.html,debt,302252,1DC,white,0,0
2009-04-06 09:36:02.287,unknown,w-300250-DebtReduction1-1DC-BlueMeter,TopLeft,DebtReductionInc,0.0,0.0,Debt Settlement1 Master,MO,30001-50000,adknowledge,us.mc526.mail.yahoo.com,Consolidate,,,http://www.debtreductioninc.com/index8.html,consolidation,300250,1DC,BlueMeter,1,1
2009-04-06 08:55:02.643,unknown,w-300250-DebtReduction1-1DC-Head2,TopLeft,DebtReductionInc,0.0,0.0,Debt Settlement1 Master,MD,7500-15000,adknowledge,us.mc1107.mail.yahoo.com,Consolidate,,,http://www.debtreductioninc.com/index8.html,consolidation,300250,1DC,Head2,1,1
2009-07-21 20:36:54.567,unknown,w-302252-DebtReduction1-1DC-CreditSolutions,TopLeft,DebtReductionInc,1.0,2.0,creditsolutions-branded-shortform,MT,20001-30000,google,www.google.com,Holding Tank - Debt,Debt bailout,debt bailout,http://www.debtreductioninc.com/index8.html,debt,302252,1DC,CreditSolutions,0,0
2009-09-03 01:02:20.643,unknown,w-302252-DebtReduction1-1DC-CreditSolutions,TopLeft,DebtReductionInc,5.0,5.0,creditsolutions-branded-shortform,LA,30001-50000,adknowledge,us.mg4.mail.yahoo.com,Consolidate,,,http://www.debtreductioninc.com/index8.html,consolidation,302252,1DC,CreditSolutions,0,0
2009-04-21 16:37:26.767,unknown,w-300250-DebtReduction1-1DC-CreditSolutions,TopLeft,DebtReductionInc,0.0,0.0,creditsolutions-branded-shortform,OR,15001-20000,google,googleads.g.doubleclick.net,Stop Collections,,,http://www.debtreductioninc.com/index8.html,collection,300250,1DC,CreditSolutions,1,1
2009-04-22 13:56:49.000,bad,w-300250-DebtReduction1-1DC,TopLeft,DebtReductionInc,0.0,0.0,Debt Settlement1 Master,SD,20001-30000,google,www.google.com,Student Debt,Defaulted student loans,find defaulted student loans,http://www.debtreductioninc.com/index8.html,student_debt,300250,1DC,default,1,1
2009-04-25 16:56:54.117,unknown,w-300250-DebtReduction1-1DC-BlueMeter,TopLeft,DebtReductionInc,0.0,0.0,Debt Settlement1 Master,AK,30001-50000,google,googleads.g.doubleclick.net,Get Out Of Debt,,,http://www.debtreductioninc.com/index8.html,debt,300250,1DC,BlueMeter,1,1
2009-07-16 11:25:51.000,bad,w-302252-DebtReduction1-1DC-yellowarrow-blue,TopLeft,DebtReductionInc,5.0,3.0,Debt Settlement1 Master,OR,30001-50000,google,www.google.com,Loan Default,Loan default help,defaulted student loan help,http://www.debtreductioninc.com/index8.html,loan,302252,1DC,yellowarrow-blue,0,0
2009-05-19 14:52:00.920,unknown,w-302252-DebtReduction1-1DC-CreditSolutions,TopLeft,DebtReductionInc,0.0,0.0,creditsolutions-branded-shortform,TX,7500-15000,yahoo,search.yahoo.com,Credit Card Debt,,credit cards to lower ny debt,http://www.debtreductioninc.com/index8.html,credit_general,302252,1DC,CreditSolutions,1,1
2009-05-13 12:53:31.690,unknown,w-302252-DebtReduction1-1DC-white,TopLeft,DebtReductionInc,0.0,0.0,Debt Settlement1 Master,IL,20001-30000,yahoo,search.yahoo.com,Chapter 7 Bankruptcy,,bankruptcy laws,http://www.debtreductioninc.com/index8.html,bankrup,302252,1DC,white,1,1
2009-08-28 15:15:56.327,unknown,w-302252-DebtReduction1-1DC-white,TopLeft,DebtReductionInc,5.0,5.0,Debt Settlement1 Master,OK,More_than_100000,google,www.google.com,Loan Default,Loans in default,help with student loans in default,http://www.debtreductioninc.com/index8.html,loan,302252,1DC,white,0,0
2009-08-07 03:31:18.167,unknown,w-302252-DebtReduction1-1DC-CreditSolutions,TopLeft,DebtReductionInc,5.0,5.0,creditsolutions-branded-shortform,ND,30001-50000,yahoo,search.yahoo.com,Debt Company,,debt management services,http://www.debtreductioninc.com/index8.html,debt,302252,1DC,CreditSolutions,0,0
2009-05-13 15:55:31.513,unknown,w-302252-DebtReduction1-1DC,TopLeft,DebtReductionInc,0.0,0.0,Debt Settlement1 Master,NM,7500-15000,yahoo,unknown,General Debt,,,http://www.debtreductioninc.com/index8.html,debt,302252,1DC,default,1,1
2009-06-16 07:45:45.813,unknown,w-302252-DebtReduction1-1DC-white,TopLeft,DebtReductionInc,0.0,0.0,Debt Settlement1 Master,TX,7500-15000,google,searchportal.information.com,Student Debt,Student loan default,,http://www.debtreductioninc.com/index8.html,student_debt,302252,1DC,white,1,1
2009-07-16 15:23:27.847,unknown,w-302252-DebtReduction1-1DC,TopLeft,DebtReductionInc,2.0,5.0,Debt Settlement1 Master,MA,15001-20000,google,www.ehow.com,Credit Card Debt - high volume,,,http://www.debtreductioninc.com/index8.html,credit_general,302252,1DC,default,0,0
2009-06-18 09:05:48.000,bad,w-302252-DebtReduction1-1DC-CreditSolutions,TopLeft,DebtReductionInc,0.0,0.0,creditsolutions-branded-shortform,NY,7500-15000,yahoo,search.yahoo.com,Lower Payments,,reduce car payment,http://www.debtreductioninc.com/index8.html,lower_payment,302252,1DC,CreditSolutions,1,1
2009-04-14 01:13:57.000,bad,w-300250-DebtReduction1-1DC-Head2,TopLeft,DebtReductionInc,0.0,0.0,Debt Settlement1 Master,OR,30001-50000,yahoo,search.yahoo.com,General Debt - high volume,,government debt solution,http://www.debtreductioninc.com/index8.html,debt,300250,1DC,Head2,1,1
2009-09-24 11:03:04.377,unknown,w-302252-DebtReduction1-1DC-white,TopLeft,DebtReductionInc,5.0,4.0,Debt Settlement1 Master,PA,70001-90000,google,www.google.com,Loan Default,Loan default help,private student loan default help,http://www.debtreductioninc.com/index8.html,loan,302252,1DC,white,0,0
2009-07-13 17:51:57.000,bad,w-302252-DebtReduction1-1DC,TopLeft,DebtReductionInc,5.0,5.0,Debt Settlement1 Master,NY,7500-15000,google,www.reuters.com,Student Debt,,,http://www.debtreductioninc.com/index8.html,student_debt,302252,1DC,default,0,0
2009-05-04 12:58:46.863,unknown,w-300250-DebtReduction1-1DC-Head3,TopLeft,DebtReductionInc,0.0,0.0,Debt Settlement1 Master,CA,15001-20000,yahoo,search.yahoo.com,Get Out Of Debt,,help me get out of debt,http://www.debtreductioninc.com/index8.html,debt,300250,1DC,Head3,1,1
2009-08-31 10:54:37.723,unknown,w-302252-DebtReduction1-1DC-white,TopLeft,DebtReductionInc,5.0,5.0,Debt Settlement1 Master,OR,50001-70000,google,www.google.com,Debt,Debt,msnbc-A New Stimulus Package to Get out of Debt,http://www.debtreductioninc.com/index8.html,debt,302252,1DC,white,0,0
2009-07-08 15:16:28.293,unknown,w-302252-DebtReduction1-1DC-yellowarrow-blue,TopLeft,DebtReductionInc,0.0,3.0,Debt Settlement1 Master,MI,90000-100000,google,googleads.g.doubleclick.net,Student Debt,,,http://www.debtreductioninc.com/index8.html,student_debt,302252,1DC,yellowarrow-blue,1,0
2009-06-30 17:26:31.957,unknown,w-302252-DebtReduction1-1DC-CreditSolutions,TopLeft,DebtReductionInc,0.0,3.0,creditsolutions-branded-shortform,TX,30001-50000,google,collegesavings.about.com,Student Debt,,,http://www.debtreductioninc.com/index8.html,student_debt,302252,1DC,CreditSolutions,1,0
2009-05-11 15:11:45.627,unknown,w-302252-DebtReduction1-1DC-white,TopLeft,DebtReductionInc,0.0,0.0,Debt Settlement1 Master,LA,7500-15000,yahoo,search.yahoo.com,Debt Restructuring,,debt  bailout,http://www.debtreductioninc.com/index8.html,debt,302252,1DC,white,1,1
2009-04-11 16:25:53.087,unknown,w-300250-DebtReduction1-2DC-BlueMeter,TopLeft,DebtReductionInc,0.0,0.0,Debt Settlement1 Master,MA,50001-70000,google,www.kellysearch.com,Debt Arbitration,Credit arbitration,,http://www.debtreductioninc.com/index8.html,debt,300250,2DC,BlueMeter,1,1
2009-07-21 15:43:54.997,unknown,w-302252-DebtReduction1-1DC-CreditSolutions,TopLeft,DebtReductionInc,5.0,2.0,creditsolutions-branded-shortform,NY,7500-15000,google,googleads.g.doubleclick.net,Debt Reduction,,,http://www.debtreductioninc.com/index8.html,debt,302252,1DC,CreditSolutions,0,0
2009-08-30 16:41:19.000,bad,w-302252-DebtReduction1-1DC-CreditSolutions,TopLeft,DebtReductionInc,5.0,2.0,creditsolutions-branded-shortform,TX,20001-30000,google,googleads.g.doubleclick.net,Credit Card Debt - high volume,,,http://www.debtreductioninc.com/index8.html,credit_general,302252,1DC,CreditSolutions,0,0
2009-06-02 08:20:42.617,unknown,w-302252-DebtReduction1-1DC-CreditSolutions,TopLeft,DebtReductionInc,0.0,0.0,creditsolutions-branded-shortform,MO,20001-30000,google,www.google.com,Holding Tank - Debt,Consumer debt initiative,consumer debt initiative,http://www.debtreductioninc.com/index8.html,debt,302252,1DC,CreditSolutions,1,1
2009-07-25 21:18:29.770,unknown,w-302252-DebtReduction1-1DC-yellowarrow-blue,TopLeft,DebtReductionInc,1.0,5.0,Debt Settlement1 Master,VA,7500-15000,yahoo,guide-1.net,Credit Card Debt,,,http://www.debtreductioninc.com/index8.html,credit_general,302252,1DC,yellowarrow-blue,0,0
2009-09-01 00:00:00.000,good,w-302252-DebtReduction1-1DC-CreditSolutions,TopLeft,DebtReductionInc,1.0,3.0,creditsolutions-branded-shortform,AR,7500-15000,yahoo,www.justclicklocal.com,General Debt,,,http://www.debtreductioninc.com/index8.html,debt,302252,1DC,CreditSolutions,0,0
2009-07-25 13:11:32.237,unknown,w-302252-DebtReduction1-1DC-yellowarrow-dark,TopLeft,DebtReductionInc,5.0,5.0,Debt Settlement1 Master,AR,7500-15000,google,www.google.com,Holding Tank - Debt,Unpaid debts,unpaid debt,http://www.debtreductioninc.com/index8.html,debt,302252,1DC,yellowarrow-dark,0,0
2009-08-14 07:53:59.910,unknown,w-302252-DebtReduction1-1DC-CreditSolutions,TopLeft,DebtReductionInc,5.0,5.0,creditsolutions-branded-shortform,MO,30001-50000,google,mws.ask.com,Holding Tank - Debt,Debtrescueusa,,http://www.debtreductioninc.com/index8.html,debt,302252,1DC,CreditSolutions,0,0
2009-05-21 22:57:29.470,unknown,w-302252-DebtReduction1-1DC-CreditSolutions,TopLeft,DebtReductionInc,0.0,0.0,creditsolutions-branded-shortform,MO,50001-70000,yahoo,search.yahoo.com,Bankruptcy,,filing bankruptcy,http://www.debtreductioninc.com/index8.html,bankrup,302252,1DC,CreditSolutions,1,1
2009-07-30 21:33:58.430,unknown,w-302252-DebtReduction1-1DC-yellowarrow-dark,TopLeft,DebtReductionInc,5.0,5.0,Debt Settlement1 Master,MO,20001-30000,google,ezinearticles.com,How,debt,,http://www.debtreductioninc.com/index8.html,other,302252,1DC,yellowarrow-dark,0,0
2009-06-30 09:23:35.000,unknown,w-302252-DebtReduction1-1DC-yellowarrow-blue,TopLeft,DebtReductionInc,0.0,5.0,Debt Settlement1 Master,MO,20001-30000,google,ezinearticles.com,Student Debt,,,http://www.debtreductioninc.com/index8.html,student_debt,302252,1DC,yellowarrow-blue,1,0
2009-06-29 14:00:22.000,bad,w-302252-DebtReduction1-1DC-CreditSolutions,TopLeft,DebtReductionInc,0.0,2.0,creditsolutions-branded-shortform,CT,15001-20000,google,www.ehow.com,Credit Card Debt - high volume,,,http://www.debtreductioninc.com/index8.html,credit_general,302252,1DC,CreditSolutions,1,0
2009-06-03 16:45:31.167,unknown,w-302252-DebtReduction1-1DC-white,TopLeft,DebtReductionInc,0.0,0.0,Debt Settlement1 Master,IA,7500-15000,google,www.google.com,Student Debt,Defaulted student loans,consolidate defaulted student loans,http://www.debtreductioninc.com/index8.html,student_debt,302252,1DC,white,1,1
2009-05-14 08:20:33.143,unknown,w-302252-DebtReduction1-1DC-white,TopLeft,DebtReductionInc,0.0,0.0,Debt Settlement1 Master,IA,20001-30000,adknowledge,webmailb.netzero.net,Consolidate,,,http://www.debtreductioninc.com/index8.html,consolidation,302252,1DC,white,1,1
2009-08-10 10:33:22.140,unknown,w-302252-DebtReduction1-1DC-yellowarrow-dark,TopLeft,DebtReductionInc,5.0,2.0,Debt Settlement1 Master,PA,15001-20000,google,www.google.com,Holding Tank - Debt,Debt calculator,debt calculator,http://www.debtreductioninc.com/index8.html,debt,302252,1DC,yellowarrow-dark,0,0
2009-05-26 02:01:44.227,unknown,w-302252-DebtReduction1-1DC-white,TopLeft,DebtReductionInc,0.0,0.0,Debt Settlement1 Master,CA,More_than_100000,yahoo,search.yahoo.com,Bankruptcy - high volume,,bankruptcy 2009,http://www.debtreductioninc.com/index8.html,bankrup,302252,1DC,white,1,1
2009-09-26 17:30:47.987,unknown,w-302252-DebtReduction1-1DC-CreditSolutions,TopLeft,DebtReductionInc,3.0,3.0,creditsolutions-branded-shortform,CO,7500-15000,yahoo,search.yahoo.com,Credit Card Consolidation,,debt consolidation,http://www.debtreductioninc.com/index8.html,credit_general,302252,1DC,CreditSolutions,0,0
2009-05-06 15:12:34.410,unknown,w-300250-DebtReduction1-1DC-Head3,TopLeft,DebtReductionInc,0.0,0.0,Debt Settlement1 Master,TX,7500-15000,yahoo,search.yahoo.com,Loan Default,,student loans in default,http://www.debtreductioninc.com/index8.html,loan,300250,1DC,Head3,1,1
2009-06-24 09:04:37.773,unknown,w-302252-DebtReduction1-1DC-white,TopLeft,DebtReductionInc,0.0,0.0,Debt Settlement1 Master,AZ,More_than_100000,google,www.ehow.com,Credit Card Debt - high volume,,,http://www.debtreductioninc.com/index8.html,credit_general,302252,1DC,white,1,1
2009-08-04 00:00:00.000,closed,w-302252-DebtReduction1-1DC-CreditSolutions,TopLeft,DebtReductionInc,3.0,2.0,creditsolutions-branded-shortform,AL,50001-70000,google,www.google.com,Holding Tank - Debt,Getting out of debt on your own,getting out of debt on your own,http://www.debtreductioninc.com/index8.html,debt,302252,1DC,CreditSolutions,0,0
2009-04-11 12:13:54.617,unknown,w-300250-DebtReduction1-1DC,TopLeft,DebtReductionInc,0.0,0.0,Debt Settlement1 Master,OK,7500-15000,yahoo,search.yahoo.com,Get Out Of Debt,,get rid of debt now.net/c,http://www.debtreductioninc.com/index8.html,debt,300250,1DC,default,1,1
2009-07-17 11:02:21.963,unknown,w-302252-DebtReduction1-1DC-CreditSolutions,TopLeft,DebtReductionInc,5.0,5.0,creditsolutions-branded-shortform,AL,30001-50000,google,www.google.com,Holding Tank - Debt,Debt guru,debt guru,http://www.debtreductioninc.com/index8.html,debt,302252,1DC,CreditSolutions,0,0
2009-06-05 10:24:28.000,bad,w-302252-DebtReduction1-1DC-white,TopLeft,DebtReductionInc,0.0,0.0,Debt Settlement1 Master,AL,More_than_100000,google,googleads.g.doubleclick.net,Student Debt,,,http://www.debtreductioninc.com/index8.html,student_debt,302252,1DC,white,1,1
2009-07-25 03:19:34.093,unknown,w-302252-DebtReduction1-1DC-yellowarrow-dark,TopLeft,DebtReductionInc,1.0,3.0,Debt Settlement1 Master,WA,15001-20000,google,unknown,Student Debt,,,http://www.debtreductioninc.com/index11.html,student_debt,302252,1DC,yellowarrow-dark,0,0
2009-06-11 09:15:12.507,unknown,w-302252-DebtReduction1-1DC-white,TopLeft,DebtReductionInc,0.0,0.0,Debt Settlement1 Master,TX,70001-90000,google,www.soyouwanna.com,Student Debt,,,http://www.debtreductioninc.com/index8.html,student_debt,302252,1DC,white,1,1
2009-06-16 00:00:00.000,closed,w-302252-DebtReduction1-1DC,TopLeft,DebtReductionInc,0.0,0.0,Debt Settlement1 Master,IL,7500-15000,yahoo,search.yahoo.com,Credit Card Debt,,1800ccd.com,http://www.debtreductioninc.com/index8.html,credit_general,302252,1DC,default,1,1
2009-06-15 10:04:51.410,unknown,w-302252-DebtReduction1-1DC-CreditSolutions,TopLeft,DebtReductionInc,0.0,0.0,creditsolutions-branded-shortform,AL,20001-30000,google,www.debtreductioninc.com,Credit Services,Credit services alabama,,http://www.debtreductioninc.com/index11.html,credit_general,302252,1DC,CreditSolutions,1,1
2009-06-17 16:05:53.000,bad,w-302252-DebtReduction1-1DC-yellowarrow-blue,TopLeft,DebtReductionInc,0.0,0.0,Debt Settlement1 Master,MI,7500-15000,google,chartlog.com,Student Debt,Student loan default,,http://www.debtreductioninc.com/index8.html,student_debt,302252,1DC,yellowarrow-blue,1,1
2009-08-22 19:11:14.140,unknown,w-302252-DebtReduction1-1DC-CreditSolutions,TopLeft,DebtReductionInc,5.0,5.0,creditsolutions-branded-shortform,FL,15001-20000,yahoo,search.yahoo.com,Credit Card Consolidation,,credit card debt consolidation,http://www.debtreductioninc.com/index8.html,credit_general,302252,1DC,CreditSolutions,0,0
2009-08-25 17:06:14.950,unknown,w-302252-DebtReduction1-1DC-yellowarrow-blue,TopLeft,DebtReductionInc,3.0,3.0,Debt Settlement1 Master,TX,30001-50000,google,unknown,How,How to fix credit,,http://www.debtreductioninc.com/index11.html,other,302252,1DC,yellowarrow-blue,0,0
2009-04-12 08:06:47.167,unknown,w-300250-DebtReduction1-1DC-Head2,TopLeft,DebtReductionInc,0.0,0.0,Debt Settlement1 Master,MD,50001-70000,yahoo,unknown,Debt Reduction,,,http://www.debtreductioninc.com/index8.html,debt,300250,1DC,Head2,1,1
2009-05-02 15:21:01.380,unknown,w-300250-DebtReduction1-1DC-Head2,TopLeft,DebtReductionInc,0.0,0.0,Debt Settlement1 Master,AL,7500-15000,yahoo,bestsyndication.com,Debt Consolidation,,,http://www.debtreductioninc.com/index8.html,consolidation,300250,1DC,Head2,1,1
2009-05-31 16:47:57.010,unknown,w-302252-DebtReduction1-1DC-CreditSolutions,TopLeft,DebtReductionInc,0.0,0.0,creditsolutions-branded-shortform,MT,30001-50000,yahoo,search.yahoo.com,Credit Card Debt,,how to rid credit card debt,http://www.debtreductioninc.com/index8.html,credit_general,302252,1DC,CreditSolutions,1,1
2009-04-13 00:00:00.000,closed,w-300250-DebtReduction1-1DC-BlueMeter,TopLeft,DebtReductionInc,0.0,0.0,Debt Settlement1 Master,MT,50001-70000,yahoo,search.yahoo.com,Filing Bankrupcy,,bankruptcy Montana,http://www.debtreductioninc.com/index8.html,bankrup,300250,1DC,BlueMeter,1,1
2009-05-30 10:08:07.543,unknown,w-302252-DebtReduction1-1DC-CreditSolutions,TopLeft,DebtReductionInc,0.0,0.0,creditsolutions-branded-shortform,TX,7500-15000,yahoo,search.yahoo.com,Bill Consolidation,,how to consolidate medical bills,http://www.debtreductioninc.com/index8.html,consolidation,302252,1DC,CreditSolutions,1,1
2009-06-08 11:44:52.113,unknown,w-302252-DebtReduction1-1DC-white,TopLeft,DebtReductionInc,0.0,0.0,Debt Settlement1 Master,VA,20001-30000,yahoo,www.searchnut.com,Credit Card Debt - high volume,,,http://www.debtreductioninc.com/index8.html,credit_general,302252,1DC,white,1,1
2009-06-18 14:10:47.000,bad,w-302252-DebtReduction1-1DC-CreditSolutions,TopLeft,DebtReductionInc,0.0,0.0,creditsolutions-branded-shortform,MA,30001-50000,yahoo,unknown,Student Debt,,,http://www.debtreductioninc.com/index8.html,student_debt,302252,1DC,CreditSolutions,1,1
2009-05-11 00:00:00.000,closed,w-302252-DebtReduction1-1DC,TopLeft,DebtReductionInc,0.0,0.0,Debt Settlement1 Master,CA,30001-50000,yahoo,search.yahoo.com,General Debt,,debt relief stories,http://www.debtreductioninc.com/index8.html,debt,302252,1DC,default,1,1
2009-06-14 22:37:57.420,unknown,w-302252-DebtReduction1-1DC,TopLeft,DebtReductionInc,0.0,0.0,Debt Settlement1 Master,AK,20001-30000,yahoo,search.yahoo.com,Debt Reduction,,www.debtreductionservices.org,http://www.debtreductioninc.com/index8.html,debt,302252,1DC,default,1,1
2009-07-30 13:04:59.763,unknown,w-302252-DebtReduction1-1DC-CreditSolutions,TopLeft,DebtReductionInc,5.0,3.0,creditsolutions-branded-shortform,NE,15001-20000,google,googleads.g.doubleclick.net,Credit Card Debt - high volume,,,http://www.debtreductioninc.com/index8.html,credit_general,302252,1DC,CreditSolutions,0,0
2009-07-15 12:31:33.073,unknown,w-302252-DebtReduction1-1DC-CreditSolutions,TopLeft,DebtReductionInc,5.0,3.0,creditsolutions-branded-shortform,MI,30001-50000,google,googleads.g.doubleclick.net,Credit Card Debt - high volume,,,http://www.debtreductioninc.com/index8.html,credit_general,302252,1DC,CreditSolutions,0,0
2009-08-09 11:11:18.377,unknown,w-302252-DebtReduction1-1DC-CreditSolutions,TopLeft,DebtReductionInc,5.0,2.0,creditsolutions-branded-shortform,FL,7500-15000,google,search.hp.my.aol.com,Debt Program,Government debt program,government debt consolidation program,http://www.debtreductioninc.com/index8.html,debt,302252,1DC,CreditSolutions,0,0
2009-04-13 18:47:34.477,unknown,w-300250-DebtReduction1-1DC-CreditSolutions,TopLeft,DebtReductionInc,0.0,0.0,creditsolutions-branded-shortform,AZ,30001-50000,yahoo,unknown,Lower Payments,,,http://www.debtreductioninc.com/index8.html,lower_payment,300250,1DC,CreditSolutions,1,1
2009-07-11 08:35:49.257,unknown,w-302252-DebtReduction1-1DC-white,TopLeft,DebtReductionInc,4.0,3.0,Debt Settlement1 Master,IL,7500-15000,google,park.parkingpanel.com,Lower Payments,,,http://www.debtreductioninc.com/index8.html,lower_payment,302252,1DC,white,0,0
2009-05-14 00:00:00.000,closed,w-302252-DebtReduction1-1DC,TopLeft,DebtReductionInc,0.0,0.0,Debt Settlement1 Master,PA,50001-70000,adknowledge,unknown,Consolidate,,,http://www.debtreductioninc.com/index8.html,consolidation,302252,1DC,default,1,1
2009-09-19 18:38:32.393,unknown,w-302252-DebtReduction1-1DC-CreditSolutions,TopLeft,DebtReductionInc,5.0,5.0,creditsolutions-branded-shortform,MO,15001-20000,yahoo,search.yahoo.com,Credit Card Debt,,laws on settling credit card debts,http://www.debtreductioninc.com/index8.html,credit_general,302252,1DC,CreditSolutions,0,0
2009-08-10 17:01:18.203,unknown,w-302252-DebtReduction1-1DC-yellowarrow-blue,TopLeft,DebtReductionInc,5.0,4.0,Debt Settlement1 Master,MI,15001-20000,google,googleads.g.doubleclick.net,Credit Card Debt - high volume,,,http://www.debtreductioninc.com/index8.html,credit_general,302252,1DC,yellowarrow-blue,0,0
2009-09-25 01:10:00.197,unknown,w-302252-DebtReduction1-1DC-yellowarrow-dark,TopLeft,DebtReductionInc,5.0,5.0,Debt Settlement1 Master,MI,20001-30000,yahoo,homes.hud.com,Credit Card Consolidation,,,http://www.debtreductioninc.com/index8.html,credit_general,302252,1DC,yellowarrow-dark,0,0
2009-07-06 20:35:44.827,unknown,w-302252-DebtReduction1-1DC,TopLeft,DebtReductionInc,0.0,3.0,Debt Settlement1 Master,MI,7500-15000,google,unknown,Lower Payments,,,http://www.debtreductioninc.com/index12.html,lower_payment,302252,1DC,default,1,0
2009-08-21 19:18:53.010,unknown,w-302252-DebtReduction1-1DC-CreditSolutions,TopLeft,DebtReductionInc,5.0,3.0,creditsolutions-branded-shortform,NE,30001-50000,google,www.google.com,Debt,Debt,transforming debt into wealth scam,http://www.debtreductioninc.com/index8.html,debt,302252,1DC,CreditSolutions,0,0
2009-09-14 22:51:10.000,bad,w-302252-DebtReduction1-1DC-CreditSolutions,TopLeft,DebtReductionInc,1.0,4.0,creditsolutions-branded-shortform,TX,20001-30000,yahoo,us.yhs.search.yahoo.com,Credit Card Consolidation,,debt consolidation,http://www.debtreductioninc.com/index8.html,credit_general,302252,1DC,CreditSolutions,0,0
2009-05-29 11:51:23.000,bad,w-302252-DebtReduction1-1DC-CreditSolutions,TopLeft,DebtReductionInc,0.0,0.0,creditsolutions-branded-shortform,AL,7500-15000,google,googleads.g.doubleclick.net,How,debt,,http://www.debtreductioninc.com/index8.html,other,302252,1DC,CreditSolutions,1,1
2009-04-16 22:24:07.447,unknown,w-300250-DebtReduction1-2DC-CreditSolutions,TopLeft,DebtReductionInc,0.0,0.0,creditsolutions-branded-shortform,NE,7500-15000,adknowledge,unknown,Consolidate,,,http://www.debtreductioninc.com/index8.html,consolidation,300250,2DC,CreditSolutions,1,1
2009-05-22 01:34:18.227,unknown,w-302252-DebtReduction1-1DC-white,TopLeft,DebtReductionInc,0.0,0.0,Debt Settlement1 Master,IL,30001-50000,google,unknown,Student Debt,,,http://www.debtreductioninc.com/index8.html,student_debt,302252,1DC,white,1,1
2009-08-13 14:54:04.857,unknown,w-302252-DebtReduction1-1DC-yellowarrow-dark,TopLeft,DebtReductionInc,3.0,3.0,Debt Settlement1 Master,IL,20001-30000,yahoo,search.yahoo.com,Consolidation Program,,cheap debt consolidation programs,http://www.debtreductioninc.com/index8.html,consolidation,302252,1DC,yellowarrow-dark,0,0
2009-06-12 01:26:24.000,bad,w-302252-DebtReduction1-1DC-CreditSolutions,TopLeft,DebtReductionInc,0.0,0.0,creditsolutions-branded-shortform,IL,7500-15000,yahoo,fultonweb.info,Debt Program,,,http://www.debtreductioninc.com/index8.html,debt,302252,1DC,CreditSolutions,1,1
2009-07-16 21:34:25.707,unknown,w-302252-DebtReduction1-1DC-white,TopLeft,DebtReductionInc,5.0,3.0,Debt Settlement1 Master,MO,7500-15000,yahoo,www.dogpile.com,General Debt,,,http://www.debtreductioninc.com/index8.html,debt,302252,1DC,white,0,0
2009-04-15 21:21:16.393,unknown,w-300250-DebtReduction1-1DC-CreditSolutions,TopLeft,DebtReductionInc,0.0,0.0,creditsolutions-branded-shortform,AZ,30001-50000,yahoo,www.findstuff.com,Credit Debt Consolidation Loan,,,http://www.debtreductioninc.com/index8.html,credit_general,300250,1DC,CreditSolutions,1,1
2009-06-21 09:36:20.000,bad,w-302252-DebtReduction1-1DC-CreditSolutions,TopLeft,DebtReductionInc,0.0,0.0,creditsolutions-branded-shortform,AZ,50001-70000,google,googleads.g.doubleclick.net,Student Debt,,http://www.consolidate-studentloans.biz,http://www.debtreductioninc.com/index8.html,student_debt,302252,1DC,CreditSolutions,1,1
2009-09-05 00:00:00.000,good,w-302252-DebtReduction1-1DC-CreditSolutions,TopLeft,DebtReductionInc,4.0,4.0,creditsolutions-branded-shortform,AZ,70001-90000,yahoo,search.yahoo.com,Credit Card Consolidation,,credit card debt,http://www.debtreductioninc.com/index8.html,credit_general,302252,1DC,CreditSolutions,0,0
2009-06-30 00:00:00.000,closed,w-302252-DebtReduction1-1DC-CreditSolutions,TopLeft,DebtReductionInc,0.0,5.0,creditsolutions-branded-shortform,VA,20001-30000,yahoo,www.findstuff.com,Debt Consolidation,,,http://www.debtreductioninc.com/index8.html,consolidation,302252,1DC,CreditSolutions,1,0
2009-05-23 02:33:09.000,bad,w-302252-DebtReduction1-1DC-CreditSolutions,TopLeft,DebtReductionInc,0.0,0.0,creditsolutions-branded-shortform,VA,7500-15000,yahoo,www.feasiblefinance.com,Debt Credit Services,,,http://www.debtreductioninc.com/index8.html,credit_general,302252,1DC,CreditSolutions,1,1
2009-09-17 08:18:47.587,unknown,w-302252-DebtReduction1-1DC-CreditSolutions,TopLeft,DebtReductionInc,5.0,4.0,creditsolutions-branded-shortform,VA,30001-50000,google,googleads.g.doubleclick.net,Credit Card Debt - high volume,,,http://www.debtreductioninc.com/index8.html,credit_general,302252,1DC,CreditSolutions,0,0
2009-07-25 19:03:29.880,unknown,w-302252-DebtReduction1-1DC-white,TopLeft,DebtReductionInc,5.0,5.0,Debt Settlement1 Master,VA,90000-100000,google,search.mywebsearch.com,Credit Card Debt - high volume,,,http://www.debtreductioninc.com/index8.html,credit_general,302252,1DC,white,0,0
2009-05-09 02:16:23.313,unknown,w-302252-DebtReduction1-1DC-white,TopLeft,DebtReductionInc,0.0,0.0,Debt Settlement1 Master,WV,7500-15000,google,googleads.g.doubleclick.net,Credit Card Debt - high volume,,,http://www.debtreductioninc.com/index8.html,credit_general,302252,1DC,white,1,1
2009-07-08 05:46:31.167,unknown,w-302252-DebtReduction1-1DC-CreditSolutions,TopLeft,DebtReductionInc,0.0,5.0,creditsolutions-branded-shortform,VA,7500-15000,google,www.aboutus.org,Student Debt,,,http://www.debtreductioninc.com/index8.html,student_debt,302252,1DC,CreditSolutions,1,0
2009-05-16 08:46:27.153,unknown,w-302252-DebtReduction1-1DC,TopLeft,DebtReductionInc,0.0,0.0,Debt Settlement1 Master,IL,7500-15000,google,www.webcrawler.com,Lower Payments,Credit card payments,,http://www.debtreductioninc.com/index8.html,lower_payment,302252,1DC,default,1,1
2009-07-29 12:48:33.000,bad,w-302252-DebtReduction1-1DC-white,TopLeft,DebtReductionInc,4.0,2.0,Debt Settlement1 Master,CA,20001-30000,google,googleads.g.doubleclick.net,Consolidation,Consolidate loans,,http://www.debtreductioninc.com/index8.html,consolidation,302252,1DC,white,0,0
2009-07-10 15:24:52.000,bad,w-302252-DebtReduction1-1DC-white,TopLeft,DebtReductionInc,0.0,3.0,Debt Settlement1 Master,PA,50001-70000,yahoo,search.yahoo.com,General Debt,,federal debt relief system,http://www.debtreductioninc.com/index8.html,debt,302252,1DC,white,1,0
2009-06-11 22:29:05.447,unknown,w-302252-DebtReduction1-1DC-CreditSolutions,TopLeft,DebtReductionInc,0.0,0.0,creditsolutions-branded-shortform,IL,15001-20000,google,www.google.com,How,How to lower credit card,how to lower credit card finance charges,http://www.debtreductioninc.com/index12.html,other,302252,1DC,CreditSolutions,1,1
2009-08-05 13:22:52.000,bad,w-302252-DebtReduction1-1DC-white,TopLeft,DebtReductionInc,5.0,5.0,Debt Settlement1 Master,MO,7500-15000,google,www.ask.com,How,How to stop creditors calling,how to get creditors to quit calling,http://www.debtreductioninc.com/index12.html,other,302252,1DC,white,0,0
2009-08-16 17:10:26.357,unknown,w-302252-DebtReduction1-1DC-yellowarrow-dark,TopLeft,DebtReductionInc,5.0,3.0,Debt Settlement1 Master,MO,7500-15000,yahoo,search.yahoo.com,Consolidation Debt Loan,,banks in MO+debt consolidation loans,http://www.debtreductioninc.com/index8.html,consolidation,302252,1DC,yellowarrow-dark,0,0
2009-05-11 16:46:46.677,unknown,w-302252-DebtReduction1-1DC-white,TopLeft,DebtReductionInc,0.0,0.0,Debt Settlement1 Master,MO,30001-50000,yahoo,directory.consumeronly.com,Chapter 7 Bankruptcy,,,http://www.debtreductioninc.com/index8.html,bankrup,302252,1DC,white,1,1
2009-08-06 21:14:18.573,unknown,w-302252-DebtReduction1-1DC-CreditSolutions,TopLeft,DebtReductionInc,3.0,3.0,creditsolutions-branded-shortform,OK,30001-50000,yahoo,search.yahoo.com,Debt Reduction,,debt reduction services oklahoma,http://www.debtreductioninc.com/index8.html,debt,302252,1DC,CreditSolutions,0,0
2009-09-19 19:50:32.297,unknown,w-302252-DebtReduction1-1DC-CreditSolutions,TopLeft,DebtReductionInc,5.0,5.0,creditsolutions-branded-shortform,IL,More_than_100000,google,www.ehow.com,Consolidation,Debt consolidation,,http://www.debtreductioninc.com/index8.html,consolidation,302252,1DC,CreditSolutions,0,0
2009-06-02 15:30:39.937,unknown,w-302252-DebtReduction1-1DC-CreditSolutions,TopLeft,DebtReductionInc,0.0,0.0,creditsolutions-branded-shortform,PA,7500-15000,google,googleads.g.doubleclick.net,Credit Card Debt - high volume,,,http://www.debtreductioninc.com/index8.html,credit_general,302252,1DC,CreditSolutions,1,1
2009-04-10 21:50:00.150,unknown,w-300250-DebtReduction1-1DC-CreditSolutions,TopLeft,DebtReductionInc,0.0,0.0,creditsolutions-branded-shortform,MA,20001-30000,google,credit.about.com,Credit Card Debt - high volume,,,http://www.debtreductioninc.com/index8.html,credit_general,300250,1DC,CreditSolutions,1,1
2009-05-17 16:37:16.360,unknown,w-302252-DebtReduction1-1DC-CreditSolutions,TopLeft,DebtReductionInc,0.0,0.0,creditsolutions-branded-shortform,MA,20001-30000,yahoo,unknown,Credit Card Debt,,,http://www.debtreductioninc.com/index8.html,credit_general,302252,1DC,CreditSolutions,1,1
2009-08-24 17:18:21.983,unknown,w-302252-DebtReduction1-1DC-yellowarrow-blue,TopLeft,DebtReductionInc,5.0,5.0,Debt Settlement1 Master,NY,More_than_100000,yahoo,search.yahoo.com,Debt Reduction,,us mortgage reduction,http://www.debtreductioninc.com/index8.html,debt,302252,1DC,yellowarrow-blue,0,0
2009-08-11 17:42:15.920,unknown,w-302252-DebtReduction1-1DC-yellowarrow-blue,TopLeft,DebtReductionInc,5.0,4.0,Debt Settlement1 Master,IL,7500-15000,google,googleads.g.doubleclick.net,Lower Payments,,,http://www.debtreductioninc.com/index12.html,lower_payment,302252,1DC,yellowarrow-blue,0,0
2009-05-24 20:47:53.333,unknown,w-302252-DebtReduction1-1DC-CreditSolutions,TopLeft,DebtReductionInc,0.0,0.0,creditsolutions-branded-shortform,VA,15001-20000,yahoo,search.yahoo.com,Free Debt Consolidation,,free debt consolidation in virginia,http://www.debtreductioninc.com/index8.html,consolidation,302252,1DC,CreditSolutions,1,1
2009-09-07 19:21:49.343,unknown,w-302252-DebtReduction1-1DC-yellowarrow,TopLeft,DebtReductionInc,1.0,5.0,Debt Settlement1 Master,VA,7500-15000,google,www.banks.com,Holding Tank - Debt,Personal grants to pay off debts,,http://www.debtreductioninc.com/index8.html,debt,302252,1DC,yellowarrow,0,0
2009-07-24 08:17:38.313,unknown,w-302252-DebtReduction1-1DC-CreditSolutions,TopLeft,DebtReductionInc,1.0,2.0,creditsolutions-branded-shortform,IL,20001-30000,yahoo,us.mc811.mail.yahoo.com,,,,http://www.debtreductioninc.com/index8.html,other,302252,1DC,CreditSolutions,0,0
2009-07-30 19:24:58.190,unknown,w-302252-DebtReduction1-1DC-CreditSolutions,TopLeft,DebtReductionInc,5.0,5.0,creditsolutions-branded-shortform,IL,7500-15000,google,www.banks.com,Debt Negotiation,Debt negotiation services,,http://www.debtreductioninc.com/index8.html,debt,302252,1DC,CreditSolutions,0,0
2009-06-22 01:52:00.623,unknown,w-302252-DebtReduction1-1DC-CreditSolutions,TopLeft,DebtReductionInc,0.0,0.0,creditsolutions-branded-shortform,CA,7500-15000,yahoo,careertheories.com,Debt Reduction (HV),,,http://www.debtreductioninc.com/index8.html,debt,302252,1DC,CreditSolutions,1,1
2009-06-04 02:43:27.477,unknown,w-302252-DebtReduction1-1DC-CreditSolutions,TopLeft,DebtReductionInc,0.0,0.0,creditsolutions-branded-shortform,TX,7500-15000,yahoo,unknown,Debt Reduction,,,http://www.debtreductioninc.com/index8.html,debt,302252,1DC,CreditSolutions,1,1
2009-06-29 00:00:00.000,good,w-302252-DebtReduction1-1DC-yellowarrow-blue,TopLeft,DebtReductionInc,0.0,5.0,Debt Settlement1 Master,FL,30001-50000,yahoo,ww23.rr.com,Debt Consolidation,,,http://www.debtreductioninc.com/index8.html,consolidation,302252,1DC,yellowarrow-blue,1,0
2009-07-04 09:06:52.307,unknown,w-302252-DebtReduction1-1DC,TopLeft,DebtReductionInc,0.0,2.0,Debt Settlement1 Master,NY,15001-20000,yahoo,unknown,Debt Consolidation,,,http://www.debtreductioninc.com/index8.html,consolidation,302252,1DC,default,1,0
2009-07-13 10:19:59.000,bad,w-302252-DebtReduction1-1DC-CreditSolutions,TopLeft,DebtReductionInc,3.0,4.0,creditsolutions-branded-shortform,CA,7500-15000,google,www.life123.com,Student Debt,,,http://www.debtreductioninc.com/index12.html,student_debt,302252,1DC,CreditSolutions,0,0
2009-09-28 00:00:00.000,good,w-302252-DebtReduction1-1DC-yellowarrow,TopLeft,DebtReductionInc,5.0,5.0,Debt Settlement1 Master,NY,70001-90000,yahoo,search.yahoo.com,Credit Card Consolidation,,debt consolidation,http://www.debtreductioninc.com/index8.html,credit_general,302252,1DC,yellowarrow,0,0
2009-05-05 11:20:29.000,bad,w-300250-DebtReduction1-1DC,TopLeft,DebtReductionInc,0.0,0.0,Debt Settlement1 Master,TX,7500-15000,google,www.ehow.com,Debt,Debt,,http://www.debtreductioninc.com/index8.html,debt,300250,1DC,default,1,1
2009-06-19 16:36:11.887,unknown,w-302252-DebtReduction1-1DC-CreditSolutions,TopLeft,DebtReductionInc,0.0,0.0,creditsolutions-branded-shortform,NY,20001-30000,yahoo,search.pch.com,Get Out Of Debt,,best way to get out of debt,http://www.debtreductioninc.com/index8.html,debt,302252,1DC,CreditSolutions,1,1
2009-07-31 12:12:55.280,unknown,w-302252-DebtReduction1-1DC-white,TopLeft,DebtReductionInc,5.0,5.0,Debt Settlement1 Master,FL,7500-15000,google,googleads.g.doubleclick.net,Credit Card Debt - high volume,,,http://www.debtreductioninc.com/index8.html,credit_general,302252,1DC,white,0,0
2009-09-24 00:00:00.000,closed,w-302252-DebtReduction1-1DC-CreditSolutions,TopLeft,DebtReductionInc,3.0,3.0,creditsolutions-branded-shortform,HI,7500-15000,google,googleads.g.doubleclick.net,Credit Card Debt - high volume,,,http://www.debtreductioninc.com/index8.html,credit_general,302252,1DC,CreditSolutions,0,0
2009-05-12 00:00:00.000,closed,w-302252-DebtReduction1-1DC-CreditSolutions,TopLeft,DebtReductionInc,0.0,0.0,creditsolutions-branded-shortform,NY,7500-15000,adknowledge,us.mc656.mail.yahoo.com,Consolidate,,,http://www.debtreductioninc.com/index8.html,consolidation,302252,1DC,CreditSolutions,1,1
2009-08-16 23:14:24.647,unknown,w-302252-DebtReduction1-1DC-white,TopLeft,DebtReductionInc,5.0,3.0,Debt Settlement1 Master,NY,15001-20000,google,googleads.g.doubleclick.net,Credit Card Debt - high volume,,,http://www.debtreductioninc.com/index8.html,credit_general,302252,1DC,white,0,0
2009-08-13 20:34:03.843,unknown,w-302252-DebtReduction1-1DC-yellowarrow-dark,TopLeft,DebtReductionInc,5.0,5.0,Debt Settlement1 Master,WA,15001-20000,google,www.fastbrowsersearch.com,Debt Negotiation,Debt negotiation lawyer,,http://www.debtreductioninc.com/index8.html,debt,302252,1DC,yellowarrow-dark,0,0
2009-08-25 19:44:14.523,unknown,w-302252-DebtReduction1-1DC-white,TopLeft,DebtReductionInc,5.0,3.0,Debt Settlement1 Master,WA,15001-20000,google,www.fastbrowsersearch.com,Debt Negotiation,Debt negotiation lawyer,,http://www.debtreductioninc.com/index8.html,debt,302252,1DC,white,0,0
2009-08-29 00:28:53.280,unknown,w-302252-DebtReduction1-1DC-CreditSolutions,TopLeft,DebtReductionInc,2.0,3.0,creditsolutions-branded-shortform,WA,20001-30000,google,googleads.g.doubleclick.net,Credit Card Debt - high volume,,,http://www.debtreductioninc.com/index8.html,credit_general,302252,1DC,CreditSolutions,0,0
2009-09-03 17:59:15.000,bad,w-302252-DebtReduction1-1DC-CreditSolutions,TopLeft,DebtReductionInc,5.0,5.0,creditsolutions-branded-shortform,TX,7500-15000,google,unknown,Lower Payments,,,http://www.debtreductioninc.com/index11.html,lower_payment,302252,1DC,CreditSolutions,0,0
2009-05-02 18:56:59.203,unknown,w-300250-DebtReduction1-1DC-CreditSolutions,TopLeft,DebtReductionInc,0.0,0.0,creditsolutions-branded-shortform,TX,15001-20000,yahoo,search.yahoo.com,Debt Consolidation,,cambridge debt,http://www.debtreductioninc.com/index8.html,consolidation,300250,1DC,CreditSolutions,1,1
2009-05-19 11:08:02.173,unknown,w-302252-DebtReduction1-1DC-white,TopLeft,DebtReductionInc,0.0,0.0,Debt Settlement1 Master,AL,30001-50000,google,googleads.g.doubleclick.net,Credit Card Debt - high volume,,,http://www.debtreductioninc.com/index8.html,credit_general,302252,1DC,white,1,1
2009-04-08 12:45:41.427,unknown,w-300250-DebtReduction1-1DC-Head2,TopLeft,DebtReductionInc,0.0,0.0,Debt Settlement1 Master,TX,More_than_100000,yahoo,search.yahoo.com,Debt Program,,national debt reduction inc,http://www.debtreductioninc.com/index8.html,debt,300250,1DC,Head2,1,1
2009-07-16 11:02:29.943,unknown,w-302252-DebtReduction1-1DC-white,TopLeft,DebtReductionInc,4.0,3.0,Debt Settlement1 Master,TX,90000-100000,google,collegesavings.about.com,Student Debt,,,http://www.debtreductioninc.com/index12.html,student_debt,302252,1DC,white,0,0
2009-04-09 17:17:32.000,bad,w-300250-DebtReduction1-2DC-BlueMeter,TopLeft,DebtReductionInc,0.0,0.0,Debt Settlement1 Master,TX,7500-15000,google,googleads.g.doubleclick.net,Stop Collections,,,http://www.debtreductioninc.com/index8.html,collection,300250,2DC,BlueMeter,1,1
2009-06-06 00:00:00.000,closed,w-302252-DebtReduction1-1DC,TopLeft,DebtReductionInc,0.0,0.0,Debt Settlement1 Master,TX,30001-50000,google,www.google.com,Holding Tank - Debt,Debt mediation,Debt mediation,http://www.debtreductioninc.com/index8.html,debt,302252,1DC,default,1,1
2009-04-24 00:00:00.000,good,w-300250-DebtReduction1-1DC-CreditSolutions,TopLeft,DebtReductionInc,0.0,0.0,creditsolutions-branded-shortform,TX,30001-50000,yahoo,search.yahoo.com,General Debt - high volume,,deb soloutions,http://www.debtreductioninc.com/index8.html,debt,300250,1DC,CreditSolutions,1,1
2009-05-01 22:20:06.827,unknown,w-300250-DebtReduction1-1DC-Head2,TopLeft,DebtReductionInc,0.0,0.0,Debt Settlement1 Master,TX,15001-20000,yahoo,search.yahoo.com,Debt Solution,,top debt solution companies,http://www.debtreductioninc.com/index8.html,debt,300250,1DC,Head2,1,1
2009-04-25 17:35:53.073,unknown,w-300250-DebtReduction1-1DC-Head3,TopLeft,DebtReductionInc,0.0,0.0,Debt Settlement1 Master,TX,7500-15000,google,googleads.g.doubleclick.net,Student Debt,,,http://www.debtreductioninc.com/index8.html,student_debt,300250,1DC,Head3,1,1
2009-08-28 20:48:29.000,bad,w-302252-DebtReduction1-1DC-CreditSolutions,TopLeft,DebtReductionInc,5.0,5.0,creditsolutions-branded-shortform,CA,15001-20000,yahoo,nightforum.com,Credit Card Consolidation,,,http://www.debtreductioninc.com/index8.html,credit_general,302252,1DC,CreditSolutions,0,0
2009-05-17 21:43:14.953,unknown,w-302252-DebtReduction1-1DC,TopLeft,DebtReductionInc,0.0,0.0,Debt Settlement1 Master,NV,50001-70000,yahoo,www.findstuff.com,Debt Consolidation,,,http://www.debtreductioninc.com/index8.html,consolidation,302252,1DC,default,1,1
2009-05-26 11:17:44.263,unknown,w-302252-DebtReduction1-1DC,TopLeft,DebtReductionInc,0.0,0.0,Debt Settlement1 Master,IL,7500-15000,yahoo,search.yahoo.com,General Debt,,debt clear,http://www.debtreductioninc.com/index8.html,debt,302252,1DC,default,1,1
2009-06-14 02:45:58.777,unknown,w-302252-DebtReduction1-1DC-CreditSolutions,TopLeft,DebtReductionInc,0.0,0.0,creditsolutions-branded-shortform,AL,7500-15000,yahoo,unknown,General Debt,,,http://www.debtreductioninc.com/index8.html,debt,302252,1DC,CreditSolutions,1,1
2009-08-23 11:41:27.880,unknown,w-302252-DebtReduction1-1DC-CreditSolutions,TopLeft,DebtReductionInc,5.0,5.0,creditsolutions-branded-shortform,MI,7500-15000,adknowledge,unknown,Consolidate,,,http://www.debtreductioninc.com/index8.html,consolidation,302252,1DC,CreditSolutions,0,0
2009-06-10 00:00:00.000,good,w-302252-DebtReduction1-1DC,TopLeft,DebtReductionInc,0.0,0.0,Debt Settlement1 Master,CA,15001-20000,yahoo,search.yahoo.com,Personal Debt,,national debt consolidation,http://www.debtreductioninc.com/index8.html,debt,302252,1DC,default,1,1
2009-07-07 15:50:32.190,unknown,w-302252-DebtReduction1-1DC-CreditSolutions,TopLeft,DebtReductionInc,0.0,4.0,creditsolutions-branded-shortform,NV,7500-15000,yahoo,search.yahoo.com,Stop Collections,,fair debt collection help,http://www.debtreductioninc.com/index8.html,collection,302252,1DC,CreditSolutions,1,0
2009-09-21 16:28:20.790,unknown,w-302252-DebtReduction1-1DC-CreditSolutions,TopLeft,DebtReductionInc,4.0,3.0,creditsolutions-branded-shortform,FL,30001-50000,google,www.google.com,Holding Tank - Debt,Consumer debt initiative,consumer debt initiative 2009,http://www.debtreductioninc.com/index8.html,debt,302252,1DC,CreditSolutions,0,0
2009-07-23 21:49:41.517,unknown,w-302252-DebtReduction1-1DC-CreditSolutions,TopLeft,DebtReductionInc,5.0,3.0,creditsolutions-branded-shortform,AL,15001-20000,google,googleads.g.doubleclick.net,Credit Card Debt - high volume,,,http://www.debtreductioninc.com/index8.html,credit_general,302252,1DC,CreditSolutions,0,0
2009-07-12 11:37:06.000,bad,w-302252-DebtReduction1-1DC-CreditSolutions,TopLeft,DebtReductionInc,5.0,5.0,creditsolutions-branded-shortform,NY,7500-15000,google,en.allexperts.com,Holding Tank - Debt,Credit card debt laws,,http://www.debtreductioninc.com/index8.html,debt,302252,1DC,CreditSolutions,0,0
2009-06-01 11:50:59.000,bad,w-302252-DebtReduction1-1DC-CreditSolutions,TopLeft,DebtReductionInc,0.0,0.0,creditsolutions-branded-shortform,NY,20001-30000,google,www.ehow.com,Student Debt,,,http://www.debtreductioninc.com/index8.html,student_debt,302252,1DC,CreditSolutions,1,1
2009-05-31 13:11:57.977,unknown,w-302252-DebtReduction1-1DC-CreditSolutions,TopLeft,DebtReductionInc,0.0,0.0,creditsolutions-branded-shortform,NY,7500-15000,yahoo,search.yahoo.com,General Debt - high volume,,DEBT RESOLUTIONS,http://www.debtreductioninc.com/index8.html,debt,302252,1DC,CreditSolutions,1,1
2009-05-04 18:35:45.653,unknown,w-300250-DebtReduction1-1DC-CreditSolutions,TopLeft,DebtReductionInc,0.0,0.0,creditsolutions-branded-shortform,NY,50001-70000,google,googleads.g.doubleclick.net,How,debt,,http://www.debtreductioninc.com/index8.html,other,300250,1DC,CreditSolutions,1,1
2009-06-06 14:51:06.850,unknown,w-302252-DebtReduction1-1DC-CreditSolutions,TopLeft,DebtReductionInc,0.0,0.0,creditsolutions-branded-shortform,NY,90000-100000,google,search.domainnotfound.optimum.net,Holding Tank - Debt,Debt remedy,,http://www.debtreductioninc.com/index8.html,debt,302252,1DC,CreditSolutions,1,1
2009-06-21 21:25:01.937,unknown,w-302252-DebtReduction1-1DC-yellowarrow-blue,TopLeft,DebtReductionInc,0.0,0.0,Debt Settlement1 Master,NY,7500-15000,google,www.usnews.com,Student Debt,,,http://www.debtreductioninc.com/index8.html,student_debt,302252,1DC,yellowarrow-blue,1,1
2009-08-28 22:41:53.880,unknown,w-302252-DebtReduction1-1DC-yellowarrow-blue,TopLeft,DebtReductionInc,5.0,3.0,Debt Settlement1 Master,NY,7500-15000,google,ezinearticles.com,Credit Card Debt - high volume,,,http://www.debtreductioninc.com/index8.html,credit_general,302252,1DC,yellowarrow-blue,0,0
2009-05-12 10:48:04.000,bad,w-302252-DebtReduction1-1DC-CreditSolutions,TopLeft,DebtReductionInc,0.0,0.0,creditsolutions-branded-shortform,NY,20001-30000,google,pubads.g.doubleclick.net,Debt Arbitration,,,http://www.debtreductioninc.com/index8.html,debt,302252,1DC,CreditSolutions,1,1
2009-07-14 11:41:56.000,bad,w-302252-DebtReduction1-1DC-CreditSolutions,TopLeft,DebtReductionInc,5.0,3.0,creditsolutions-branded-shortform,NY,50001-70000,yahoo,search.yahoo.com,Student Debt - high volume,,studentloandebt,http://www.debtreductioninc.com/index8.html,student_debt,302252,1DC,CreditSolutions,0,0
2009-05-01 18:26:17.793,unknown,w-300250-DebtReduction1-1DC,TopLeft,DebtReductionInc,0.0,0.0,Debt Settlement1 Master,NY,30001-50000,yahoo,search.yahoo.com,Debt Consolidation,,consolidated debt management,http://www.debtreductioninc.com/index8.html,consolidation,300250,1DC,default,1,1
2009-06-03 00:00:00.000,closed,w-302252-DebtReduction1-1DC-white,TopLeft,DebtReductionInc,0.0,0.0,Debt Settlement1 Master,NY,7500-15000,yahoo,www.findstuff.com,Debt Consolidation,,,http://www.debtreductioninc.com/index8.html,consolidation,302252,1DC,white,1,1
2009-04-29 19:16:25.723,unknown,w-300250-DebtReduction1-2DC-CreditSolutions,TopLeft,DebtReductionInc,0.0,0.0,creditsolutions-branded-shortform,NY,7500-15000,yahoo,search.yahoo.com,General Debt,,how to pay off your debt,http://www.debtreductioninc.com/index8.html,debt,300250,2DC,CreditSolutions,1,1
2009-07-18 14:42:15.867,unknown,w-302252-DebtReduction1-1DC-yellowarrow-blue,TopLeft,DebtReductionInc,5.0,3.0,Debt Settlement1 Master,CT,More_than_100000,google,unknown,Student Debt,,,http://www.debtreductioninc.com/index11.html,student_debt,302252,1DC,yellowarrow-blue,0,0
2009-04-14 04:22:30.837,unknown,w-300250-DebtReduction1-2DC-CreditSolutions,TopLeft,DebtReductionInc,0.0,0.0,creditsolutions-branded-shortform,NY,7500-15000,google,search.mywebsearch.com,Holding Tank - Debt,Debts,,http://www.debtreductioninc.com/index8.html,debt,300250,2DC,CreditSolutions,1,1
2009-08-06 23:27:20.427,unknown,w-302252-DebtReduction1-1DC-white,TopLeft,DebtReductionInc,5.0,3.0,Debt Settlement1 Master,NY,20001-30000,google,search.mywebsearch.com,Credit Card Debt - high volume,,,http://www.debtreductioninc.com/index8.html,credit_general,302252,1DC,white,0,0
2009-08-05 20:59:50.000,bad,w-302252-DebtReduction1-1DC-yellowarrow,TopLeft,DebtReductionInc,5.0,2.0,Debt Settlement1 Master,NY,70001-90000,google,www.google.com,Loan Default,Loan default help,credit union help payoff defaulted school loan,http://www.debtreductioninc.com/index8.html,loan,302252,1DC,yellowarrow,0,0
2009-06-05 14:03:16.463,unknown,w-302252-DebtReduction1-1DC-white,TopLeft,DebtReductionInc,0.0,0.0,Debt Settlement1 Master,NY,More_than_100000,google,googleads.g.doubleclick.net,How,debt,,http://www.debtreductioninc.com/index8.html,other,302252,1DC,white,1,1
2009-07-18 00:00:00.000,closed,w-302252-DebtReduction1-1DC-CreditSolutions,TopLeft,DebtReductionInc,5.0,2.0,creditsolutions-branded-shortform,MI,7500-15000,google,www.ehow.com,Credit Card Debt - high volume,,,http://www.debtreductioninc.com/index8.html,credit_general,302252,1DC,CreditSolutions,0,0
2009-07-02 20:08:53.373,unknown,w-302252-DebtReduction1-1DC-yellowarrow-blue,TopLeft,DebtReductionInc,0.0,0.0,Debt Settlement1 Master,NY,More_than_100000,google,www.ficacardservices.com,Lower Payments,,,http://www.debtreductioninc.com/index8.html,lower_payment,302252,1DC,yellowarrow-blue,1,1
2009-04-27 11:00:42.467,unknown,w-300250-DebtReduction1-1DC,TopLeft,DebtReductionInc,0.0,0.0,Debt Settlement1 Master,NY,70001-90000,google,www.google.com,Loan Default,Home loan default,home equity loan default,http://www.debtreductioninc.com/index8.html,loan,300250,1DC,default,1,1
2009-05-01 15:40:18.610,unknown,w-300250-DebtReduction1-1DC-Head3,TopLeft,DebtReductionInc,0.0,0.0,Debt Settlement1 Master,NY,7500-15000,google,googleads.g.doubleclick.net,Lower Payments,,,http://www.debtreductioninc.com/index8.html,lower_payment,300250,1DC,Head3,1,1
2009-06-05 16:15:22.497,unknown,w-302252-DebtReduction1-1DC-CreditSolutions,TopLeft,DebtReductionInc,0.0,0.0,creditsolutions-branded-shortform,NY,30001-50000,google,www.ask.com,Loan Default,Default on loan,Loan Default to Co Signer,http://www.debtreductioninc.com/index8.html,loan,302252,1DC,CreditSolutions,1,1
2009-07-17 14:08:21.440,unknown,w-302252-DebtReduction1-1DC-yellowarrow-blue,TopLeft,DebtReductionInc,5.0,2.0,Debt Settlement1 Master,CT,50001-70000,yahoo,www.iprowl.com,Credit Card Consolidation,,,http://www.debtreductioninc.com/index8.html,credit_general,302252,1DC,yellowarrow-blue,0,0
2009-05-08 14:08:22.627,unknown,w-302252-DebtReduction1-1DC-CreditSolutions,TopLeft,DebtReductionInc,0.0,0.0,creditsolutions-branded-shortform,OR,7500-15000,google,www.ehow.com,Student Debt,,,http://www.debtreductioninc.com/index8.html,student_debt,302252,1DC,CreditSolutions,1,1
2009-09-19 20:14:32.207,unknown,w-302252-DebtReduction1-1DC-CreditSolutions,TopLeft,DebtReductionInc,5.0,3.0,creditsolutions-branded-shortform,TX,More_than_100000,google,www.google.com,Debt,Debt,attorney to fight debatable debt,http://www.debtreductioninc.com/index8.html,debt,302252,1DC,CreditSolutions,0,0
2009-08-03 17:11:03.000,bad,w-302252-DebtReduction1-1DC-yellowarrow-blue,TopLeft,DebtReductionInc,4.0,4.0,Debt Settlement1 Master,NV,7500-15000,yahoo,search.yahoo.com,Credit Card Consolidation,,credit consolidation in spanish,http://www.debtreductioninc.com/index8.html,credit_general,302252,1DC,yellowarrow-blue,0,0
2009-06-17 00:00:00.000,closed,w-302252-DebtReduction1-1DC-CreditSolutions,TopLeft,DebtReductionInc,0.0,0.0,creditsolutions-branded-shortform,NV,7500-15000,yahoo,search.yahoo.com,Credit Card Consolidation,,credit +consilation,http://www.debtreductioninc.com/index8.html,credit_general,302252,1DC,CreditSolutions,1,1
2009-05-30 22:17:03.500,unknown,w-302252-DebtReduction1-1DC,TopLeft,DebtReductionInc,0.0,0.0,Debt Settlement1 Master,CA,70001-90000,google,businessmajors.about.com,Student Debt,,,http://www.debtreductioninc.com/index8.html,student_debt,302252,1DC,default,1,1
2009-05-12 22:43:37.183,unknown,w-302252-DebtReduction1-1DC-white,TopLeft,DebtReductionInc,0.0,0.0,Debt Settlement1 Master,OR,7500-15000,yahoo,search.yahoo.com,Debt Payment,,debt consolidation one monthly payment,http://www.debtreductioninc.com/index8.html,debt,302252,1DC,white,1,1
2009-07-04 19:24:28.000,bad,w-302252-DebtReduction1-1DC-CreditSolutions,TopLeft,DebtReductionInc,0.0,5.0,creditsolutions-branded-shortform,OR,70001-90000,yahoo,search.yahoo.com,Student Debt - high volume,,how to minimize student loan debt,http://www.debtreductioninc.com/index8.html,student_debt,302252,1DC,CreditSolutions,1,0
2009-09-07 10:05:51.577,unknown,w-302252-DebtReduction1-1DC-CreditSolutions,TopLeft,DebtReductionInc,1.0,4.0,creditsolutions-branded-shortform,OR,7500-15000,google,googleads.g.doubleclick.net,Lower Payments,,,http://www.debtreductioninc.com/index12.html,lower_payment,302252,1DC,CreditSolutions,0,0
2009-08-18 19:59:13.797,unknown,w-302252-DebtReduction1-1DC-yellowarrow-blue,TopLeft,DebtReductionInc,5.0,3.0,Debt Settlement1 Master,MI,50001-70000,yahoo,search.yahoo.com,Student Debt - high volume,,Stimulus dollars for student loan debts,http://www.debtreductioninc.com/index8.html,student_debt,302252,1DC,yellowarrow-blue,0,0
2009-06-23 06:46:52.393,unknown,w-302252-DebtReduction1-1DC-CreditSolutions,TopLeft,DebtReductionInc,0.0,0.0,creditsolutions-branded-shortform,NY,50001-70000,google,www.ehow.com,Student Debt,,,http://www.debtreductioninc.com/index8.html,student_debt,302252,1DC,CreditSolutions,1,1
2009-09-18 18:35:39.647,unknown,w-302252-DebtReduction1-1DC-CreditSolutions,TopLeft,DebtReductionInc,5.0,5.0,creditsolutions-branded-shortform,MO,30001-50000,yahoo,studentdebtconsolidate.org,Student Debt - high volume,,,http://www.debtreductioninc.com/index8.html,student_debt,302252,1DC,CreditSolutions,0,0
2009-05-20 22:41:25.450,unknown,w-302252-DebtReduction1-1DC,TopLeft,DebtReductionInc,0.0,0.0,Debt Settlement1 Master,MO,7500-15000,yahoo,unknown,General Debt,,,http://www.debtreductioninc.com/index8.html,debt,302252,1DC,default,1,1
2009-09-15 16:12:05.000,bad,w-302252-DebtReduction1-1DC-CreditSolutions,TopLeft,DebtReductionInc,5.0,5.0,creditsolutions-branded-shortform,MO,50001-70000,google,searchportal.information.com,Lower Payments,Credit card payments,,http://www.debtreductioninc.com/index8.html,lower_payment,302252,1DC,CreditSolutions,0,0
2009-09-18 19:05:39.260,unknown,w-302252-DebtReduction1-1DC-yellowarrow,TopLeft,DebtReductionInc,2.0,5.0,Debt Settlement1 Master,IL,7500-15000,google,unknown,Credit Card Debt - high volume,,,http://www.debtreductioninc.com/index8.html,credit_general,302252,1DC,yellowarrow,0,0
2009-07-31 00:00:00.000,closed,w-302252-DebtReduction1-1DC-white,TopLeft,DebtReductionInc,5.0,4.0,Debt Settlement1 Master,IL,30001-50000,yahoo,search.yahoo.com,Debt Program,,Federal Debt Relief Program,http://www.debtreductioninc.com/index8.html,debt,302252,1DC,white,0,0
2009-06-08 00:00:00.000,closed,w-302252-DebtReduction1-1DC-CreditSolutions,TopLeft,DebtReductionInc,0.0,0.0,creditsolutions-branded-shortform,IL,20001-30000,adknowledge,moneycentral.msn.com,Consolidate,,get rid of debt,http://www.debtreductioninc.com/index8.html,consolidation,302252,1DC,CreditSolutions,1,1
2009-04-16 00:00:00.000,closed,w-300250-DebtReduction1-2DC-CreditSolutions,TopLeft,DebtReductionInc,0.0,0.0,creditsolutions-branded-shortform,CT,7500-15000,yahoo,search.yahoo.com,Get Out Of Debt,,get a loan to get out of debt,http://www.debtreductioninc.com/index8.html,debt,300250,2DC,CreditSolutions,1,1
2009-09-20 00:05:32.023,unknown,w-302252-DebtReduction1-1DC-white,TopLeft,DebtReductionInc,5.0,2.0,Debt Settlement1 Master,MA,7500-15000,google,www.banks.com,Holding Tank - Debt,Personal grants to pay off debts,,http://www.debtreductioninc.com/index8.html,debt,302252,1DC,white,0,0
2009-07-13 18:35:35.440,unknown,w-302252-DebtReduction1-1DC-CreditSolutions,TopLeft,DebtReductionInc,1.0,5.0,creditsolutions-branded-shortform,OR,7500-15000,google,www.google.com,Student Debt,Defaulted student loans,consolidate defaulted student loans,http://www.debtreductioninc.com/index8.html,student_debt,302252,1DC,CreditSolutions,0,0
2009-09-17 22:04:54.000,bad,w-302252-DebtReduction1-1DC-yellowarrow-dark,TopLeft,DebtReductionInc,3.0,2.0,Debt Settlement1 Master,SD,15001-20000,google,www.google.com,Loan Default,Loan default help,help with defaulted student loans,http://www.debtreductioninc.com/index8.html,loan,302252,1DC,yellowarrow-dark,0,0
2009-07-27 15:37:19.877,unknown,w-302252-DebtReduction1-1DC-white,TopLeft,DebtReductionInc,5.0,3.0,Debt Settlement1 Master,FL,7500-15000,google,collegesavings.about.com,Student Debt,,,http://www.debtreductioninc.com/index12.html,student_debt,302252,1DC,white,0,0
2009-09-26 18:26:47.933,unknown,w-302252-DebtReduction1-1DC-CreditSolutions,TopLeft,DebtReductionInc,5.0,2.0,creditsolutions-branded-shortform,PA,7500-15000,yahoo,search.yahoo.com,Student Debt,,default on school loans,http://www.debtreductioninc.com/index8.html,student_debt,302252,1DC,CreditSolutions,0,0
2009-04-13 20:49:33.737,unknown,w-300250-DebtReduction1-1DC-Head2,TopLeft,DebtReductionInc,0.0,0.0,Debt Settlement1 Master,CA,7500-15000,yahoo,defaultsloan.com,Be Debt Free,,,http://www.debtreductioninc.com/index8.html,debt,300250,1DC,Head2,1,1
2009-09-08 06:41:45.997,unknown,w-302252-DebtReduction1-1DC-CreditSolutions,TopLeft,DebtReductionInc,5.0,5.0,creditsolutions-branded-shortform,SD,7500-15000,google,www.google.com,Lower Payments,Credit card payments,www.chase.com creditcards payment,http://www.debtreductioninc.com/index8.html,lower_payment,302252,1DC,CreditSolutions,0,0
2009-08-31 23:00:32.000,bad,w-302252-DebtReduction1-1DC-CreditSolutions,TopLeft,DebtReductionInc,5.0,2.0,creditsolutions-branded-shortform,MI,20001-30000,google,www.google.com,Holding Tank - Debt,Debt cures,debt cures,http://www.debtreductioninc.com/index8.html,debt,302252,1DC,CreditSolutions,0,0
2009-06-08 14:06:30.487,unknown,w-302252-DebtReduction1-1DC-white,TopLeft,DebtReductionInc,0.0,0.0,Debt Settlement1 Master,NV,7500-15000,google,www.google.com,Debt Negotiation,Debt negotiation lawyer,attorney and negotiation of debt las vegas,http://www.debtreductioninc.com/index8.html,debt,302252,1DC,white,1,1
2009-07-19 15:28:07.730,unknown,w-302252-DebtReduction1-1DC-CreditSolutions,TopLeft,DebtReductionInc,5.0,3.0,creditsolutions-branded-shortform,MI,20001-30000,google,www.google.com,Holding Tank - Debt,Debt free books,debt free books,http://www.debtreductioninc.com/index8.html,debt,302252,1DC,CreditSolutions,0,0
2009-04-14 22:21:25.087,unknown,w-300250-DebtReduction1-1DC,TopLeft,DebtReductionInc,0.0,0.0,Debt Settlement1 Master,AK,7500-15000,google,www.google.com,Holding Tank - Debt,Debt cures,debt cures,http://www.debtreductioninc.com/index8.html,debt,300250,1DC,default,1,1
2009-04-22 02:14:23.820,unknown,w-300250-DebtReduction1-1DC-Head3,TopLeft,DebtReductionInc,0.0,0.0,Debt Settlement1 Master,CA,7500-15000,yahoo,yourloanman.net,Debt Reduction,,,http://www.debtreductioninc.com/index8.html,debt,300250,1DC,Head3,1,1
2009-04-16 12:18:11.020,unknown,w-300250-DebtReduction1-1DC-Head2,TopLeft,DebtReductionInc,0.0,0.0,Debt Settlement1 Master,NY,30001-50000,google,www.ask.com,Debt Credit Services,Credit services,Citicorp Credit Services,http://www.debtreductioninc.com/index8.html,credit_general,300250,1DC,Head2,1,1
2009-09-16 12:45:00.000,bad,w-302252-DebtReduction1-1DC-yellowarrow-dark,TopLeft,DebtReductionInc,5.0,4.0,Debt Settlement1 Master,TX,7500-15000,yahoo,search.yahoo.com,Credit Debt Consolidation,,free credit consolidation creditors,http://www.debtreductioninc.com/index8.html,credit_general,302252,1DC,yellowarrow-dark,0,0
2009-04-28 23:18:32.517,unknown,w-300250-DebtReduction1-1DC,TopLeft,DebtReductionInc,0.0,0.0,Debt Settlement1 Master,TX,20001-30000,google,www.ask.com,Holding Tank - Debt,Credit counselor,consumer credit counseling,http://www.debtreductioninc.com/index8.html,debt,300250,1DC,default,1,1
2009-05-12 15:56:38.620,unknown,w-302252-DebtReduction1-1DC-white,TopLeft,DebtReductionInc,0.0,0.0,Debt Settlement1 Master,TX,90000-100000,yahoo,www.findstuff.com,Debt Consolidation,,,http://www.debtreductioninc.com/index8.html,consolidation,302252,1DC,white,1,1
2009-06-16 01:46:46.607,unknown,w-302252-DebtReduction1-1DC-CreditSolutions,TopLeft,DebtReductionInc,0.0,0.0,creditsolutions-branded-shortform,MI,70001-90000,yahoo,unknown,Debt Consolidation - high volume,,,http://www.debtreductioninc.com/index8.html,consolidation,302252,1DC,CreditSolutions,1,1
2009-08-06 00:00:00.000,good,w-302252-DebtReduction1-1DC-CreditSolutions,TopLeft,DebtReductionInc,5.0,5.0,creditsolutions-branded-shortform,MI,50001-70000,yahoo,search.yahoo.com,Credit Card Consolidation,,credit card debt,http://www.debtreductioninc.com/index8.html,credit_general,302252,1DC,CreditSolutions,0,0
2009-06-03 18:14:30.677,unknown,w-302252-DebtReduction1-1DC-CreditSolutions,TopLeft,DebtReductionInc,0.0,0.0,creditsolutions-branded-shortform,NV,15001-20000,google,www.google.com,Student Debt,Student loan default,how to pay a defaulted student loan,http://www.debtreductioninc.com/index8.html,student_debt,302252,1DC,CreditSolutions,1,1
2009-06-11 15:13:12.150,unknown,w-302252-DebtReduction1-1DC-CreditSolutions,TopLeft,DebtReductionInc,0.0,0.0,creditsolutions-branded-shortform,AZ,70001-90000,google,www.google.com,Holding Tank - Debt,Debt cures,Search DEBT CURES,http://www.debtreductioninc.com/index8.html,debt,302252,1DC,CreditSolutions,1,1
2009-05-25 10:53:48.933,unknown,w-302252-DebtReduction1-1DC-white,TopLeft,DebtReductionInc,0.0,0.0,Debt Settlement1 Master,AZ,70001-90000,google,www.google.com,Student Debt,Student loan default,default student loan consolidation,http://www.debtreductioninc.com/index8.html,student_debt,302252,1DC,white,1,1
2009-07-27 19:41:17.267,unknown,w-302252-DebtReduction1-1DC-CreditSolutions,TopLeft,DebtReductionInc,5.0,5.0,creditsolutions-branded-shortform,OK,30001-50000,google,unknown,Student Debt,,,http://www.debtreductioninc.com/index11.html,student_debt,302252,1DC,CreditSolutions,0,0
2009-09-27 03:38:45.647,unknown,w-302252-DebtReduction1-1DC-yellowarrow-blue,TopLeft,DebtReductionInc,5.0,5.0,Debt Settlement1 Master,VA,7500-15000,google,www.google.com,Holding Tank - Debt,Credit counselor,consumers credit counseling,http://www.debtreductioninc.com/index8.html,debt,302252,1DC,yellowarrow-blue,0,0
2009-07-20 11:02:02.690,unknown,w-302252-DebtReduction1-1DC-CreditSolutions,TopLeft,DebtReductionInc,5.0,5.0,creditsolutions-branded-shortform,FL,15001-20000,yahoo,unknown,Student Debt - high volume,,,http://www.debtreductioninc.com/index8.html,student_debt,302252,1DC,CreditSolutions,0,0
2009-05-29 19:21:13.407,unknown,w-302252-DebtReduction1-1DC-white,TopLeft,DebtReductionInc,0.0,0.0,Debt Settlement1 Master,TX,More_than_100000,google,unknown,Holding Tank - Debt,Consumer debt initiative,,http://www.debtreductioninc.com/index8.html,debt,302252,1DC,white,1,1
2009-06-15 20:22:03.000,bad,w-302252-DebtReduction1-1DC-CreditSolutions,TopLeft,DebtReductionInc,0.0,0.0,creditsolutions-branded-shortform,TX,30001-50000,yahoo,us.yhs.search.yahoo.com,Debt Consolidation - high volume,,{searchterms},http://www.debtreductioninc.com/index8.html,consolidation,302252,1DC,CreditSolutions,1,1
2009-06-09 20:23:54.000,bad,w-302252-DebtReduction1-1DC-CreditSolutions,TopLeft,DebtReductionInc,0.0,0.0,creditsolutions-branded-shortform,TX,30001-50000,google,www.google.com,Student Debt,Student loan default,student loan default help,http://www.debtreductioninc.com/index8.html,student_debt,302252,1DC,CreditSolutions,1,1
2009-08-24 20:04:19.280,unknown,w-302252-DebtReduction1-1DC-CreditSolutions,TopLeft,DebtReductionInc,5.0,2.0,creditsolutions-branded-shortform,TX,20001-30000,google,www.google.com,Loan Default,Loans in default,federal loans in default,http://www.debtreductioninc.com/index8.html,loan,302252,1DC,CreditSolutions,0,0
2009-06-14 16:50:55.047,unknown,w-302252-DebtReduction1-1DC-CreditSolutions,TopLeft,DebtReductionInc,0.0,0.0,creditsolutions-branded-shortform,TX,50001-70000,yahoo,ww23.rr.com,Debt Consolidation,,,http://www.debtreductioninc.com/index8.html,consolidation,302252,1DC,CreditSolutions,1,1
2009-06-08 18:59:50.847,unknown,w-302252-DebtReduction1-1DC-CreditSolutions,TopLeft,DebtReductionInc,0.0,0.0,creditsolutions-branded-shortform,PA,15001-20000,google,ezinearticles.com,Credit Card Debt - high volume,,,http://www.debtreductioninc.com/index8.html,credit_general,302252,1DC,CreditSolutions,1,1
2009-05-25 05:31:51.010,unknown,w-302252-DebtReduction1-1DC-CreditSolutions,TopLeft,DebtReductionInc,0.0,0.0,creditsolutions-branded-shortform,PA,7500-15000,google,googleads.g.doubleclick.net,Credit Card Debt - high volume,,,http://www.debtreductioninc.com/index8.html,credit_general,302252,1DC,CreditSolutions,1,1
2009-04-11 16:08:16.000,bad,w-300250-DebtReduction1-1DC-Head3,TopLeft,DebtReductionInc,0.0,0.0,Debt Settlement1 Master,OK,30001-50000,yahoo,search.yahoo.com,Bankruptcy And Chapter 7,,Bankruptcy law in Oklahoma,http://www.debtreductioninc.com/index8.html,bankrup,300250,1DC,Head3,1,1
2009-05-05 21:43:39.343,unknown,w-300250-DebtReduction1-1DC-Head2,TopLeft,DebtReductionInc,0.0,0.0,Debt Settlement1 Master,CA,30001-50000,google,googleads.g.doubleclick.net,Stop Collections,,,http://www.debtreductioninc.com/index8.html,collection,300250,1DC,Head2,1,1
2009-05-04 00:00:00.000,closed,w-300250-DebtReduction1-2DC-BlueMeter,TopLeft,DebtReductionInc,0.0,0.0,Debt Settlement1 Master,CA,90000-100000,google,www.google.com,Holding Tank - Debt,Debt school,debt school,http://www.debtreductioninc.com/index8.html,debt,300250,2DC,BlueMeter,1,1
2009-05-10 13:05:52.350,unknown,w-302252-DebtReduction1-1DC,TopLeft,DebtReductionInc,0.0,0.0,Debt Settlement1 Master,CA,15001-20000,google,www.sedoparking.com,Lower Payments,,,http://www.debtreductioninc.com/index8.html,lower_payment,302252,1DC,default,1,1
2009-07-28 16:44:12.460,unknown,w-302252-DebtReduction1-1DC-white,TopLeft,DebtReductionInc,5.0,5.0,Debt Settlement1 Master,NY,15001-20000,google,ezinearticles.com,Debt Consolidation Loan - high volume,Government debt consolidation loan,,http://www.debtreductioninc.com/index8.html,consolidation,302252,1DC,white,0,0
2009-08-20 15:45:45.000,bad,w-302252-DebtReduction1-1DC-CreditSolutions,TopLeft,DebtReductionInc,5.0,3.0,creditsolutions-branded-shortform,NY,7500-15000,google,www.google.com,Loan Default,Loan default help,help consolidate private student loans default,http://www.debtreductioninc.com/index8.html,loan,302252,1DC,CreditSolutions,0,0
2009-06-14 12:29:56.223,unknown,w-302252-DebtReduction1-1DC-CreditSolutions,TopLeft,DebtReductionInc,0.0,0.0,creditsolutions-branded-shortform,NY,15001-20000,yahoo,www.findstuff.com,Debt Consolidation,,,http://www.debtreductioninc.com/index8.html,consolidation,302252,1DC,CreditSolutions,1,1
2009-07-20 10:35:22.000,bad,w-302252-DebtReduction1-1DC-CreditSolutions,TopLeft,DebtReductionInc,5.0,5.0,creditsolutions-branded-shortform,NY,30001-50000,google,www.google.com,Student Debt,College loan default,defaulted college loans and garnisherment laws,http://www.debtreductioninc.com/index8.html,student_debt,302252,1DC,CreditSolutions,0,0
2009-05-28 13:40:24.483,unknown,w-302252-DebtReduction1-1DC-white,TopLeft,DebtReductionInc,0.0,0.0,Debt Settlement1 Master,NY,20001-30000,yahoo,search.yahoo.com,About Debt Consolidation,,debt consolidation long island ny,http://www.debtreductioninc.com/index8.html,consolidation,302252,1DC,white,1,1
2009-05-29 21:01:13.450,unknown,w-302252-DebtReduction1-1DC-white,TopLeft,DebtReductionInc,0.0,0.0,Debt Settlement1 Master,NY,50001-70000,google,googleads.g.doubleclick.net,Student Debt,,,http://www.debtreductioninc.com/index8.html,student_debt,302252,1DC,white,1,1
2009-06-08 09:16:52.483,unknown,w-302252-DebtReduction1-1DC-white,TopLeft,DebtReductionInc,0.0,0.0,Debt Settlement1 Master,NY,20001-30000,google,www.google.com,Student Debt,Student loan default,defaulted student loan options,http://www.debtreductioninc.com/index8.html,student_debt,302252,1DC,white,1,1
2009-07-09 09:51:12.413,unknown,w-302252-DebtReduction1-1DC-yellowarrow-blue,TopLeft,DebtReductionInc,0.0,2.0,Debt Settlement1 Master,NY,7500-15000,google,googleads.g.doubleclick.net,Student Debt,,,http://www.debtreductioninc.com/index12.html,student_debt,302252,1DC,yellowarrow-blue,1,0
2009-06-03 21:32:40.000,bad,w-302252-DebtReduction1-1DC-CreditSolutions,TopLeft,DebtReductionInc,0.0,0.0,creditsolutions-branded-shortform,NY,30001-50000,google,googleads.g.doubleclick.net,Student Debt,,,http://www.debtreductioninc.com/index8.html,student_debt,302252,1DC,CreditSolutions,1,1
2009-06-14 10:04:10.000,bad,w-302252-DebtReduction1-1DC-CreditSolutions,TopLeft,DebtReductionInc,0.0,0.0,creditsolutions-branded-shortform,CA,7500-15000,google,www.webcrawler.com,Lower Payments,Credit card payments,,http://www.debtreductioninc.com/index8.html,lower_payment,302252,1DC,CreditSolutions,1,1
2009-06-16 07:29:00.000,bad,w-302252-DebtReduction1-1DC-CreditSolutions,TopLeft,DebtReductionInc,0.0,0.0,creditsolutions-branded-shortform,VA,7500-15000,adknowledge,fromguide.com,Consolidate,,,http://www.debtreductioninc.com/index8.html,consolidation,302252,1DC,CreditSolutions,1,1
2009-05-14 23:04:28.417,unknown,w-302252-DebtReduction1-1DC-white,TopLeft,DebtReductionInc,0.0,0.0,Debt Settlement1 Master,NY,15001-20000,yahoo,www.creditrelief.com,Credit Card Debt,,,http://www.debtreductioninc.com/index8.html,credit_general,302252,1DC,white,1,1
2009-04-16 12:33:10.737,unknown,w-300250-DebtReduction1-2DC-CreditSolutions,TopLeft,DebtReductionInc,0.0,0.0,creditsolutions-branded-shortform,NY,15001-20000,yahoo,search.yahoo.com,Debt Reduction,,dept reduction law centers,http://www.debtreductioninc.com/index8.html,debt,300250,2DC,CreditSolutions,1,1
2009-07-28 23:05:11.157,unknown,w-302252-DebtReduction1-1DC-CreditSolutions,TopLeft,DebtReductionInc,5.0,5.0,creditsolutions-branded-shortform,NY,7500-15000,yahoo,search.yahoo.com,Consolidation Program,,www.debtconsolidation.com,http://www.debtreductioninc.com/index8.html,consolidation,302252,1DC,CreditSolutions,0,0
2009-09-01 10:53:31.823,unknown,w-302252-DebtReduction1-1DC-yellowarrow,TopLeft,DebtReductionInc,5.0,5.0,Debt Settlement1 Master,NY,More_than_100000,yahoo,us.yhs.search.yahoo.com,Student Debt - high volume,,student loan debt consolidation,http://www.debtreductioninc.com/index8.html,student_debt,302252,1DC,yellowarrow,0,0
2009-09-18 12:54:41.877,unknown,w-302252-DebtReduction1-1DC-white,TopLeft,DebtReductionInc,5.0,5.0,Debt Settlement1 Master,NY,30001-50000,google,ezinearticles.com,Credit Card Debt - high volume,,,http://www.debtreductioninc.com/index8.html,credit_general,302252,1DC,white,0,0
2009-07-10 22:04:59.980,unknown,w-302252-DebtReduction1-1DC-CreditSolutions,TopLeft,DebtReductionInc,5.0,5.0,creditsolutions-branded-shortform,NY,20001-30000,google,www.fastbrowsersearch.com,Debt,Debt,,http://www.debtreductioninc.com/index8.html,debt,302252,1DC,CreditSolutions,0,0
2009-09-09 00:00:00.000,good,w-302252-DebtReduction1-1DC-yellowarrow-blue,TopLeft,DebtReductionInc,3.0,4.0,Debt Settlement1 Master,CA,7500-15000,yahoo,search2.comcast.com,Credit Debt Consolidation,,,http://www.debtreductioninc.com/index8.html,credit_general,302252,1DC,yellowarrow-blue,0,0
2009-09-30 00:00:00.000,good,w-302252-DebtReduction1-1DC-yellowarrow,TopLeft,DebtReductionInc,1.0,2.0,Debt Settlement1 Master,CA,7500-15000,yahoo,search.yahoo.com,Credit Card Consolidation,,credit debt help,http://www.debtreductioninc.com/index8.html,credit_general,302252,1DC,yellowarrow,0,0
2009-05-21 04:53:22.750,unknown,w-302252-DebtReduction1-1DC-CreditSolutions,TopLeft,DebtReductionInc,0.0,0.0,creditsolutions-branded-shortform,MA,15001-20000,google,www.google.com,Lower Payments,Credit card payments,www.chase.com creditcards payment,http://www.debtreductioninc.com/index8.html,lower_payment,302252,1DC,CreditSolutions,1,1
2009-06-29 00:00:00.000,good,w-302252-DebtReduction1-1DC-CreditSolutions,TopLeft,DebtReductionInc,0.0,5.0,creditsolutions-branded-shortform,MA,20001-30000,yahoo,search.yahoo.com,Free Credit Card Debt Consolidation,,massachusetts credit card debt help,http://www.debtreductioninc.com/index8.html,credit_general,302252,1DC,CreditSolutions,1,0
2009-06-06 11:20:08.383,unknown,w-302252-DebtReduction1-1DC-CreditSolutions,TopLeft,DebtReductionInc,0.0,0.0,creditsolutions-branded-shortform,MA,7500-15000,google,www.google.com,Lower Payments,Credit card payments,www.chase.com creditcards payment,http://www.debtreductioninc.com/index8.html,lower_payment,302252,1DC,CreditSolutions,1,1
2009-04-12 00:15:49.960,unknown,w-300250-DebtReduction1-2DC-CreditSolutions,TopLeft,DebtReductionInc,0.0,0.0,creditsolutions-branded-shortform,CA,7500-15000,google,googleads.g.doubleclick.net,Lower Payments,,,http://www.debtreductioninc.com/index8.html,lower_payment,300250,2DC,CreditSolutions,1,1
2009-04-20 13:10:36.440,unknown,w-300250-DebtReduction1-1DC-BlueMeter,TopLeft,DebtReductionInc,0.0,0.0,Debt Settlement1 Master,CA,20001-30000,yahoo,www.surveysforfun.com,Debt Consolidation,,,http://www.debtreductioninc.com/index8.html,consolidation,300250,1DC,BlueMeter,1,1
2009-09-19 17:00:41.000,bad,w-302252-DebtReduction1-1DC-yellowarrow-dark,TopLeft,DebtReductionInc,5.0,3.0,Debt Settlement1 Master,FL,30001-50000,google,www.google.com,Loan Default,Loans in default,how to pay off student loans that are in default,http://www.debtreductioninc.com/index8.html,loan,302252,1DC,yellowarrow-dark,0,0
2009-09-15 00:00:00.000,closed,w-302252-DebtReduction1-1DC-CreditSolutions,TopLeft,DebtReductionInc,5.0,2.0,creditsolutions-branded-shortform,CO,30001-50000,google,www.fastbrowsersearch.com,Debt,Debt,,http://www.debtreductioninc.com/index8.html,debt,302252,1DC,CreditSolutions,0,0
2009-08-23 23:03:24.740,unknown,w-302252-DebtReduction1-1DC-CreditSolutions,TopLeft,DebtReductionInc,5.0,5.0,creditsolutions-branded-shortform,CO,50001-70000,google,www.google.com,Holding Tank - Debt,Debt relief lawyers,debt relief lawyers,http://www.debtreductioninc.com/index8.html,debt,302252,1DC,CreditSolutions,0,0
2009-08-27 18:32:02.117,unknown,w-302252-DebtReduction1-1DC-white,TopLeft,DebtReductionInc,5.0,4.0,Debt Settlement1 Master,CO,7500-15000,google,www.ehow.com,How,debt,,http://www.debtreductioninc.com/index8.html,other,302252,1DC,white,0,0
2009-08-26 16:04:09.820,unknown,w-302252-DebtReduction1-1DC-yellowarrow-dark,TopLeft,DebtReductionInc,3.0,3.0,Debt Settlement1 Master,CO,7500-15000,adknowledge,us.mc324.mail.yahoo.com,Consolidate,,,http://www.debtreductioninc.com/index8.html,consolidation,302252,1DC,yellowarrow-dark,0,0
2009-09-28 14:32:35.643,unknown,w-302252-DebtReduction1-1DC-CreditSolutions,TopLeft,DebtReductionInc,5.0,5.0,creditsolutions-branded-shortform,MA,15001-20000,google,search.aol.com,Debt,Debt,,http://www.debtreductioninc.com/index8.html,debt,302252,1DC,CreditSolutions,0,0
2009-08-03 02:20:36.927,unknown,w-302252-DebtReduction1-1DC-CreditSolutions,TopLeft,DebtReductionInc,5.0,3.0,creditsolutions-branded-shortform,MA,15001-20000,google,unknown,Holding Tank - Debt,National debt relief initiative,,http://www.debtreductioninc.com/index8.html,debt,302252,1DC,CreditSolutions,0,0
2009-04-27 23:12:55.000,bad,w-300250-DebtReduction1-2DC-BlueMeter,TopLeft,DebtReductionInc,0.0,0.0,Debt Settlement1 Master,TX,7500-15000,yahoo,search.yahoo.com,Bankruptcy,,credit with bankruptcy,http://www.debtreductioninc.com/index8.html,bankrup,300250,2DC,BlueMeter,1,1
2009-05-26 09:10:41.070,unknown,w-302252-DebtReduction1-1DC-CreditSolutions,TopLeft,DebtReductionInc,0.0,0.0,creditsolutions-branded-shortform,FL,30001-50000,google,googleads.g.doubleclick.net,Credit Card Debt - high volume,,,http://www.debtreductioninc.com/index8.html,credit_general,302252,1DC,CreditSolutions,1,1
2009-04-08 08:35:42.997,unknown,w-300250-DebtReduction1-1DC-CreditSolutions,TopLeft,DebtReductionInc,0.0,0.0,creditsolutions-branded-shortform,NY,7500-15000,google,pagead2.googlesyndication.com,Student Debt,,,http://www.debtreductioninc.com/index8.html,student_debt,300250,1DC,CreditSolutions,1,1
2009-08-13 00:00:00.000,closed,w-302252-DebtReduction1-1DC-CreditSolutions,TopLeft,DebtReductionInc,5.0,5.0,creditsolutions-branded-shortform,IL,7500-15000,google,www.google.com,Holding Tank - Debt,Government debt relief,government debt relief,http://www.debtreductioninc.com/index8.html,debt,302252,1DC,CreditSolutions,0,0
2009-06-20 14:11:06.180,unknown,w-302252-DebtReduction1-1DC,TopLeft,DebtReductionInc,0.0,0.0,Debt Settlement1 Master,NY,7500-15000,yahoo,www.manufacturersdirectory.com,Credit Card Debt (LV),,,http://www.debtreductioninc.com/index8.html,credit_general,302252,1DC,default,1,1
2009-05-04 22:05:44.907,unknown,w-300250-DebtReduction1-1DC-CreditSolutions,TopLeft,DebtReductionInc,0.0,0.0,creditsolutions-branded-shortform,CA,15001-20000,google,googleads.g.doubleclick.net,Credit Card Debt - high volume,,,http://www.debtreductioninc.com/index8.html,credit_general,300250,1DC,CreditSolutions,1,1
2009-09-23 00:00:00.000,good,w-302252-DebtReduction1-1DC-yellowarrow,TopLeft,DebtReductionInc,5.0,5.0,Debt Settlement1 Master,OR,20001-30000,google,searchportal.information.com,Holding Tank - Debt,Credit counselor,,http://www.debtreductioninc.com/index8.html,debt,302252,1DC,yellowarrow,0,0
2009-08-24 11:05:22.520,unknown,w-302252-DebtReduction1-1DC-CreditSolutions,TopLeft,DebtReductionInc,5.0,2.0,creditsolutions-branded-shortform,CA,7500-15000,adknowledge,www.debtguidenow.com,Consolidate,,,http://www.debtreductioninc.com/index8.html,consolidation,302252,1DC,CreditSolutions,0,0
2009-07-11 18:13:45.720,unknown,w-302252-DebtReduction1-1DC-CreditSolutions,TopLeft,DebtReductionInc,3.0,3.0,creditsolutions-branded-shortform,PA,7500-15000,google,74.125.113.103,How,How to fix credit,,http://www.debtreductioninc.com/index12.html,other,302252,1DC,CreditSolutions,0,0
2009-06-20 23:34:04.743,unknown,w-302252-DebtReduction1-1DC-white,TopLeft,DebtReductionInc,0.0,0.0,Debt Settlement1 Master,TX,15001-20000,yahoo,search.yahoo.com,Debt Consolidate (HV),,consolidate,http://www.debtreductioninc.com/index8.html,consolidation,302252,1DC,white,1,1
2009-08-17 21:04:23.257,unknown,w-302252-DebtReduction1-1DC-CreditSolutions,TopLeft,DebtReductionInc,5.0,5.0,creditsolutions-branded-shortform,LA,30001-50000,yahoo,www.justclicklocal.com,Debt Consolidation,,,http://www.debtreductioninc.com/index8.html,consolidation,302252,1DC,CreditSolutions,0,0
2009-07-23 23:32:42.183,unknown,w-302252-DebtReduction1-1DC-white,TopLeft,DebtReductionInc,5.0,2.0,Debt Settlement1 Master,AL,50001-70000,yahoo,search.yahoo.com,General Debt,,debt shield,http://www.debtreductioninc.com/index8.html,debt,302252,1DC,white,0,0
2009-06-30 16:20:33.237,unknown,w-302252-DebtReduction1-1DC-white,TopLeft,DebtReductionInc,0.0,3.0,Debt Settlement1 Master,CO,50001-70000,google,googleads.g.doubleclick.net,Student Debt,,,http://www.debtreductioninc.com/index8.html,student_debt,302252,1DC,white,1,0
2009-07-27 14:16:45.000,bad,w-302252-DebtReduction1-1DC-CreditSolutions,TopLeft,DebtReductionInc,3.0,4.0,creditsolutions-branded-shortform,CA,30001-50000,google,googleads.g.doubleclick.net,Student Debt,,,http://www.debtreductioninc.com/index12.html,student_debt,302252,1DC,CreditSolutions,0,0
2009-04-22 21:03:16.757,unknown,w-300250-DebtReduction1-1DC-Head3,TopLeft,DebtReductionInc,0.0,0.0,Debt Settlement1 Master,MI,30001-50000,yahoo,search.yahoo.com,General Debt,,dept forum,http://www.debtreductioninc.com/index8.html,debt,300250,1DC,Head3,1,1
2009-04-18 09:45:54.803,unknown,w-300250-DebtReduction1-1DC-Head3,TopLeft,DebtReductionInc,0.0,0.0,Debt Settlement1 Master,CO,50001-70000,yahoo,bankrupcy.com,Chapter 7 Bankruptcy,,,http://www.debtreductioninc.com/index8.html,bankrup,300250,1DC,Head3,1,1
2009-04-21 23:25:53.000,bad,w-300250-DebtReduction1-1DC,TopLeft,DebtReductionInc,0.0,0.0,Debt Settlement1 Master,AR,20001-30000,yahoo,unknown,Debt Consolidation,,,http://www.debtreductioninc.com/index8.html,consolidation,300250,1DC,default,1,1
2009-06-07 10:33:15.000,bad,w-302252-DebtReduction1-1DC-white,TopLeft,DebtReductionInc,0.0,0.0,Debt Settlement1 Master,AR,30001-50000,google,www.scribd.com,How,debt,,http://www.debtreductioninc.com/index8.html,other,302252,1DC,white,1,1
2009-08-30 12:54:43.520,unknown,w-302252-DebtReduction1-1DC-CreditSolutions,TopLeft,DebtReductionInc,5.0,5.0,creditsolutions-branded-shortform,MI,30001-50000,google,search.earthlink.net,Holding Tank - Debt,American debt specialists,american debt specialists,http://www.debtreductioninc.com/index8.html,debt,302252,1DC,CreditSolutions,0,0
2009-05-29 23:21:11.303,unknown,w-302252-DebtReduction1-1DC-CreditSolutions,TopLeft,DebtReductionInc,0.0,0.0,creditsolutions-branded-shortform,MO,70001-90000,yahoo,creditcardhelp.org,Credit Card Debt,,,http://www.debtreductioninc.com/index8.html,credit_general,302252,1DC,CreditSolutions,1,1
2009-05-01 19:51:17.187,unknown,w-300250-DebtReduction1-1DC,TopLeft,DebtReductionInc,0.0,0.0,Debt Settlement1 Master,NV,20001-30000,google,unknown,Credit Card Debt - high volume,,,http://www.debtreductioninc.com/index8.html,credit_general,300250,1DC,default,1,1
2009-04-21 13:04:57.000,bad,w-300250-DebtReduction1-1DC,TopLeft,DebtReductionInc,0.0,0.0,Debt Settlement1 Master,FL,20001-30000,google,www.ask.com,Loan Default,Loans in default,how to get loans out of default,http://www.debtreductioninc.com/index8.html,loan,300250,1DC,default,1,1
2009-07-11 12:36:47.257,unknown,w-302252-DebtReduction1-1DC-CreditSolutions,TopLeft,DebtReductionInc,2.0,3.0,creditsolutions-branded-shortform,NY,50001-70000,google,www.life123.com,Student Debt,,,http://www.debtreductioninc.com/index12.html,student_debt,302252,1DC,CreditSolutions,0,0
2009-07-20 11:27:02.750,unknown,w-302252-DebtReduction1-1DC-CreditSolutions,TopLeft,DebtReductionInc,5.0,2.0,creditsolutions-branded-shortform,VA,30001-50000,google,www.google.com,Holding Tank - Debt,Debt choice,debt choice,http://www.debtreductioninc.com/index8.html,debt,302252,1DC,CreditSolutions,0,0
2009-05-20 12:32:54.357,unknown,w-302252-DebtReduction1-1DC-white,TopLeft,DebtReductionInc,0.0,0.0,Debt Settlement1 Master,CA,20001-30000,yahoo,search.yahoo.com,Debt Consolidation,,"credit card debt consolidation, reviews",http://www.debtreductioninc.com/index8.html,consolidation,302252,1DC,white,1,1
2009-04-28 13:38:34.450,unknown,w-300250-DebtReduction1-1DC-BlueMeter,TopLeft,DebtReductionInc,0.0,0.0,Debt Settlement1 Master,AL,30001-50000,yahoo,search.yahoo.com,Bill Consolidation,,federal grants for bill consolidation,http://www.debtreductioninc.com/index8.html,consolidation,300250,1DC,BlueMeter,1,1
2009-04-02 18:52:41.000,bad,w-300250-DebtReduction1-1DC-BlueMeter,TopLeft,DebtReductionInc,0.0,0.0,Debt Settlement1 Master,CA,More_than_100000,yahoo,search.yahoo.com,Debt Reduction,,Federal Debt Reduction Initiative,http://www.debtreductioninc.com/index8.html,debt,300250,1DC,BlueMeter,1,1
2009-08-20 00:23:04.927,unknown,w-302252-DebtReduction1-1DC-CreditSolutions,TopLeft,DebtReductionInc,5.0,5.0,creditsolutions-branded-shortform,PA,7500-15000,google,www.wikihow.com,Credit Card Debt - high volume,,,http://www.debtreductioninc.com/index8.html,credit_general,302252,1DC,CreditSolutions,0,0
2009-04-16 19:27:08.487,unknown,w-300250-DebtReduction1-1DC-CreditSolutions,TopLeft,DebtReductionInc,0.0,0.0,creditsolutions-branded-shortform,NM,7500-15000,google,search.mywebsearch.com,Credit Card Debt - high volume,,,http://www.debtreductioninc.com/index8.html,credit_general,300250,1DC,CreditSolutions,1,1
2009-05-11 23:15:47.810,unknown,w-302252-DebtReduction1-1DC-CreditSolutions,TopLeft,DebtReductionInc,0.0,0.0,creditsolutions-branded-shortform,CA,30001-50000,yahoo,search.yahoo.com,Credit Card Debt Reduction,,what happens with credit reduction,http://www.debtreductioninc.com/index8.html,credit_general,302252,1DC,CreditSolutions,1,1
2009-06-16 00:00:00.000,closed,w-302252-DebtReduction1-1DC-CreditSolutions,TopLeft,DebtReductionInc,0.0,0.0,creditsolutions-branded-shortform,TX,20001-30000,yahoo,search.netzero.net,Debt Company,,,http://www.debtreductioninc.com/index8.html,debt,302252,1DC,CreditSolutions,1,1
2009-04-20 21:18:02.000,bad,w-300250-DebtReduction1-1DC-Head2,TopLeft,DebtReductionInc,0.0,0.0,Debt Settlement1 Master,AZ,7500-15000,google,www.webcrawler.com,Lower Payments,Credit card payments,,http://www.debtreductioninc.com/index8.html,lower_payment,300250,1DC,Head2,1,1
2009-04-15 23:52:15.490,unknown,w-300250-DebtReduction1-1DC-Head3,TopLeft,DebtReductionInc,0.0,0.0,Debt Settlement1 Master,NE,7500-15000,google,en.allexperts.com,How,debt,,http://www.debtreductioninc.com/index8.html,other,300250,1DC,Head3,1,1
2009-05-06 22:48:34.890,unknown,w-300250-DebtReduction1-1DC-Head2,TopLeft,DebtReductionInc,0.0,0.0,Debt Settlement1 Master,CO,7500-15000,google,www.google.com,Credit Services,Credit services colorado,colorado credit services,http://www.debtreductioninc.com/index8.html,credit_general,300250,1DC,Head2,1,1
2009-08-11 12:21:16.213,unknown,w-302252-DebtReduction1-1DC-CreditSolutions,TopLeft,DebtReductionInc,1.0,4.0,creditsolutions-branded-shortform,NM,15001-20000,google,www.google.com,Holding Tank - Debt,Msnbc debt,msnbc debt,http://www.debtreductioninc.com/index8.html,debt,302252,1DC,CreditSolutions,0,0
2009-08-22 00:00:00.000,good,w-302252-DebtReduction1-1DC-yellowarrow-blue,TopLeft,DebtReductionInc,5.0,5.0,Debt Settlement1 Master,CO,7500-15000,google,googleads.g.doubleclick.net,Credit Card Debt,,,http://www.debtreductioninc.com/index8.html,credit_general,302252,1DC,yellowarrow-blue,0,0
2009-05-21 15:50:19.073,unknown,w-302252-DebtReduction1-1DC-CreditSolutions,TopLeft,DebtReductionInc,0.0,0.0,creditsolutions-branded-shortform,MI,30001-50000,yahoo,search.yahoo.com,Get Out Of Debt,,ways to get out of debt,http://www.debtreductioninc.com/index8.html,debt,302252,1DC,CreditSolutions,1,1
2009-04-30 07:45:17.477,unknown,w-300250-DebtReduction1-1DC-BlueMeter,TopLeft,DebtReductionInc,0.0,0.0,Debt Settlement1 Master,IL,More_than_100000,google,www.google.com,Holding Tank - Debt,Student loan debt,private student loan debt,http://www.debtreductioninc.com/index8.html,debt,300250,1DC,BlueMeter,1,1
2009-05-28 11:06:24.443,unknown,w-302252-DebtReduction1-1DC-CreditSolutions,TopLeft,DebtReductionInc,0.0,0.0,creditsolutions-branded-shortform,IL,90000-100000,google,googleads.g.doubleclick.net,Student Debt,,,http://www.debtreductioninc.com/index12.html,student_debt,302252,1DC,CreditSolutions,1,1
2009-05-13 21:48:53.000,bad,w-302252-DebtReduction1-1DC-CreditSolutions,TopLeft,DebtReductionInc,0.0,0.0,creditsolutions-branded-shortform,NM,20001-30000,adknowledge,unknown,Consolidate,,,http://www.debtreductioninc.com/index8.html,consolidation,302252,1DC,CreditSolutions,1,1
2009-04-21 10:55:28.597,unknown,w-300250-DebtReduction1-1DC,TopLeft,DebtReductionInc,0.0,0.0,Debt Settlement1 Master,CA,20001-30000,yahoo,search.yahoo.com,Lower Payments,,how to lower car payments,http://www.debtreductioninc.com/index8.html,lower_payment,300250,1DC,default,1,1
2009-04-10 18:56:01.467,unknown,w-300250-DebtReduction1-1DC-BlueMeter,TopLeft,DebtReductionInc,0.0,0.0,Debt Settlement1 Master,MI,30001-50000,adknowledge,dtelm01.dteco.com,Consolidate,,,http://www.debtreductioninc.com/index8.html,consolidation,300250,1DC,BlueMeter,1,1
2009-09-04 20:18:10.080,unknown,w-302252-DebtReduction1-1DC-white,TopLeft,DebtReductionInc,5.0,5.0,Debt Settlement1 Master,CA,30001-50000,google,googleads.g.doubleclick.net,Credit Card Debt - high volume,,,http://www.debtreductioninc.com/index8.html,credit_general,302252,1DC,white,0,0
2009-05-16 00:00:00.000,closed,w-302252-DebtReduction1-1DC-CreditSolutions,TopLeft,DebtReductionInc,0.0,0.0,creditsolutions-branded-shortform,TX,50001-70000,yahoo,unknown,Debt Consolidation,,,http://www.debtreductioninc.com/index8.html,consolidation,302252,1DC,CreditSolutions,1,1
2009-05-26 15:34:38.880,unknown,w-302252-DebtReduction1-1DC,TopLeft,DebtReductionInc,0.0,0.0,Debt Settlement1 Master,IL,7500-15000,yahoo,unknown,Stop Collections,,,http://www.debtreductioninc.com/index8.html,collection,302252,1DC,default,1,1
2009-08-20 09:33:02.410,unknown,w-302252-DebtReduction1-1DC-CreditSolutions,TopLeft,DebtReductionInc,5.0,3.0,creditsolutions-branded-shortform,IL,15001-20000,yahoo,search.yahoo.com,Lower Payments,,establishment to lower morgage payment and interest; nappa,http://www.debtreductioninc.com/index8.html,lower_payment,302252,1DC,CreditSolutions,0,0
2009-04-22 11:13:19.537,unknown,w-300250-DebtReduction1-1DC-CreditSolutions,TopLeft,DebtReductionInc,0.0,0.0,creditsolutions-branded-shortform,IL,20001-30000,google,googleads.g.doubleclick.net,Student Debt,,,http://www.debtreductioninc.com/index8.html,student_debt,300250,1DC,CreditSolutions,1,1
2009-04-14 00:07:32.377,unknown,w-300250-DebtReduction1-1DC-CreditSolutions,TopLeft,DebtReductionInc,0.0,0.0,creditsolutions-branded-shortform,LA,7500-15000,google,www.google.com,Holding Tank - Debt,Debt grants,debt grants,http://www.debtreductioninc.com/index8.html,debt,300250,1DC,CreditSolutions,1,1
2009-08-06 00:00:00.000,good,w-302252-DebtReduction1-1DC-CreditSolutions,TopLeft,DebtReductionInc,5.0,4.0,creditsolutions-branded-shortform,NY,20001-30000,yahoo,search.yahoo.com,Bill Consolidation,,free bill consolidation,http://www.debtreductioninc.com/index8.html,consolidation,302252,1DC,CreditSolutions,0,0
2009-05-16 10:24:26.423,unknown,w-302252-DebtReduction1-1DC-white,TopLeft,DebtReductionInc,0.0,0.0,Debt Settlement1 Master,NY,50001-70000,google,googleads.g.doubleclick.net,Consolidation,Debt consolidation,,http://www.debtreductioninc.com/index8.html,consolidation,302252,1DC,white,1,1
2009-09-23 18:03:07.293,unknown,w-302252-DebtReduction1-1DC-CreditSolutions,TopLeft,DebtReductionInc,5.0,5.0,creditsolutions-branded-shortform,IL,7500-15000,adknowledge,www.optingateway.info,Debt,,,http://www.debtreductioninc.com/index8.html,debt,302252,1DC,CreditSolutions,0,0
2009-08-09 14:00:19.487,unknown,w-302252-DebtReduction1-1DC-CreditSolutions,TopLeft,DebtReductionInc,5.0,5.0,creditsolutions-branded-shortform,MI,70001-90000,google,pagead2.googlesyndication.com,Credit Card Debt - high volume,,,http://www.debtreductioninc.com/index8.html,credit_general,302252,1DC,CreditSolutions,0,0
2009-05-31 22:16:55.000,unknown,w-302252-DebtReduction1-1DC-white,TopLeft,DebtReductionInc,0.0,0.0,Debt Settlement1 Master,NY,7500-15000,google,search.aol.com,Debt,Debt,,http://www.debtreductioninc.com/index8.html,debt,302252,1DC,white,1,1
2009-08-08 11:45:20.953,unknown,w-302252-DebtReduction1-1DC-CreditSolutions,TopLeft,DebtReductionInc,1.0,4.0,creditsolutions-branded-shortform,LA,30001-50000,google,www.lsa.myareaguide.com,Debt Collection,,,http://www.debtreductioninc.com/index8.html,collection,302252,1DC,CreditSolutions,0,0
2009-04-03 21:02:27.470,unknown,w-300250-DebtReduction1-1DC-BlueMeter,TopLeft,DebtReductionInc,0.0,0.0,Debt Settlement1 Master,FL,50001-70000,adknowledge,unknown,Consolidate,,,http://www.debtreductioninc.com/index8.html,consolidation,300250,1DC,BlueMeter,1,1
2009-04-14 12:50:27.887,unknown,w-300250-DebtReduction1-1DC-CreditSolutions,TopLeft,DebtReductionInc,0.0,0.0,creditsolutions-branded-shortform,MD,20001-30000,google,aolsearcht3.search.aol.com,Holding Tank - Debt,Firstamericandebtrelief,www.FIRSTAMERICANDEBTRELIEF.COM,http://www.debtreductioninc.com/index8.html,debt,300250,1DC,CreditSolutions,1,1
2009-04-18 00:00:00.000,closed,w-300250-DebtReduction1-1DC-BlueMeter,TopLeft,DebtReductionInc,0.0,0.0,Debt Settlement1 Master,AZ,More_than_100000,google,ezinearticles.com,Credit Card Debt - high volume,,,http://www.debtreductioninc.com/index8.html,credit_general,300250,1DC,BlueMeter,1,1
2009-09-27 21:40:41.130,unknown,w-302252-DebtReduction1-1DC-white,TopLeft,DebtReductionInc,5.0,5.0,Debt Settlement1 Master,MI,15001-20000,google,search.aol.com,Debt,Debt,,http://www.debtreductioninc.com/index8.html,debt,302252,1DC,white,0,0
2009-06-10 00:00:00.000,good,w-302252-DebtReduction1-1DC-CreditSolutions,TopLeft,DebtReductionInc,0.0,0.0,creditsolutions-branded-shortform,FL,20001-30000,google,search.aol.com,Holding Tank - Debt,National debt initiative program,national debt initiative program,http://www.debtreductioninc.com/index8.html,debt,302252,1DC,CreditSolutions,1,1
2009-06-23 12:01:52.687,unknown,w-302252-DebtReduction1-1DC-yellowarrow-blue,TopLeft,DebtReductionInc,0.0,0.0,Debt Settlement1 Master,NY,7500-15000,google,search.aol.com,Holding Tank - Debt,Legally erase your debt,legally erase your debt faster be part of obama bail out plan,http://www.debtreductioninc.com/index8.html,debt,302252,1DC,yellowarrow-blue,1,1
2009-07-11 16:48:47.617,unknown,w-302252-DebtReduction1-1DC,TopLeft,DebtReductionInc,5.0,4.0,Debt Settlement1 Master,FL,7500-15000,google,search.aol.com,General Debt,Clear debt,,http://www.debtreductioninc.com/index8.html,debt,302252,1DC,default,0,0
2009-06-03 18:22:41.000,bad,w-302252-DebtReduction1-1DC-CreditSolutions,TopLeft,DebtReductionInc,0.0,0.0,creditsolutions-branded-shortform,NY,7500-15000,google,search.aol.com,Lower Payments,Credit card payments,,http://www.debtreductioninc.com/index8.html,lower_payment,302252,1DC,CreditSolutions,1,1
2009-07-27 00:00:00.000,good,w-302252-DebtReduction1-1DC-CreditSolutions,TopLeft,DebtReductionInc,2.0,5.0,creditsolutions-branded-shortform,NY,20001-30000,google,searchportal.information.com,Student Debt,Student loan default,,http://www.debtreductioninc.com/index8.html,student_debt,302252,1DC,CreditSolutions,0,0
2009-06-18 18:00:29.653,unknown,w-302252-DebtReduction1-1DC-CreditSolutions,TopLeft,DebtReductionInc,0.0,0.0,creditsolutions-branded-shortform,FL,30001-50000,google,search.aol.com,Holding Tank - Debt,Debt rescue usa,debt rescue usa,http://www.debtreductioninc.com/index8.html,debt,302252,1DC,CreditSolutions,1,1
2009-05-27 19:37:29.627,unknown,w-302252-DebtReduction1-1DC-CreditSolutions,TopLeft,DebtReductionInc,0.0,0.0,creditsolutions-branded-shortform,NY,More_than_100000,google,googleads.g.doubleclick.net,Personal Debt,,,http://www.debtreductioninc.com/index12.html,debt,302252,1DC,CreditSolutions,1,1
2009-07-11 00:00:00.000,closed,w-302252-DebtReduction1-1DC-CreditSolutions,TopLeft,DebtReductionInc,1.0,3.0,creditsolutions-branded-shortform,MO,30001-50000,google,search.aol.com,Debt,Debt,visadebt,http://www.debtreductioninc.com/index8.html,debt,302252,1DC,CreditSolutions,0,0
2009-05-23 13:54:03.390,unknown,w-302252-DebtReduction1-1DC,TopLeft,DebtReductionInc,0.0,0.0,Debt Settlement1 Master,NY,15001-20000,google,search25.info.com,Student Debt,Defaulted student loans,,http://www.debtreductioninc.com/index8.html,student_debt,302252,1DC,default,1,1
2009-05-31 13:01:58.413,unknown,w-302252-DebtReduction1-1DC-white,TopLeft,DebtReductionInc,0.0,0.0,Debt Settlement1 Master,TX,7500-15000,google,googleads.g.doubleclick.net,Credit Card Debt - high volume,,,http://www.debtreductioninc.com/index8.html,credit_general,302252,1DC,white,1,1
2009-07-28 21:33:09.877,unknown,w-302252-DebtReduction1-1DC-CreditSolutions,TopLeft,DebtReductionInc,5.0,5.0,creditsolutions-branded-shortform,PA,20001-30000,google,search.aol.com,How,How can i lower credit,how can i ask credit card companies to lower interest rate,http://www.debtreductioninc.com/index12.html,other,302252,1DC,CreditSolutions,0,0
2009-05-21 00:11:24.567,unknown,w-302252-DebtReduction1-1DC-CreditSolutions,TopLeft,DebtReductionInc,0.0,0.0,creditsolutions-branded-shortform,WV,20001-30000,google,search.aol.com,Student Debt,Defaulted student loans,,http://www.debtreductioninc.com/index8.html,student_debt,302252,1DC,CreditSolutions,1,1
2009-07-05 08:35:46.403,unknown,w-302252-DebtReduction1-1DC,TopLeft,DebtReductionInc,0.0,4.0,Debt Settlement1 Master,FL,15001-20000,google,ezinearticles.com,Student Debt,,,http://www.debtreductioninc.com/index8.html,student_debt,302252,1DC,default,1,0
2009-08-30 17:26:45.000,bad,w-302252-DebtReduction1-1DC-yellowarrow-dark,TopLeft,DebtReductionInc,5.0,5.0,Debt Settlement1 Master,NY,7500-15000,google,ezinearticles.com,Debt Consolidation,College debt consolidation,,http://www.debtreductioninc.com/index8.html,consolidation,302252,1DC,yellowarrow-dark,0,0
2009-05-30 15:41:14.000,bad,w-302252-DebtReduction1-1DC-CreditSolutions,TopLeft,DebtReductionInc,0.0,0.0,creditsolutions-branded-shortform,MI,15001-20000,google,search.aol.com,Holding Tank - Debt,Debt eliminator,,http://www.debtreductioninc.com/index8.html,debt,302252,1DC,CreditSolutions,1,1
2009-08-12 22:18:07.887,unknown,w-302252-DebtReduction1-1DC-CreditSolutions,TopLeft,DebtReductionInc,5.0,4.0,creditsolutions-branded-shortform,NY,More_than_100000,google,search.aol.com,Debt,Debt,,http://www.debtreductioninc.com/index8.html,debt,302252,1DC,CreditSolutions,0,0
2009-07-21 06:53:56.840,unknown,w-302252-DebtReduction1-1DC-white,TopLeft,DebtReductionInc,5.0,3.0,Debt Settlement1 Master,NY,7500-15000,google,searchportal.information.com,Lower Payments,Credit card payments,,http://www.debtreductioninc.com/index8.html,lower_payment,302252,1DC,white,0,0
2009-07-11 21:54:44.877,unknown,w-302252-DebtReduction1-1DC-CreditSolutions,TopLeft,DebtReductionInc,5.0,3.0,creditsolutions-branded-shortform,VA,7500-15000,google,search.aol.com,Holding Tank - Debt,Consumer debt advocate,,http://www.debtreductioninc.com/index8.html,debt,302252,1DC,CreditSolutions,0,0
2009-06-24 20:10:35.877,unknown,w-302252-DebtReduction1-1DC-yellowarrow-blue,TopLeft,DebtReductionInc,0.0,0.0,Debt Settlement1 Master,MD,30001-50000,google,search.aol.com,Debt,Debt,,http://www.debtreductioninc.com/index8.html,debt,302252,1DC,yellowarrow-blue,1,1
2009-09-17 07:18:49.307,unknown,w-302252-DebtReduction1-1DC-white,TopLeft,DebtReductionInc,5.0,5.0,Debt Settlement1 Master,NY,7500-15000,google,websearch.cs.com,Holding Tank - Debt,Netdebt,,http://www.debtreductioninc.com/index8.html,debt,302252,1DC,white,0,0
2009-05-06 20:27:35.030,unknown,w-300250-DebtReduction1-1DC-Head3,TopLeft,DebtReductionInc,0.0,0.0,Debt Settlement1 Master,NY,7500-15000,google,search.aol.com,Lower Payments,Credit card payments,,http://www.debtreductioninc.com/index8.html,lower_payment,300250,1DC,Head3,1,1
2009-05-11 19:55:46.063,unknown,w-302252-DebtReduction1-1DC,TopLeft,DebtReductionInc,0.0,0.0,Debt Settlement1 Master,FL,More_than_100000,google,ezinearticles.com,How,debt,,http://www.debtreductioninc.com/index8.html,other,302252,1DC,default,1,1
2009-08-21 21:57:53.953,unknown,w-302252-DebtReduction1-1DC-yellowarrow,TopLeft,DebtReductionInc,5.0,5.0,Debt Settlement1 Master,VA,30001-50000,google,search.aol.com,Holding Tank - Debt,Superior debt,,http://www.debtreductioninc.com/index8.html,debt,302252,1DC,yellowarrow,0,0
2009-07-31 09:20:55.883,unknown,w-302252-DebtReduction1-1DC-white,TopLeft,DebtReductionInc,5.0,5.0,Debt Settlement1 Master,NY,50001-70000,google,unknown,Holding Tank - Debt,New leaf debt,,http://www.debtreductioninc.com/index8.html,debt,302252,1DC,white,0,0
2009-06-25 16:51:30.523,unknown,w-302252-DebtReduction1-1DC-yellowarrow-blue,TopLeft,DebtReductionInc,0.0,0.0,Debt Settlement1 Master,OR,30001-50000,yahoo,search.yahoo.com,Lower Payments (LV),,how to reduce credit card payment,http://www.debtreductioninc.com/index8.html,lower_payment,302252,1DC,yellowarrow-blue,1,1
2009-06-13 14:52:02.143,unknown,w-302252-DebtReduction1-1DC-CreditSolutions,TopLeft,DebtReductionInc,0.0,0.0,creditsolutions-branded-shortform,NY,7500-15000,yahoo,www.dogpile.com,Debt Negotiation,,,http://www.debtreductioninc.com/index8.html,debt,302252,1DC,CreditSolutions,1,1
2009-09-30 18:41:23.200,unknown,w-302252-DebtReduction1-1DC-white,TopLeft,DebtReductionInc,5.0,5.0,Debt Settlement1 Master,NY,15001-20000,google,ezinearticles.com,Credit Card Debt - high volume,,,http://www.debtreductioninc.com/index8.html,credit_general,302252,1DC,white,0,0
2009-07-19 00:54:11.243,unknown,w-302252-DebtReduction1-1DC,TopLeft,DebtReductionInc,5.0,2.0,Debt Settlement1 Master,AR,20001-30000,yahoo,search.netzero.net,Debt Consolidation,,,http://www.debtreductioninc.com/index8.html,consolidation,302252,1DC,default,0,0
2009-05-31 16:50:56.693,unknown,w-302252-DebtReduction1-1DC-CreditSolutions,TopLeft,DebtReductionInc,0.0,0.0,creditsolutions-branded-shortform,TX,20001-30000,yahoo,search.netzero.net,Student Debt,,,http://www.debtreductioninc.com/index8.html,student_debt,302252,1DC,CreditSolutions,1,1
2009-09-18 21:49:46.000,bad,w-302252-DebtReduction1-1DC-CreditSolutions,TopLeft,DebtReductionInc,5.0,5.0,creditsolutions-branded-shortform,AL,7500-15000,google,www.google.com,Loan Default,Loan default help,help with defaulted student loans,http://www.debtreductioninc.com/index8.html,loan,302252,1DC,CreditSolutions,0,0
2009-06-15 10:08:51.677,unknown,w-302252-DebtReduction1-1DC,TopLeft,DebtReductionInc,0.0,0.0,Debt Settlement1 Master,MI,50001-70000,google,googleads.g.doubleclick.net,How,debt,,http://www.debtreductioninc.com/index8.html,other,302252,1DC,default,1,1
2009-04-18 16:56:52.527,unknown,w-300250-DebtReduction1-1DC,TopLeft,DebtReductionInc,0.0,0.0,Debt Settlement1 Master,OK,7500-15000,adknowledge,us.mc821.mail.yahoo.com,Consolidate,,,http://www.debtreductioninc.com/index8.html,consolidation,300250,1DC,default,1,1
2009-06-11 12:30:28.000,bad,w-302252-DebtReduction1-1DC,TopLeft,DebtReductionInc,0.0,0.0,Debt Settlement1 Master,CA,7500-15000,google,googleads.g.doubleclick.net,Lower Payments,,,http://www.debtreductioninc.com/index8.html,lower_payment,302252,1DC,default,1,1
2009-09-13 15:06:16.000,bad,w-302252-DebtReduction1-1DC-CreditSolutions,TopLeft,DebtReductionInc,5.0,3.0,creditsolutions-branded-shortform,NV,50001-70000,yahoo,search.yahoo.com,Credit Card Consolidation,,credit card debt,http://www.debtreductioninc.com/index8.html,credit_general,302252,1DC,CreditSolutions,0,0
2009-05-12 21:49:37.340,unknown,w-302252-DebtReduction1-1DC,TopLeft,DebtReductionInc,0.0,0.0,Debt Settlement1 Master,AL,7500-15000,google,googleads.g.doubleclick.net,Stop Collections,,,http://www.debtreductioninc.com/index8.html,collection,302252,1DC,default,1,1
2009-08-13 00:00:00.000,good,w-302252-DebtReduction1-1DC-CreditSolutions,TopLeft,DebtReductionInc,5.0,5.0,creditsolutions-branded-shortform,AL,20001-30000,yahoo,search.yahoo.com,Debt Program,,government debt settlement programs,http://www.debtreductioninc.com/index8.html,debt,302252,1DC,CreditSolutions,0,0
2009-05-26 15:30:38.957,unknown,w-302252-DebtReduction1-1DC-CreditSolutions,TopLeft,DebtReductionInc,0.0,0.0,creditsolutions-branded-shortform,CA,15001-20000,google,googleads.g.doubleclick.net,How,debt,,http://www.debtreductioninc.com/index8.html,other,302252,1DC,CreditSolutions,1,1
2009-08-25 03:12:17.970,unknown,w-302252-DebtReduction1-1DC-white,TopLeft,DebtReductionInc,2.0,5.0,Debt Settlement1 Master,TX,30001-50000,google,www.ehow.com,Debt Consolidation,American debt consolidation,,http://www.debtreductioninc.com/index8.html,consolidation,302252,1DC,white,0,0
2009-07-23 19:01:42.117,unknown,w-302252-DebtReduction1-1DC-CreditSolutions,TopLeft,DebtReductionInc,3.0,4.0,creditsolutions-branded-shortform,TX,15001-20000,google,www.ehow.com,Student Debt,,,http://www.debtreductioninc.com/index12.html,student_debt,302252,1DC,CreditSolutions,0,0
2009-06-20 15:17:23.000,bad,w-302252-DebtReduction1-1DC-white,TopLeft,DebtReductionInc,0.0,0.0,Debt Settlement1 Master,MO,7500-15000,google,www.ask.com,Loan Default,Loan default help,financial help to pay a defalted college loan,http://www.debtreductioninc.com/index8.html,loan,302252,1DC,white,1,1
2009-07-22 14:20:15.000,bad,w-302252-DebtReduction1-1DC-CreditSolutions,TopLeft,DebtReductionInc,5.0,4.0,creditsolutions-branded-shortform,NY,50001-70000,google,www.debtreductioninc.com,Student Debt,,,http://www.debtreductioninc.com/index11.html,student_debt,302252,1DC,CreditSolutions,0,0
2009-08-28 20:33:54.390,unknown,w-302252-DebtReduction1-1DC-white,TopLeft,DebtReductionInc,5.0,5.0,Debt Settlement1 Master,NE,7500-15000,yahoo,search.yahoo.com,Credit Card Consolidation,,credit card debt,http://www.debtreductioninc.com/index8.html,credit_general,302252,1DC,white,0,0
2009-04-29 10:05:27.077,unknown,w-300250-DebtReduction1-1DC-CreditSolutions,TopLeft,DebtReductionInc,0.0,0.0,creditsolutions-branded-shortform,TX,15001-20000,google,www.google.com,Student Debt,Student loan default,help with student loans in default,http://www.debtreductioninc.com/index8.html,student_debt,300250,1DC,CreditSolutions,1,1
2009-07-09 20:46:06.503,unknown,w-302252-DebtReduction1-1DC-CreditSolutions,TopLeft,DebtReductionInc,0.0,0.0,creditsolutions-branded-shortform,TX,30001-50000,google,unknown,Holding Tank - Debt,National debt initiative division,,http://www.debtreductioninc.com/index8.html,debt,302252,1DC,CreditSolutions,1,1
2009-04-17 08:23:04.107,unknown,w-300250-DebtReduction1-1DC-Head2,TopLeft,DebtReductionInc,0.0,0.0,Debt Settlement1 Master,TX,20001-30000,google,pagead2.googlesyndication.com,Stop Collections,,,http://www.debtreductioninc.com/index8.html,collection,300250,1DC,Head2,1,1
2009-08-27 16:07:02.480,unknown,w-302252-DebtReduction1-1DC-white,TopLeft,DebtReductionInc,5.0,5.0,Debt Settlement1 Master,AR,50001-70000,yahoo,search.yahoo.com,Debt Program,,nationak debt stimulus program,http://www.debtreductioninc.com/index8.html,debt,302252,1DC,white,0,0
2009-06-30 12:10:33.033,unknown,w-302252-DebtReduction1-1DC-CreditSolutions,TopLeft,DebtReductionInc,0.0,5.0,creditsolutions-branded-shortform,NY,20001-30000,google,unknown,General Debt,American debt solutions,,http://www.debtreductioninc.com/index8.html,debt,302252,1DC,CreditSolutions,1,0
2009-06-27 00:45:54.997,unknown,w-302252-DebtReduction1-1DC-yellowarrow-blue,TopLeft,DebtReductionInc,0.0,2.0,Debt Settlement1 Master,FL,20001-30000,google,www.sedoparking.com,Credit Card Debt - high volume,,,http://www.debtreductioninc.com/index8.html,credit_general,302252,1DC,yellowarrow-blue,1,0
2009-06-25 11:48:21.000,bad,w-302252-DebtReduction1-1DC-CreditSolutions,TopLeft,DebtReductionInc,0.0,0.0,creditsolutions-branded-shortform,CT,70001-90000,adknowledge,www.bing.com,Consolidate,,american debt specialists,http://www.debtreductioninc.com/index8.html,consolidation,302252,1DC,CreditSolutions,1,1
2009-06-17 18:48:36.853,unknown,w-302252-DebtReduction1-1DC,TopLeft,DebtReductionInc,0.0,0.0,Debt Settlement1 Master,MD,7500-15000,yahoo,search.yahoo.com,General Debt,,FIX MY DEBT,http://www.debtreductioninc.com/index8.html,debt,302252,1DC,default,1,1
2009-05-18 18:24:07.697,unknown,w-302252-DebtReduction1-1DC,TopLeft,DebtReductionInc,0.0,0.0,Debt Settlement1 Master,CA,7500-15000,yahoo,search.yahoo.com,Stop Collections,,credit collection laws,http://www.debtreductioninc.com/index8.html,collection,302252,1DC,default,1,1
2009-09-16 16:57:06.000,bad,w-302252-DebtReduction1-1DC-CreditSolutions,TopLeft,DebtReductionInc,5.0,3.0,creditsolutions-branded-shortform,IN,7500-15000,adknowledge,us.mc587.mail.yahoo.com,Consolidate,,,http://www.debtreductioninc.com/index8.html,consolidation,302252,1DC,CreditSolutions,0,0
2009-07-17 21:18:18.737,unknown,w-302252-DebtReduction1-1DC-CreditSolutions,TopLeft,DebtReductionInc,5.0,5.0,creditsolutions-branded-shortform,IL,20001-30000,google,www.google.com,Holding Tank - Debt,Debt rescue usa,debt rescue usa,http://www.debtreductioninc.com/index8.html,debt,302252,1DC,CreditSolutions,0,0
2009-05-30 00:55:10.917,unknown,w-302252-DebtReduction1-1DC-white,TopLeft,DebtReductionInc,0.0,0.0,Debt Settlement1 Master,AZ,90000-100000,yahoo,search26.info.com,Debt Consolidation Loan,,,http://www.debtreductioninc.com/index8.html,consolidation,302252,1DC,white,1,1
2009-07-21 19:13:55.490,unknown,w-302252-DebtReduction1-1DC,TopLeft,DebtReductionInc,5.0,5.0,Debt Settlement1 Master,MI,7500-15000,yahoo,www.couponmountain.com,Get Out Of Debt,,,http://www.debtreductioninc.com/index8.html,debt,302252,1DC,default,0,0
2009-08-15 13:18:34.903,unknown,w-302252-DebtReduction1-1DC-yellowarrow-dark,TopLeft,DebtReductionInc,5.0,5.0,Debt Settlement1 Master,MO,30001-50000,google,financialplan.about.com,Debt Negotiation,Debt negotiation tips,,http://www.debtreductioninc.com/index8.html,debt,302252,1DC,yellowarrow-dark,0,0
2009-05-01 07:00:21.493,unknown,w-300250-DebtReduction1-1DC-BlueMeter,TopLeft,DebtReductionInc,0.0,0.0,Debt Settlement1 Master,MI,30001-50000,google,www.answerbag.com,Credit Card Debt - high volume,,,http://www.debtreductioninc.com/index8.html,credit_general,300250,1DC,BlueMeter,1,1
2009-04-03 13:52:29.810,unknown,w-300250-DebtReduction1-1DC,TopLeft,DebtReductionInc,0.0,0.0,Debt Settlement1 Master,CO,90000-100000,yahoo,us.yhs.search.yahoo.com,Debt Consolidation,,colorado business debt consolidation,http://www.debtreductioninc.com/index8.html,consolidation,300250,1DC,default,1,1
2009-06-04 16:53:33.000,bad,w-302252-DebtReduction1-1DC-CreditSolutions,TopLeft,DebtReductionInc,0.0,0.0,creditsolutions-branded-shortform,LA,7500-15000,google,www.ask.com,Student Debt,Defaulted student loans,Delinquent Student Loans,http://www.debtreductioninc.com/index8.html,student_debt,302252,1DC,CreditSolutions,1,1
2009-07-14 12:00:30.563,unknown,w-302252-DebtReduction1-1DC-CreditSolutions,TopLeft,DebtReductionInc,0.0,0.0,creditsolutions-branded-shortform,LA,50001-70000,google,www.lifescript.com,Credit Card Debt - high volume,,,http://www.debtreductioninc.com/index8.html,credit_general,302252,1DC,CreditSolutions,1,1
2009-07-24 10:38:40.623,unknown,w-302252-DebtReduction1-1DC-yellowarrow-dark,TopLeft,DebtReductionInc,5.0,5.0,Debt Settlement1 Master,LA,7500-15000,yahoo,search.yahoo.com,General Debt,,medical debt counseling,http://www.debtreductioninc.com/index8.html,debt,302252,1DC,yellowarrow-dark,0,0
2009-08-13 17:23:03.567,unknown,w-302252-DebtReduction1-1DC-yellowarrow-blue,TopLeft,DebtReductionInc,4.0,3.0,Debt Settlement1 Master,WA,15001-20000,google,googleads.g.doubleclick.net,Debt Payment,,,http://www.debtreductioninc.com/index8.html,debt,302252,1DC,yellowarrow-blue,0,0
2009-08-19 00:00:00.000,good,w-302252-DebtReduction1-1DC-white,TopLeft,DebtReductionInc,5.0,3.0,Debt Settlement1 Master,OR,20001-30000,google,search.earthlink.net,Holding Tank - Debt,Debt rescue usa,debt rescue usa,http://www.debtreductioninc.com/index8.html,debt,302252,1DC,white,0,0
2009-09-20 00:02:32.323,unknown,w-302252-DebtReduction1-1DC-yellowarrow-dark,TopLeft,DebtReductionInc,3.0,3.0,Debt Settlement1 Master,CA,7500-15000,yahoo,search.yahoo.com,Credit Card Consolidation,,credit card debt consolidation,http://www.debtreductioninc.com/index8.html,credit_general,302252,1DC,yellowarrow-dark,0,0
2009-05-05 14:22:40.050,unknown,w-300250-DebtReduction1-1DC,TopLeft,DebtReductionInc,0.0,0.0,Debt Settlement1 Master,FL,15001-20000,yahoo,www.findstuff.com,Debt Consolidation,,,http://www.debtreductioninc.com/index8.html,consolidation,300250,1DC,default,1,1
2009-07-28 13:02:14.817,unknown,w-302252-DebtReduction1-1DC-white,TopLeft,DebtReductionInc,5.0,4.0,Debt Settlement1 Master,FL,90000-100000,google,googleads.g.doubleclick.net,Student Debt,,,http://www.debtreductioninc.com/index12.html,student_debt,302252,1DC,white,0,0
2009-05-27 11:23:32.870,unknown,w-302252-DebtReduction1-1DC,TopLeft,DebtReductionInc,0.0,0.0,Debt Settlement1 Master,NY,7500-15000,google,www.edfincial.com,Debt Services,,,http://www.debtreductioninc.com/index8.html,debt,302252,1DC,default,1,1
2009-07-03 17:55:57.343,unknown,w-302252-DebtReduction1-1DC-CreditSolutions,TopLeft,DebtReductionInc,0.0,2.0,creditsolutions-branded-shortform,MD,15001-20000,google,googleads.g.doubleclick.net,Credit Card Debt - high volume,,,http://www.debtreductioninc.com/index8.html,credit_general,302252,1DC,CreditSolutions,1,0
2009-04-28 11:10:35.040,unknown,w-300250-DebtReduction1-1DC-Head3,TopLeft,DebtReductionInc,0.0,0.0,Debt Settlement1 Master,AR,30001-50000,google,www.google.com,Holding Tank - Debt,Reliance debt relief,reliance debt relief,http://www.debtreductioninc.com/index8.html,debt,300250,1DC,Head3,1,1
2009-07-07 07:30:34.217,unknown,w-302252-DebtReduction1-1DC-CreditSolutions,TopLeft,DebtReductionInc,0.0,5.0,creditsolutions-branded-shortform,FL,30001-50000,google,googleads.g.doubleclick.net,Credit Card Debt - high volume,,,http://www.debtreductioninc.com/index8.html,credit_general,302252,1DC,CreditSolutions,1,0
2009-05-13 10:33:32.377,unknown,w-302252-DebtReduction1-1DC-white,TopLeft,DebtReductionInc,0.0,0.0,Debt Settlement1 Master,AZ,30001-50000,google,www.soyouwanna.com,Student Debt,,,http://www.debtreductioninc.com/index8.html,student_debt,302252,1DC,white,1,1
2009-06-02 00:00:00.000,closed,w-302252-DebtReduction1-1DC-CreditSolutions,TopLeft,DebtReductionInc,0.0,0.0,creditsolutions-branded-shortform,TX,30001-50000,google,search.alot.com,Holding Tank - Debt,Consumer debt initiative,consumer debt initiative,http://www.debtreductioninc.com/index8.html,debt,302252,1DC,CreditSolutions,1,1
2009-06-11 00:00:00.000,good,w-302252-DebtReduction1-1DC-CreditSolutions,TopLeft,DebtReductionInc,0.0,0.0,creditsolutions-branded-shortform,LA,7500-15000,yahoo,my.att.net,Debt Consolidation Loan,,,http://www.debtreductioninc.com/index8.html,consolidation,302252,1DC,CreditSolutions,1,1
2009-07-29 03:40:07.637,unknown,w-302252-DebtReduction1-1DC-CreditSolutions,TopLeft,DebtReductionInc,5.0,2.0,creditsolutions-branded-shortform,FL,15001-20000,google,www.docstoc.com,Credit Card Debt - high volume,,,http://www.debtreductioninc.com/index8.html,credit_general,302252,1DC,CreditSolutions,0,0
2009-04-23 15:20:26.407,unknown,w-300250-DebtReduction1-1DC,TopLeft,DebtReductionInc,0.0,0.0,Debt Settlement1 Master,NY,90000-100000,google,www.google.com,Holding Tank - Debt,American ex debt,american ex-debt,http://www.debtreductioninc.com/index8.html,debt,300250,1DC,default,1,1
2009-05-12 10:43:07.000,bad,w-302252-DebtReduction1-1DC-white,TopLeft,DebtReductionInc,0.0,0.0,Debt Settlement1 Master,FL,30001-50000,google,www.google.com,Holding Tank - Debt,American ex debt,american ex debt,http://www.debtreductioninc.com/index8.html,debt,302252,1DC,white,1,1
2009-06-27 13:48:15.000,bad,w-302252-DebtReduction1-1DC-CreditSolutions,TopLeft,DebtReductionInc,0.0,4.0,creditsolutions-branded-shortform,NV,30001-50000,yahoo,search.yahoo.com,Debt Consolidation Loan,,business debt consolidation loans,http://www.debtreductioninc.com/index8.html,consolidation,302252,1DC,CreditSolutions,1,0
2009-05-29 10:09:16.730,unknown,w-302252-DebtReduction1-1DC-CreditSolutions,TopLeft,DebtReductionInc,0.0,0.0,creditsolutions-branded-shortform,FL,More_than_100000,google,pagead2.googlesyndication.com,How,debt,,http://www.debtreductioninc.com/index8.html,other,302252,1DC,CreditSolutions,1,1
2009-06-10 11:23:36.577,unknown,w-302252-DebtReduction1-1DC-white,TopLeft,DebtReductionInc,0.0,0.0,Debt Settlement1 Master,MD,30001-50000,google,googleads.g.doubleclick.net,Credit Card Debt - high volume,,,http://www.debtreductioninc.com/index8.html,credit_general,302252,1DC,white,1,1
2009-04-05 18:41:08.537,unknown,w-300250-DebtReduction1-1DC,TopLeft,DebtReductionInc,0.0,0.0,Debt Settlement1 Master,PA,20001-30000,adknowledge,us.mc639.mail.yahoo.com,Consolidate,,,http://www.debtreductioninc.com/index8.html,consolidation,300250,1DC,default,1,1
2009-06-29 08:00:40.037,unknown,w-302252-DebtReduction1-1DC-yellowarrow-blue,TopLeft,DebtReductionInc,0.0,4.0,Debt Settlement1 Master,TX,90000-100000,yahoo,search.yahoo.com,Get Out Of Debt,,how to get rid of debt,http://www.debtreductioninc.com/index8.html,debt,302252,1DC,yellowarrow-blue,1,0
2009-04-24 11:19:19.310,unknown,w-300250-DebtReduction1-2DC-CreditSolutions,TopLeft,DebtReductionInc,0.0,0.0,creditsolutions-branded-shortform,IA,90000-100000,google,www.google.com,Student Debt,Student loan default,help for student loans in default,http://www.debtreductioninc.com/index8.html,student_debt,300250,2DC,CreditSolutions,1,1
2009-06-10 19:36:14.703,unknown,w-302252-DebtReduction1-1DC-CreditSolutions,TopLeft,DebtReductionInc,0.0,0.0,creditsolutions-branded-shortform,MI,20001-30000,google,unknown,Credit Card Debt - high volume,,,http://www.debtreductioninc.com/index8.html,credit_general,302252,1DC,CreditSolutions,1,1
2009-05-15 11:39:11.000,bad,w-302252-DebtReduction1-1DC-white,TopLeft,DebtReductionInc,0.0,0.0,Debt Settlement1 Master,CO,30001-50000,google,unknown,Lower Payments,,,http://www.debtreductioninc.com/index8.html,lower_payment,302252,1DC,white,1,1
2009-06-06 10:08:08.887,unknown,w-302252-DebtReduction1-1DC-white,TopLeft,DebtReductionInc,0.0,0.0,Debt Settlement1 Master,VA,30001-50000,google,www.ehow.com,Student Debt,,,http://www.debtreductioninc.com/index8.html,student_debt,302252,1DC,white,1,1
2009-08-07 00:00:00.000,closed,w-302252-DebtReduction1-1DC-CreditSolutions,TopLeft,DebtReductionInc,5.0,3.0,creditsolutions-branded-shortform,FL,15001-20000,google,unknown,Debt Payment,,,http://www.debtreductioninc.com/index8.html,debt,302252,1DC,CreditSolutions,0,0
2009-06-23 00:00:00.000,closed,w-302252-DebtReduction1-1DC-CreditSolutions,TopLeft,DebtReductionInc,0.0,0.0,creditsolutions-branded-shortform,CA,7500-15000,yahoo,search.yahoo.com,Debt Solution (LV),,"debt solutions, victorville, ca",http://www.debtreductioninc.com/index8.html,debt,302252,1DC,CreditSolutions,1,1
2009-06-04 09:42:29.257,unknown,w-302252-DebtReduction1-1DC-CreditSolutions,TopLeft,DebtReductionInc,0.0,0.0,creditsolutions-branded-shortform,TX,7500-15000,adknowledge,www.bing.com,Consolidate,,peachtree debt,http://www.debtreductioninc.com/index8.html,consolidation,302252,1DC,CreditSolutions,1,1
2009-07-27 00:00:00.000,good,w-302252-DebtReduction1-1DC-CreditSolutions,TopLeft,DebtReductionInc,5.0,5.0,creditsolutions-branded-shortform,CA,30001-50000,yahoo,www.findstuff.com,Debt Consolidation,,,http://www.debtreductioninc.com/index8.html,consolidation,302252,1DC,CreditSolutions,0,0
2009-08-12 08:09:11.690,unknown,w-302252-DebtReduction1-1DC-CreditSolutions,TopLeft,DebtReductionInc,5.0,3.0,creditsolutions-branded-shortform,TX,7500-15000,google,googleads.g.doubleclick.net,Credit Card Debt - high volume,,,http://www.debtreductioninc.com/index8.html,credit_general,302252,1DC,CreditSolutions,0,0
2009-07-01 16:02:08.000,bad,w-302252-DebtReduction1-1DC-white,TopLeft,DebtReductionInc,0.0,3.0,Debt Settlement1 Master,OK,7500-15000,adknowledge,www.bing.com,Consolidate,,how to get debt paid,http://www.debtreductioninc.com/index8.html,consolidation,302252,1DC,white,1,0
2009-05-29 12:20:19.137,unknown,w-302252-DebtReduction1-1DC-white,TopLeft,DebtReductionInc,0.0,0.0,Debt Settlement1 Master,NY,50001-70000,google,www.soyouwanna.com,Student Debt,,,http://www.debtreductioninc.com/index12.html,student_debt,302252,1DC,white,1,1
2009-08-06 21:55:47.000,bad,w-302252-DebtReduction1-1DC-CreditSolutions,TopLeft,DebtReductionInc,5.0,5.0,creditsolutions-branded-shortform,MO,15001-20000,google,googleads.g.doubleclick.net,Credit Card Debt - high volume,,,http://www.debtreductioninc.com/index8.html,credit_general,302252,1DC,CreditSolutions,0,0
2009-04-07 22:09:47.290,unknown,w-300250-DebtReduction1-1DC-Head2,TopLeft,DebtReductionInc,0.0,0.0,Debt Settlement1 Master,FL,7500-15000,yahoo,search.yahoo.com,Debt Credit Services,,debt credit services,http://www.debtreductioninc.com/index8.html,credit_general,300250,1DC,Head2,1,1
2009-08-26 19:01:12.000,bad,w-302252-DebtReduction1-1DC-white,TopLeft,DebtReductionInc,5.0,3.0,Debt Settlement1 Master,FL,30001-50000,yahoo,search.yahoo.com,Student Debt - high volume,,help with student loan debt,http://www.debtreductioninc.com/index8.html,student_debt,302252,1DC,white,0,0
2009-08-16 09:17:28.213,unknown,w-302252-DebtReduction1-1DC-white,TopLeft,DebtReductionInc,5.0,3.0,Debt Settlement1 Master,FL,15001-20000,google,googleads.g.doubleclick.net,Credit Card Debt - high volume,,,http://www.debtreductioninc.com/index8.html,credit_general,302252,1DC,white,0,0
2009-04-10 18:48:01.807,unknown,w-300250-DebtReduction1-1DC-BlueMeter,TopLeft,DebtReductionInc,0.0,0.0,Debt Settlement1 Master,FL,50001-70000,google,googleads.g.doubleclick.net,Student Debt,,http://articles.everyquery.com,http://www.debtreductioninc.com/index8.html,student_debt,300250,1DC,BlueMeter,1,1
2009-09-01 21:09:28.323,unknown,w-302252-DebtReduction1-1DC-white,TopLeft,DebtReductionInc,5.0,5.0,Debt Settlement1 Master,FL,7500-15000,google,googleads.g.doubleclick.net,Debt Consolidation Loan,Debt consolidation loan rate,,http://www.debtreductioninc.com/index8.html,consolidation,302252,1DC,white,0,0
2009-06-17 07:53:54.000,bad,w-302252-DebtReduction1-1DC,TopLeft,DebtReductionInc,0.0,0.0,Debt Settlement1 Master,FL,30001-50000,yahoo,search.yahoo.com,Student Debt,,default private student loans,http://www.debtreductioninc.com/index8.html,student_debt,302252,1DC,default,1,1
2009-06-12 17:58:07.557,unknown,w-302252-DebtReduction1-1DC-CreditSolutions,TopLeft,DebtReductionInc,0.0,0.0,creditsolutions-branded-shortform,FL,50001-70000,google,www.google.com,Holding Tank - Debt,Consumer debt advocate reviews,consumer debt advocate reviews,http://www.debtreductioninc.com/index8.html,debt,302252,1DC,CreditSolutions,1,1
2009-09-07 00:00:00.000,good,w-302252-DebtReduction1-1DC-CreditSolutions,TopLeft,DebtReductionInc,1.0,5.0,creditsolutions-branded-shortform,FL,7500-15000,google,www.ndparking.com,Lower Payments,Credit card payments,,http://www.debtreductioninc.com/index8.html,lower_payment,302252,1DC,CreditSolutions,0,0
2009-07-25 00:00:00.000,closed,w-302252-DebtReduction1-1DC-CreditSolutions,TopLeft,DebtReductionInc,5.0,3.0,creditsolutions-branded-shortform,FL,7500-15000,google,search.rr.com,Debt Services,Superior debt service,,http://www.debtreductioninc.com/index8.html,debt,302252,1DC,CreditSolutions,0,0
2009-06-18 14:04:31.257,unknown,w-302252-DebtReduction1-1DC-CreditSolutions,TopLeft,DebtReductionInc,0.0,0.0,creditsolutions-branded-shortform,FL,7500-15000,yahoo,search.yahoo.com,Credit Card Debt,,getting rid of credit card debt,http://www.debtreductioninc.com/index8.html,credit_general,302252,1DC,CreditSolutions,1,1
2009-05-12 16:09:37.900,unknown,w-302252-DebtReduction1-1DC-CreditSolutions,TopLeft,DebtReductionInc,0.0,0.0,creditsolutions-branded-shortform,AL,30001-50000,google,www.google.com,Holding Tank - Debt,Safe harbor debt management,safe harbor debt management,http://www.debtreductioninc.com/index8.html,debt,302252,1DC,CreditSolutions,1,1
2009-07-28 21:40:36.000,bad,w-302252-DebtReduction1-1DC-white,TopLeft,DebtReductionInc,4.0,5.0,Debt Settlement1 Master,AL,7500-15000,yahoo,educationexcels.com,Debt Reduction,,,http://www.debtreductioninc.com/index8.html,debt,302252,1DC,white,0,0
2009-04-27 17:42:56.000,bad,w-300250-DebtReduction1-2DC-CreditSolutions,TopLeft,DebtReductionInc,0.0,0.0,creditsolutions-branded-shortform,FL,30001-50000,google,www.google.com,Credit Card Reduction,Credit card interest reduction,credit card interest deductions,http://www.debtreductioninc.com/index8.html,credit_general,300250,2DC,CreditSolutions,1,1
2009-05-18 19:32:07.420,unknown,w-302252-DebtReduction1-1DC-white,TopLeft,DebtReductionInc,0.0,0.0,Debt Settlement1 Master,FL,50001-70000,adknowledge,webmail.aol.com,Consolidate,,,http://www.debtreductioninc.com/index8.html,consolidation,302252,1DC,white,1,1
2009-06-09 22:48:54.000,bad,w-302252-DebtReduction1-1DC-white,TopLeft,DebtReductionInc,0.0,0.0,Debt Settlement1 Master,IL,30001-50000,yahoo,unknown,Debt Reduction,,,http://www.debtreductioninc.com/index8.html,debt,302252,1DC,white,1,1
2009-06-30 04:23:34.943,unknown,w-302252-DebtReduction1-1DC-CreditSolutions,TopLeft,DebtReductionInc,0.0,5.0,creditsolutions-branded-shortform,TX,20001-30000,google,googleads.g.doubleclick.net,Student Debt,,,http://www.debtreductioninc.com/index8.html,student_debt,302252,1DC,CreditSolutions,1,0
2009-09-15 20:33:57.643,unknown,w-302252-DebtReduction1-1DC-CreditSolutions,TopLeft,DebtReductionInc,5.0,5.0,creditsolutions-branded-shortform,TX,15001-20000,yahoo,search.yahoo.com,Unsecured Debt Consolidation Loan,,unsecured debt consolidation loans in texas,http://www.debtreductioninc.com/index8.html,consolidation,302252,1DC,CreditSolutions,0,0
2009-08-11 22:58:15.430,unknown,w-302252-DebtReduction1-1DC-yellowarrow-dark,TopLeft,DebtReductionInc,3.0,3.0,Debt Settlement1 Master,TX,7500-15000,google,wiki.answers.com,Credit Card Debt - high volume,,,http://www.debtreductioninc.com/index8.html,credit_general,302252,1DC,yellowarrow-dark,0,0
2009-04-29 04:16:29.590,unknown,w-300250-DebtReduction1-2DC-CreditSolutions,TopLeft,DebtReductionInc,0.0,0.0,creditsolutions-branded-shortform,MO,7500-15000,google,googleads.g.doubleclick.net,Credit Card Debt - high volume,,,http://www.debtreductioninc.com/index8.html,credit_general,300250,2DC,CreditSolutions,1,1
2009-04-15 14:25:18.923,unknown,w-300250-DebtReduction1-2DC-CreditSolutions,TopLeft,DebtReductionInc,0.0,0.0,creditsolutions-branded-shortform,OK,7500-15000,google,cnn.search.aol.com,Holding Tank - Debt,Student loan debt,student loan debt,http://www.debtreductioninc.com/index8.html,debt,300250,2DC,CreditSolutions,1,1
2009-06-06 22:04:05.020,unknown,w-302252-DebtReduction1-1DC-CreditSolutions,TopLeft,DebtReductionInc,0.0,0.0,creditsolutions-branded-shortform,TX,70001-90000,google,www.google.com,Holding Tank - Debt,Credit counselor,"consumer credit counseling in fort worth, tx",http://www.debtreductioninc.com/index8.html,debt,302252,1DC,CreditSolutions,1,1
2009-05-23 00:18:08.267,unknown,w-302252-DebtReduction1-1DC,TopLeft,DebtReductionInc,0.0,0.0,Debt Settlement1 Master,OK,50001-70000,yahoo,www.findstuff.com,Debt Consolidation,,,http://www.debtreductioninc.com/index8.html,consolidation,302252,1DC,default,1,1
2009-08-11 12:31:16.003,unknown,w-302252-DebtReduction1-1DC-CreditSolutions,TopLeft,DebtReductionInc,1.0,5.0,creditsolutions-branded-shortform,OK,30001-50000,yahoo,search.yahoo.com,Debt Consolidation,,Government Bill consolidation,http://www.debtreductioninc.com/index8.html,consolidation,302252,1DC,CreditSolutions,0,0
2009-05-18 18:01:07.677,unknown,w-302252-DebtReduction1-1DC-CreditSolutions,TopLeft,DebtReductionInc,0.0,0.0,creditsolutions-branded-shortform,FL,50001-70000,google,www.google.com,Get Out Of Debt,Get out of debt,is bankruptcy a better way to get out of debt,http://www.debtreductioninc.com/index8.html,debt,302252,1DC,CreditSolutions,1,1
2009-06-02 15:21:40.383,unknown,w-302252-DebtReduction1-1DC-white,TopLeft,DebtReductionInc,0.0,0.0,Debt Settlement1 Master,FL,30001-50000,google,www.webcrawler.com,Lower Payments,Credit card payments,,http://www.debtreductioninc.com/index8.html,lower_payment,302252,1DC,white,1,1
2009-04-04 00:00:00.000,good,w-300250-DebtReduction1-1DC,TopLeft,DebtReductionInc,0.0,0.0,Debt Settlement1 Master,FL,15001-20000,yahoo,www.att.net,Debt Consolidation,,,http://www.debtreductioninc.com/index8.html,consolidation,300250,1DC,default,1,1
2009-09-25 16:50:54.980,unknown,w-302252-DebtReduction1-1DC-yellowarrow-dark,TopLeft,DebtReductionInc,4.0,2.0,Debt Settlement1 Master,FL,7500-15000,yahoo,studentdebtconsolidate.org,Student Debt - high volume,,,http://www.debtreductioninc.com/index8.html,student_debt,302252,1DC,yellowarrow-dark,0,0
2009-06-29 16:26:20.000,bad,w-302252-DebtReduction1-1DC-yellowarrow-blue,TopLeft,DebtReductionInc,0.0,4.0,Debt Settlement1 Master,LA,50001-70000,yahoo,search.yahoo.com,Student Debt - high volume,,community debt student loans,http://www.debtreductioninc.com/index8.html,student_debt,302252,1DC,yellowarrow-blue,1,0
2009-07-28 14:06:15.853,unknown,w-302252-DebtReduction1-1DC-white,TopLeft,DebtReductionInc,3.0,2.0,Debt Settlement1 Master,FL,7500-15000,google,pagead2.googlesyndication.com,How,debt,,http://www.debtreductioninc.com/index8.html,other,302252,1DC,white,0,0
2009-04-17 09:54:03.237,unknown,w-300250-DebtReduction1-1DC-CreditSolutions,TopLeft,DebtReductionInc,0.0,0.0,creditsolutions-branded-shortform,FL,20001-30000,yahoo,www.findstuff.com,Debt Consolidation,,,http://www.debtreductioninc.com/index8.html,consolidation,300250,1DC,CreditSolutions,1,1
2009-04-22 15:01:18.327,unknown,w-300250-DebtReduction1-1DC-CreditSolutions,TopLeft,DebtReductionInc,0.0,0.0,creditsolutions-branded-shortform,TX,7500-15000,google,www.google.com,Holding Tank - Debt,Debts,government loan to pay debt,http://www.debtreductioninc.com/index8.html,debt,300250,1DC,CreditSolutions,1,1
2009-06-29 16:36:39.047,unknown,w-302252-DebtReduction1-1DC-yellowarrow-blue,TopLeft,DebtReductionInc,0.0,4.0,Debt Settlement1 Master,AR,90000-100000,yahoo,search.yahoo.com,Filing Bankrupcy,,filing bankruptcy in AR,http://www.debtreductioninc.com/index8.html,bankrup,302252,1DC,yellowarrow-blue,1,0
2009-04-05 10:53:19.000,bad,w-300250-DebtReduction1-1DC-CreditSolutions,TopLeft,DebtReductionInc,0.0,0.0,creditsolutions-branded-shortform,MT,15001-20000,yahoo,search.yahoo.com,Bankruptcy,,how do i file credit card bankruptcy,http://www.debtreductioninc.com/index8.html,bankrup,300250,1DC,CreditSolutions,1,1
2009-06-15 15:49:51.050,unknown,w-302252-DebtReduction1-1DC-white,TopLeft,DebtReductionInc,0.0,0.0,Debt Settlement1 Master,TX,30001-50000,google,googleads.g.doubleclick.net,Student Debt,,,http://www.debtreductioninc.com/index8.html,student_debt,302252,1DC,white,1,1
2009-09-30 15:34:24.993,unknown,w-302252-DebtReduction1-1DC-yellowarrow-blue,TopLeft,DebtReductionInc,3.0,3.0,Debt Settlement1 Master,SD,30001-50000,yahoo,search.yahoo.com,Credit Debt Consolidation,,consumer credit card bailout,http://www.debtreductioninc.com/index8.html,credit_general,302252,1DC,yellowarrow-blue,0,0
2009-05-24 19:25:53.787,unknown,w-302252-DebtReduction1-1DC-white,TopLeft,DebtReductionInc,0.0,0.0,Debt Settlement1 Master,NV,50001-70000,google,www.ehow.com,Student Debt,,,http://www.debtreductioninc.com/index8.html,student_debt,302252,1DC,white,1,1
2009-04-27 00:00:00.000,closed,w-300250-DebtReduction1-1DC-BlueMeter,TopLeft,DebtReductionInc,0.0,0.0,Debt Settlement1 Master,CA,15001-20000,google,www.google.com,Holding Tank - Debt,Dedt cures,dedt cures,http://www.debtreductioninc.com/index8.html,debt,300250,1DC,BlueMeter,1,1
2009-08-18 09:56:15.640,unknown,w-302252-DebtReduction1-1DC-CreditSolutions,TopLeft,DebtReductionInc,5.0,3.0,creditsolutions-branded-shortform,MO,20001-30000,google,www.ehow.com,How,debt,,http://www.debtreductioninc.com/index8.html,other,302252,1DC,CreditSolutions,0,0
2009-06-17 17:28:36.613,unknown,w-302252-DebtReduction1-1DC-CreditSolutions,TopLeft,DebtReductionInc,0.0,0.0,creditsolutions-branded-shortform,CA,7500-15000,google,www.ehow.com,Student Debt,,,http://www.debtreductioninc.com/index8.html,student_debt,302252,1DC,CreditSolutions,1,1
2009-04-24 14:32:49.000,bad,w-300250-DebtReduction1-1DC-BlueMeter,TopLeft,DebtReductionInc,0.0,0.0,Debt Settlement1 Master,NY,90000-100000,yahoo,www.federaldebtrelief.com,General Debt,,,http://www.debtreductioninc.com/index8.html,debt,300250,1DC,BlueMeter,1,1
2009-07-16 15:21:27.800,unknown,w-302252-DebtReduction1-1DC,TopLeft,DebtReductionInc,5.0,5.0,Debt Settlement1 Master,LA,7500-15000,yahoo,search.yahoo.com,General Debt,,free debt relief letters,http://www.debtreductioninc.com/index8.html,debt,302252,1DC,default,0,0
2009-07-30 02:38:30.000,bad,w-302252-DebtReduction1-1DC-CreditSolutions,TopLeft,DebtReductionInc,5.0,5.0,creditsolutions-branded-shortform,LA,30001-50000,yahoo,search.yahoo.com,Debt Consolidation,,debit consolidators,http://www.debtreductioninc.com/index8.html,consolidation,302252,1DC,CreditSolutions,0,0
2009-06-09 10:53:47.150,unknown,w-302252-DebtReduction1-1DC,TopLeft,DebtReductionInc,0.0,0.0,Debt Settlement1 Master,AR,30001-50000,google,collegesavings.about.com,Student Debt,,,http://www.debtreductioninc.com/index8.html,student_debt,302252,1DC,default,1,1
2009-09-20 07:17:30.080,unknown,w-302252-DebtReduction1-1DC-yellowarrow-blue,TopLeft,DebtReductionInc,5.0,5.0,Debt Settlement1 Master,CT,7500-15000,google,www.google.com,Holding Tank - Debt,Debt cures,debt cures,http://www.debtreductioninc.com/index8.html,debt,302252,1DC,yellowarrow-blue,0,0
2009-05-01 15:20:18.473,unknown,w-300250-DebtReduction1-1DC-BlueMeter,TopLeft,DebtReductionInc,0.0,0.0,Debt Settlement1 Master,CA,7500-15000,yahoo,search.yahoo.com,Stop Collections,,nco collections,http://www.debtreductioninc.com/index8.html,collection,300250,1DC,BlueMeter,1,1
2009-07-22 13:44:52.530,unknown,w-302252-DebtReduction1-1DC,TopLeft,DebtReductionInc,5.0,5.0,Debt Settlement1 Master,VA,7500-15000,google,googleads.g.doubleclick.net,Credit Card Debt - high volume,,,http://www.debtreductioninc.com/index8.html,credit_general,302252,1DC,default,0,0
2009-05-17 14:55:16.717,unknown,w-302252-DebtReduction1-1DC-white,TopLeft,DebtReductionInc,0.0,0.0,Debt Settlement1 Master,FL,7500-15000,google,www.google.com,Lower Payments,Credit card payments,www.chase.com creditcards payment,http://www.debtreductioninc.com/index8.html,lower_payment,302252,1DC,white,1,1
2009-04-26 22:52:46.250,unknown,w-300250-DebtReduction1-1DC-Head3,TopLeft,DebtReductionInc,0.0,0.0,Debt Settlement1 Master,FL,20001-30000,google,www.google.com,How,How to fix your credit,credit repair,http://www.debtreductioninc.com/index8.html,other,300250,1DC,Head3,1,1
2009-05-18 07:25:10.990,unknown,w-302252-DebtReduction1-1DC-white,TopLeft,DebtReductionInc,0.0,0.0,Debt Settlement1 Master,FL,30001-50000,yahoo,www.findstuff.com,Debt Consolidation,,,http://www.debtreductioninc.com/index8.html,consolidation,302252,1DC,white,1,1
2009-05-13 14:15:31.367,unknown,w-302252-DebtReduction1-1DC,TopLeft,DebtReductionInc,0.0,0.0,Debt Settlement1 Master,MI,7500-15000,google,googleads.g.doubleclick.net,How,debt,,http://www.debtreductioninc.com/index8.html,other,302252,1DC,default,1,1
2009-06-08 15:15:50.667,unknown,w-302252-DebtReduction1-1DC-CreditSolutions,TopLeft,DebtReductionInc,0.0,0.0,creditsolutions-branded-shortform,MI,30001-50000,yahoo,freefromdebt.com,General Debt,,,http://www.debtreductioninc.com/index8.html,debt,302252,1DC,CreditSolutions,1,1
2009-04-13 00:00:00.000,good,w-300250-DebtReduction1-2DC-BlueMeter,TopLeft,DebtReductionInc,0.0,0.0,Debt Settlement1 Master,MA,7500-15000,google,www.google.com,Lower Payments,Credit card payments,providian credit card payment,http://www.debtreductioninc.com/index8.html,lower_payment,300250,2DC,BlueMeter,1,1
2009-05-10 07:44:11.000,bad,w-302252-DebtReduction1-1DC-CreditSolutions,TopLeft,DebtReductionInc,0.0,0.0,creditsolutions-branded-shortform,MA,More_than_100000,yahoo,search.yahoo.com,Debt Consolidation,,debt consolidation on secured debt,http://www.debtreductioninc.com/index8.html,consolidation,302252,1DC,CreditSolutions,1,1
2009-04-07 00:00:00.000,closed,w-300250-DebtReduction1-1DC-BlueMeter,TopLeft,DebtReductionInc,0.0,0.0,Debt Settlement1 Master,OR,7500-15000,google,search.mywebsearch.com,Lower Payments,Credit card payments,,http://www.debtreductioninc.com/index8.html,lower_payment,300250,1DC,BlueMeter,1,1
2009-04-10 13:38:03.247,unknown,w-300250-DebtReduction1-2DC-CreditSolutions,TopLeft,DebtReductionInc,0.0,0.0,creditsolutions-branded-shortform,OR,7500-15000,adknowledge,us.mc391.mail.yahoo.com,Consolidate,,,http://www.debtreductioninc.com/index8.html,consolidation,300250,2DC,CreditSolutions,1,1
2009-06-30 00:00:00.000,closed,w-302252-DebtReduction1-1DC-CreditSolutions,TopLeft,DebtReductionInc,0.0,5.0,creditsolutions-branded-shortform,AZ,70001-90000,yahoo,www.findstuff.com,Debt Consolidation,,,http://www.debtreductioninc.com/index8.html,consolidation,302252,1DC,CreditSolutions,1,0
2009-06-15 00:00:00.000,closed,w-302252-DebtReduction1-1DC-white,TopLeft,DebtReductionInc,0.0,0.0,Debt Settlement1 Master,NE,30001-50000,adknowledge,www.bing.com,Consolidate,,debt reli,http://www.debtreductioninc.com/index8.html,consolidation,302252,1DC,white,1,1
2009-04-25 12:59:04.587,unknown,w-300250-DebtReduction1-1DC-BlueMeter,TopLeft,DebtReductionInc,0.0,0.0,Debt Settlement1 Master,MI,7500-15000,yahoo,www.findstuff.com,Debt Consolidation,,,http://www.debtreductioninc.com/index8.html,consolidation,300250,1DC,BlueMeter,1,1
2009-09-25 16:28:55.233,unknown,w-302252-DebtReduction1-1DC-CreditSolutions,TopLeft,DebtReductionInc,5.0,5.0,creditsolutions-branded-shortform,AL,7500-15000,yahoo,search.yahoo.com,Credit Card Consolidation,,debt consolidation,http://www.debtreductioninc.com/index8.html,credit_general,302252,1DC,CreditSolutions,0,0
2009-08-10 00:20:17.880,unknown,w-302252-DebtReduction1-1DC-CreditSolutions,TopLeft,DebtReductionInc,5.0,5.0,creditsolutions-branded-shortform,CA,30001-50000,google,www.ehow.com,Credit Card Debt - high volume,,,http://www.debtreductioninc.com/index8.html,credit_general,302252,1DC,CreditSolutions,0,0
2009-06-29 22:42:37.740,unknown,w-302252-DebtReduction1-1DC-CreditSolutions,TopLeft,DebtReductionInc,0.0,5.0,creditsolutions-branded-shortform,TX,50001-70000,google,www.google.com,Holding Tank - Debt,Consumer debt initiative,consumer debt initiative scam,http://www.debtreductioninc.com/index8.html,debt,302252,1DC,CreditSolutions,1,0
2009-08-15 00:00:00.000,closed,w-302252-DebtReduction1-1DC-yellowarrow-dark,TopLeft,DebtReductionInc,5.0,3.0,Debt Settlement1 Master,TX,15001-20000,adknowledge,us.mc448.mail.yahoo.com,Consolidate,,,http://www.debtreductioninc.com/index8.html,consolidation,302252,1DC,yellowarrow-dark,0,0
2009-05-31 09:11:58.987,unknown,w-302252-DebtReduction1-1DC-CreditSolutions,TopLeft,DebtReductionInc,0.0,0.0,creditsolutions-branded-shortform,VA,7500-15000,yahoo,search.yahoo.com,Debt Consolidation Loan,,what is a good loan to business debt consolidation debt,http://www.debtreductioninc.com/index8.html,consolidation,302252,1DC,CreditSolutions,1,1
2009-05-29 11:54:15.917,unknown,w-302252-DebtReduction1-1DC,TopLeft,DebtReductionInc,0.0,0.0,Debt Settlement1 Master,OR,20001-30000,yahoo,unknown,General Debt,,,http://www.debtreductioninc.com/index8.html,debt,302252,1DC,default,1,1
2009-06-08 14:07:51.090,unknown,w-302252-DebtReduction1-1DC-CreditSolutions,TopLeft,DebtReductionInc,0.0,0.0,creditsolutions-branded-shortform,MI,15001-20000,yahoo,wwww11.charter.net,Debt Settlement Companies,,,http://www.debtreductioninc.com/index8.html,settlement,302252,1DC,CreditSolutions,1,1
2009-07-15 08:29:57.000,bad,w-302252-DebtReduction1-1DC,TopLeft,DebtReductionInc,2.0,3.0,Debt Settlement1 Master,MA,7500-15000,google,googleads.g.doubleclick.net,Student Debt,,,http://www.debtreductioninc.com/index8.html,student_debt,302252,1DC,default,0,0
2009-07-10 17:33:02.217,unknown,w-302252-DebtReduction1-1DC-CreditSolutions,TopLeft,DebtReductionInc,1.0,5.0,creditsolutions-branded-shortform,FL,7500-15000,google,unknown,Debt Negotiation,,,http://www.debtreductioninc.com/index11.html,debt,302252,1DC,CreditSolutions,0,0
2009-06-08 02:43:08.000,bad,w-302252-DebtReduction1-1DC,TopLeft,DebtReductionInc,0.0,0.0,Debt Settlement1 Master,FL,20001-30000,yahoo,www.megasearch.biz,Debt Reduction,,,http://www.debtreductioninc.com/index8.html,debt,302252,1DC,default,1,1
2009-08-14 12:56:41.360,unknown,w-302252-DebtReduction1-1DC-CreditSolutions,TopLeft,DebtReductionInc,5.0,5.0,creditsolutions-branded-shortform,FL,7500-15000,adknowledge,us.mc370.mail.yahoo.com,Consolidate,,,http://www.debtreductioninc.com/index8.html,consolidation,302252,1DC,CreditSolutions,0,0
2009-09-05 00:00:00.000,good,w-302252-DebtReduction1-1DC-yellowarrow,TopLeft,DebtReductionInc,5.0,3.0,Debt Settlement1 Master,OR,50001-70000,adknowledge,www.bing.com,Consolidate,,consumer debt advocate,http://www.debtreductioninc.com/index8.html,consolidation,302252,1DC,yellowarrow,0,0
2009-09-23 02:35:11.453,unknown,w-302252-DebtReduction1-1DC-CreditSolutions,TopLeft,DebtReductionInc,5.0,3.0,creditsolutions-branded-shortform,WA,70001-90000,google,www.google.com,Debt,Debt,legally clear your debt as seen on msnbc,http://www.debtreductioninc.com/index8.html,debt,302252,1DC,CreditSolutions,0,0
2009-04-27 23:46:54.000,bad,w-300250-DebtReduction1-1DC,TopLeft,DebtReductionInc,0.0,0.0,Debt Settlement1 Master,NY,30001-50000,google,www.google.com,Holding Tank - Debt,Consumer debt initiative,Consumer Debt Initiative,http://www.debtreductioninc.com/index8.html,debt,300250,1DC,default,1,1
2009-05-03 08:06:54.717,unknown,w-300250-DebtReduction1-2DC-CreditSolutions,TopLeft,DebtReductionInc,0.0,0.0,creditsolutions-branded-shortform,MD,30001-50000,yahoo,search.yahoo.com,About Debt Consolidation,,debt consalidations in md,http://www.debtreductioninc.com/index8.html,consolidation,300250,2DC,CreditSolutions,1,1
2009-04-13 20:01:33.840,unknown,w-300250-DebtReduction1-1DC-CreditSolutions,TopLeft,DebtReductionInc,0.0,0.0,creditsolutions-branded-shortform,NE,15001-20000,yahoo,search.yahoo.com,Credit Card Debt,,how to settle with creditors,http://www.debtreductioninc.com/index8.html,credit_general,300250,1DC,CreditSolutions,1,1
2009-07-11 16:39:46.757,unknown,w-302252-DebtReduction1-1DC-CreditSolutions,TopLeft,DebtReductionInc,5.0,5.0,creditsolutions-branded-shortform,IL,15001-20000,yahoo,search.yahoo.com,General Debt,,debt help companies,http://www.debtreductioninc.com/index8.html,debt,302252,1DC,CreditSolutions,0,0
2009-04-10 17:02:02.357,unknown,w-300250-DebtReduction1-1DC-BlueMeter,TopLeft,DebtReductionInc,0.0,0.0,Debt Settlement1 Master,IL,20001-30000,adknowledge,us.mc462.mail.yahoo.com,Consolidate,,,http://www.debtreductioninc.com/index8.html,consolidation,300250,1DC,BlueMeter,1,1
2009-08-23 15:48:28.187,unknown,w-302252-DebtReduction1-1DC-yellowarrow-dark,TopLeft,DebtReductionInc,4.0,4.0,Debt Settlement1 Master,TX,7500-15000,adknowledge,by120w.bay120.mail.live.com,Consolidate,,,http://www.debtreductioninc.com/index8.html,consolidation,302252,1DC,yellowarrow-dark,0,0
2009-04-11 09:26:55.627,unknown,w-300250-DebtReduction1-1DC-BlueMeter,TopLeft,DebtReductionInc,0.0,0.0,Debt Settlement1 Master,IL,15001-20000,yahoo,www.consolidationcompanies.com,Debt Company - high volume,,,http://www.debtreductioninc.com/index8.html,debt,300250,1DC,BlueMeter,1,1
2009-05-05 00:16:45.457,unknown,w-300250-DebtReduction1-1DC-BlueMeter,TopLeft,DebtReductionInc,0.0,0.0,Debt Settlement1 Master,CA,70001-90000,google,www.google.com,Loan Default,Loan default help,default student loan help,http://www.debtreductioninc.com/index8.html,loan,300250,1DC,BlueMeter,1,1
2009-07-08 17:49:26.083,unknown,w-302252-DebtReduction1-1DC-yellowarrow-dark,TopLeft,DebtReductionInc,0.0,5.0,Debt Settlement1 Master,CA,7500-15000,google,www.ehow.com,How,debt,,http://www.debtreductioninc.com/index8.html,other,302252,1DC,yellowarrow-dark,1,0
2009-07-31 00:00:00.000,good,w-302252-DebtReduction1-1DC-yellowarrow-dark,TopLeft,DebtReductionInc,5.0,5.0,Debt Settlement1 Master,MA,20001-30000,google,www.google.com,Debt,Debt,"10,000.00 in debt",http://www.debtreductioninc.com/index8.html,debt,302252,1DC,yellowarrow-dark,0,0
2009-04-30 00:00:00.000,good,w-300250-DebtReduction1-1DC,TopLeft,DebtReductionInc,0.0,0.0,Debt Settlement1 Master,VA,More_than_100000,yahoo,www.thefreedictionary.com,Personal Debt,,,http://www.debtreductioninc.com/index8.html,debt,300250,1DC,default,1,1
2009-05-20 13:07:54.003,unknown,w-302252-DebtReduction1-1DC,TopLeft,DebtReductionInc,0.0,0.0,Debt Settlement1 Master,VA,20001-30000,yahoo,www.findstuff.com,Debt Consolidation,,,http://www.debtreductioninc.com/index8.html,consolidation,302252,1DC,default,1,1
2009-06-09 08:49:45.517,unknown,w-302252-DebtReduction1-1DC-CreditSolutions,TopLeft,DebtReductionInc,0.0,0.0,creditsolutions-branded-shortform,MO,30001-50000,google,www.google.com,Holding Tank - Debt,Consumer debt initiative,consumer debt initiative,http://www.debtreductioninc.com/index8.html,debt,302252,1DC,CreditSolutions,1,1
2009-05-30 15:11:05.807,unknown,w-302252-DebtReduction1-1DC-CreditSolutions,TopLeft,DebtReductionInc,0.0,0.0,creditsolutions-branded-shortform,AR,50001-70000,google,www.usnews.com,Student Debt,,,http://www.debtreductioninc.com/index8.html,student_debt,302252,1DC,CreditSolutions,1,1
2009-05-17 10:16:18.327,unknown,w-302252-DebtReduction1-1DC-CreditSolutions,TopLeft,DebtReductionInc,0.0,0.0,creditsolutions-branded-shortform,MO,20001-30000,yahoo,www.findstuff.com,Debt Consolidation,,,http://www.debtreductioninc.com/index8.html,consolidation,302252,1DC,CreditSolutions,1,1
2009-05-16 16:45:24.463,unknown,w-302252-DebtReduction1-1DC-CreditSolutions,TopLeft,DebtReductionInc,0.0,0.0,creditsolutions-branded-shortform,TX,7500-15000,yahoo,www.altavista.com,Personal Debt,,,http://www.debtreductioninc.com/index8.html,debt,302252,1DC,CreditSolutions,1,1
2009-05-15 15:16:21.347,unknown,w-302252-DebtReduction1-1DC-CreditSolutions,TopLeft,DebtReductionInc,0.0,0.0,creditsolutions-branded-shortform,AK,30001-50000,yahoo,wwk.searchresults.gci.net,Filing Bankrupcy,,,http://www.debtreductioninc.com/index8.html,bankrup,302252,1DC,CreditSolutions,1,1
2009-04-26 23:06:46.280,unknown,w-300250-DebtReduction1-1DC,TopLeft,DebtReductionInc,0.0,0.0,Debt Settlement1 Master,AK,7500-15000,yahoo,www.ezcreditrepair.com,General Debt,,,http://www.debtreductioninc.com/index8.html,debt,300250,1DC,default,1,1
2009-05-14 12:40:29.980,unknown,w-302252-DebtReduction1-1DC-CreditSolutions,TopLeft,DebtReductionInc,0.0,0.0,creditsolutions-branded-shortform,TX,90000-100000,google,googleads.g.doubleclick.net,How,debt,,http://www.debtreductioninc.com/index8.html,other,302252,1DC,CreditSolutions,1,1
2009-04-21 00:00:00.000,closed,w-300250-DebtReduction1-1DC-CreditSolutions,TopLeft,DebtReductionInc,0.0,0.0,creditsolutions-branded-shortform,CA,20001-30000,google,www.google.com,How,How to reduce credit card interest rates,how to decrease credit card interest rates,http://www.debtreductioninc.com/index8.html,other,300250,1DC,CreditSolutions,1,1
2009-06-12 17:30:07.623,unknown,w-302252-DebtReduction1-1DC-CreditSolutions,TopLeft,DebtReductionInc,0.0,0.0,creditsolutions-branded-shortform,AR,70001-90000,google,wiki.answers.com,Student Debt,,,http://www.debtreductioninc.com/index8.html,student_debt,302252,1DC,CreditSolutions,1,1
2009-07-29 16:15:05.153,unknown,w-302252-DebtReduction1-1DC-CreditSolutions,TopLeft,DebtReductionInc,5.0,3.0,creditsolutions-branded-shortform,NY,7500-15000,google,search.aol.com,Debt,Debt,,http://www.debtreductioninc.com/index8.html,debt,302252,1DC,CreditSolutions,0,0
2009-05-19 13:11:41.000,bad,w-302252-DebtReduction1-1DC-white,TopLeft,DebtReductionInc,0.0,0.0,Debt Settlement1 Master,NY,7500-15000,google,googleads.g.doubleclick.net,Credit Card Debt - high volume,,http://creditcards.j3hh.info,http://www.debtreductioninc.com/index8.html,credit_general,302252,1DC,white,1,1
2009-07-19 05:48:10.110,unknown,w-302252-DebtReduction1-1DC-yellowarrow-blue,TopLeft,DebtReductionInc,5.0,2.0,Debt Settlement1 Master,NY,20001-30000,google,ezinearticles.com,Credit Card Debt - high volume,,,http://www.debtreductioninc.com/index8.html,credit_general,302252,1DC,yellowarrow-blue,0,0
2009-06-13 08:23:04.877,unknown,w-302252-DebtReduction1-1DC,TopLeft,DebtReductionInc,0.0,0.0,Debt Settlement1 Master,NY,7500-15000,google,www.lowpriceshopper.com,Lower Payments,Credit card payments,,http://www.debtreductioninc.com/index8.html,lower_payment,302252,1DC,default,1,1
2009-04-13 20:17:34.137,unknown,w-300250-DebtReduction1-1DC,TopLeft,DebtReductionInc,0.0,0.0,Debt Settlement1 Master,TX,20001-30000,google,search.rr.com,Debt Collection,Debt collection in texas,,http://www.debtreductioninc.com/index8.html,collection,300250,1DC,default,1,1
2009-08-23 00:49:12.373,unknown,w-302252-DebtReduction1-1DC-CreditSolutions,TopLeft,DebtReductionInc,1.0,3.0,creditsolutions-branded-shortform,TX,7500-15000,google,www.google.com,Loan Default,Loans in default,ways around defaulted loans,http://www.debtreductioninc.com/index8.html,loan,302252,1DC,CreditSolutions,0,0
2009-05-06 19:34:33.770,unknown,w-300250-DebtReduction1-1DC-CreditSolutions,TopLeft,DebtReductionInc,0.0,0.0,creditsolutions-branded-shortform,TX,30001-50000,yahoo,search.yahoo.com,Credit Card Consolidation,,credit card consolidation loans,http://www.debtreductioninc.com/index8.html,credit_general,300250,1DC,CreditSolutions,1,1
2009-08-05 11:46:25.687,unknown,w-302252-DebtReduction1-1DC-yellowarrow-dark,TopLeft,DebtReductionInc,5.0,5.0,Debt Settlement1 Master,TX,7500-15000,google,finance.kosmix.com,Lower Payments,Credit card payments,,http://www.debtreductioninc.com/index8.html,lower_payment,302252,1DC,yellowarrow-dark,0,0
2009-07-08 10:32:06.000,bad,w-302252-DebtReduction1-1DC-CreditSolutions,TopLeft,DebtReductionInc,0.0,5.0,creditsolutions-branded-shortform,AR,More_than_100000,google,googleads.g.doubleclick.net,Student Debt,,,http://www.debtreductioninc.com/index12.html,student_debt,302252,1DC,CreditSolutions,1,0
2009-07-08 15:00:05.000,bad,w-302252-DebtReduction1-1DC,TopLeft,DebtReductionInc,0.0,5.0,Debt Settlement1 Master,AR,More_than_100000,google,googleads.g.doubleclick.net,Student Debt,,,http://www.debtreductioninc.com/index12.html,student_debt,302252,1DC,default,1,0
2009-05-21 11:27:20.933,unknown,w-302252-DebtReduction1-1DC-CreditSolutions,TopLeft,DebtReductionInc,0.0,0.0,creditsolutions-branded-shortform,TX,15001-20000,google,www.soyouwanna.com,Student Debt,,,http://www.debtreductioninc.com/index8.html,student_debt,302252,1DC,CreditSolutions,1,1
2009-08-20 16:15:45.000,bad,w-302252-DebtReduction1-1DC-CreditSolutions,TopLeft,DebtReductionInc,1.0,5.0,creditsolutions-branded-shortform,HI,20001-30000,google,www.google.com,Debt Arbitration,Credit arbitration,Hawaii Credit mediation,http://www.debtreductioninc.com/index8.html,debt,302252,1DC,CreditSolutions,0,0
2009-06-11 00:00:00.000,closed,w-302252-DebtReduction1-1DC-CreditSolutions,TopLeft,DebtReductionInc,0.0,0.0,creditsolutions-branded-shortform,HI,20001-30000,yahoo,search.yahoo.com,General Debt,,www.debtfree.com,http://www.debtreductioninc.com/index8.html,debt,302252,1DC,CreditSolutions,1,1
2009-06-12 00:00:00.000,closed,w-302252-DebtReduction1-1DC,TopLeft,DebtReductionInc,0.0,0.0,Debt Settlement1 Master,OK,20001-30000,google,googleads.g.doubleclick.net,Student Debt,,,http://www.debtreductioninc.com/index8.html,student_debt,302252,1DC,default,1,1
2009-07-14 10:48:31.330,unknown,w-302252-DebtReduction1-1DC-yellowarrow-blue,TopLeft,DebtReductionInc,5.0,3.0,Debt Settlement1 Master,IL,90000-100000,google,www.google.com,Student Debt,,direct student loan.gov,http://www.debtreductioninc.com/index8.html,student_debt,302252,1DC,yellowarrow-blue,0,0
2009-08-11 22:25:13.807,unknown,w-302252-DebtReduction1-1DC-CreditSolutions,TopLeft,DebtReductionInc,5.0,5.0,creditsolutions-branded-shortform,HI,15001-20000,google,www.ask.com,Debt Misspell,Debf,debf consultance.com,http://www.debtreductioninc.com/index8.html,debt,302252,1DC,CreditSolutions,0,0
2009-04-22 13:43:18.940,unknown,w-300250-DebtReduction1-1DC-Head2,TopLeft,DebtReductionInc,0.0,0.0,Debt Settlement1 Master,HI,20001-30000,google,www.ask.com,Debt Credit Services,Credit services,Union Workers Credit Services,http://www.debtreductioninc.com/index8.html,credit_general,300250,1DC,Head2,1,1
2009-05-30 21:26:03.550,unknown,w-302252-DebtReduction1-1DC-white,TopLeft,DebtReductionInc,0.0,0.0,Debt Settlement1 Master,HI,20001-30000,yahoo,search.yahoo.com,Stop Collections,,collection laws,http://www.debtreductioninc.com/index8.html,collection,302252,1DC,white,1,1
2009-06-13 15:20:16.000,bad,w-302252-DebtReduction1-1DC-CreditSolutions,TopLeft,DebtReductionInc,0.0,0.0,creditsolutions-branded-shortform,IL,90000-100000,google,unknown,Student Debt,,,http://www.debtreductioninc.com/index8.html,student_debt,302252,1DC,CreditSolutions,1,1
2009-09-19 16:04:34.560,unknown,w-302252-DebtReduction1-1DC-yellowarrow-blue,TopLeft,DebtReductionInc,5.0,4.0,Debt Settlement1 Master,TX,7500-15000,yahoo,www.profileonline.com,Credit Card Consolidation,,,http://www.debtreductioninc.com/index8.html,credit_general,302252,1DC,yellowarrow-blue,0,0
2009-09-07 00:00:00.000,good,w-302252-DebtReduction1-1DC-yellowarrow-blue,TopLeft,DebtReductionInc,5.0,5.0,Debt Settlement1 Master,TX,20001-30000,google,www.ndparking.com,Lower Payments,Credit card payments,,http://www.debtreductioninc.com/index8.html,lower_payment,302252,1DC,yellowarrow-blue,0,0
2009-07-26 08:53:25.787,unknown,w-302252-DebtReduction1-1DC-CreditSolutions,TopLeft,DebtReductionInc,5.0,3.0,creditsolutions-branded-shortform,NY,7500-15000,yahoo,www.dontpayitback.com,General Debt,,,http://www.debtreductioninc.com/index8.html,debt,302252,1DC,CreditSolutions,0,0
2009-09-19 01:10:46.000,bad,w-302252-DebtReduction1-1DC-yellowarrow,TopLeft,DebtReductionInc,1.0,2.0,Debt Settlement1 Master,TX,7500-15000,google,www.google.com,Loan Default,Loan default help,help with defaulted student loans,http://www.debtreductioninc.com/index8.html,loan,302252,1DC,yellowarrow,0,0
2009-09-12 22:41:16.297,unknown,w-302252-DebtReduction1-1DC-CreditSolutions,TopLeft,DebtReductionInc,5.0,5.0,creditsolutions-branded-shortform,TX,50001-70000,google,search.mywebsearch.com,Holding Tank - Debt,Debt elimination calculator,,http://www.debtreductioninc.com/index8.html,debt,302252,1DC,CreditSolutions,0,0
2009-08-29 22:28:47.427,unknown,w-302252-DebtReduction1-1DC-CreditSolutions,TopLeft,DebtReductionInc,5.0,4.0,creditsolutions-branded-shortform,TX,20001-30000,google,unknown,Debt,Debt,,http://www.debtreductioninc.com/index8.html,debt,302252,1DC,CreditSolutions,0,0
2009-04-07 19:28:48.137,unknown,w-300250-DebtReduction1-2DC-CreditSolutions,TopLeft,DebtReductionInc,0.0,0.0,creditsolutions-branded-shortform,CA,30001-50000,yahoo,www.debtspaidoff.com,General Debt,,,http://www.debtreductioninc.com/index8.html,debt,300250,2DC,CreditSolutions,1,1
2009-07-20 14:05:03.717,unknown,w-302252-DebtReduction1-1DC-yellowarrow-blue,TopLeft,DebtReductionInc,1.0,4.0,Debt Settlement1 Master,CA,More_than_100000,google,unknown,Student Debt,,,http://www.debtreductioninc.com/index11.html,student_debt,302252,1DC,yellowarrow-blue,0,0
2009-06-19 00:00:00.000,closed,w-302252-DebtReduction1-1DC-white,TopLeft,DebtReductionInc,0.0,0.0,Debt Settlement1 Master,TX,7500-15000,google,www.debtreductioninc.com,How,How to reduce credit card interest,,http://www.debtreductioninc.com/index11.html,other,302252,1DC,white,1,1
2009-04-22 16:30:18.227,unknown,w-300250-DebtReduction1-1DC,TopLeft,DebtReductionInc,0.0,0.0,Debt Settlement1 Master,CA,7500-15000,yahoo,search.yahoo.com,General Debt,,affordable debt relief,http://www.debtreductioninc.com/index8.html,debt,300250,1DC,default,1,1
2009-07-18 20:33:12.477,unknown,w-302252-DebtReduction1-1DC,TopLeft,DebtReductionInc,5.0,5.0,Debt Settlement1 Master,MI,30001-50000,google,googleads.g.doubleclick.net,Debt Consolidation Loan - high volume,Government debt consolidation loan,,http://www.debtreductioninc.com/index8.html,consolidation,302252,1DC,default,0,0
2009-08-14 22:59:19.000,bad,w-302252-DebtReduction1-1DC-CreditSolutions,TopLeft,DebtReductionInc,1.0,4.0,creditsolutions-branded-shortform,CA,50001-70000,google,googleads.g.doubleclick.net,Credit Card Debt - high volume,,,http://www.debtreductioninc.com/index8.html,credit_general,302252,1DC,CreditSolutions,0,0
2009-06-09 22:51:40.633,unknown,w-302252-DebtReduction1-1DC-CreditSolutions,TopLeft,DebtReductionInc,0.0,0.0,creditsolutions-branded-shortform,IA,20001-30000,google,www.google.com,Holding Tank - Debt,Debt cures,debt cures,http://www.debtreductioninc.com/index8.html,debt,302252,1DC,CreditSolutions,1,1
2009-06-02 11:17:54.000,bad,w-302252-DebtReduction1-1DC-CreditSolutions,TopLeft,DebtReductionInc,0.0,0.0,creditsolutions-branded-shortform,OK,50001-70000,google,home.myhughesnet.com,Holding Tank - Debt,Debt rescue usa,,http://www.debtreductioninc.com/index8.html,debt,302252,1DC,CreditSolutions,1,1
2009-08-19 00:59:10.887,unknown,w-302252-DebtReduction1-1DC-yellowarrow-dark,TopLeft,DebtReductionInc,5.0,5.0,Debt Settlement1 Master,AL,7500-15000,google,search.mywebsearch.com,Get Out Of Debt,Get out of debt,,http://www.debtreductioninc.com/index8.html,debt,302252,1DC,yellowarrow-dark,0,0
2009-06-23 18:19:51.373,unknown,w-302252-DebtReduction1-1DC-white,TopLeft,DebtReductionInc,0.0,0.0,Debt Settlement1 Master,MO,15001-20000,google,wiki.answers.com,Student Debt,,,http://www.debtreductioninc.com/index8.html,student_debt,302252,1DC,white,1,1
2009-04-18 00:00:00.000,closed,w-300250-DebtReduction1-1DC-BlueMeter,TopLeft,DebtReductionInc,0.0,0.0,Debt Settlement1 Master,AL,30001-50000,google,www.google.com,Get Out Of Debt,Get out of credit debt,how to get out of credit card debt government,http://www.debtreductioninc.com/index8.html,debt,300250,1DC,BlueMeter,1,1
2009-04-28 00:00:00.000,closed,w-300250-DebtReduction1-1DC-CreditSolutions,TopLeft,DebtReductionInc,0.0,0.0,creditsolutions-branded-shortform,FL,30001-50000,google,www.google.com,Debt Credit Services,Credit services,Credit Services,http://www.debtreductioninc.com/index8.html,credit_general,300250,1DC,CreditSolutions,1,1
2009-04-09 15:24:30.447,unknown,w-300250-DebtReduction1-1DC-Head2,TopLeft,DebtReductionInc,0.0,0.0,Debt Settlement1 Master,CA,7500-15000,yahoo,purelocal.com,Stop Collections,,,http://www.debtreductioninc.com/index8.html,collection,300250,1DC,Head2,1,1
2009-08-24 15:17:20.480,unknown,w-302252-DebtReduction1-1DC-CreditSolutions,TopLeft,DebtReductionInc,5.0,4.0,creditsolutions-branded-shortform,CA,30001-50000,google,www.google.com,How,How to lower credit card interest rates,how to lower credit card interest rates,http://www.debtreductioninc.com/index12.html,other,302252,1DC,CreditSolutions,0,0
2009-06-14 14:24:55.703,unknown,w-302252-DebtReduction1-1DC-white,TopLeft,DebtReductionInc,0.0,0.0,Debt Settlement1 Master,IL,7500-15000,google,googleads.g.doubleclick.net,Credit Card Debt - high volume,,,http://www.debtreductioninc.com/index8.html,credit_general,302252,1DC,white,1,1
2009-09-21 05:44:23.600,unknown,w-302252-DebtReduction1-1DC-yellowarrow-dark,TopLeft,DebtReductionInc,4.0,4.0,Debt Settlement1 Master,VA,7500-15000,yahoo,search.yahoo.com,General Debt - high volume,,how to fix bad debt,http://www.debtreductioninc.com/index8.html,debt,302252,1DC,yellowarrow-dark,0,0
2009-09-07 14:28:52.000,bad,w-302252-DebtReduction1-1DC-CreditSolutions,TopLeft,DebtReductionInc,5.0,3.0,creditsolutions-branded-shortform,PA,7500-15000,google,www.google.com,Loan Default,Loans in default,loans in default,http://www.debtreductioninc.com/index8.html,loan,302252,1DC,CreditSolutions,0,0
2009-05-11 12:22:43.810,unknown,w-302252-DebtReduction1-1DC,TopLeft,DebtReductionInc,0.0,0.0,Debt Settlement1 Master,AZ,30001-50000,yahoo,unknown,Debt Credit Services,,,http://www.debtreductioninc.com/index8.html,credit_general,302252,1DC,default,1,1
2009-04-26 17:15:47.440,unknown,w-300250-DebtReduction1-1DC,TopLeft,DebtReductionInc,0.0,0.0,Debt Settlement1 Master,NM,30001-50000,yahoo,search.yahoo.com,General Debt,,new mexico debt laws,http://www.debtreductioninc.com/index8.html,debt,300250,1DC,default,1,1
2009-07-14 14:40:30.323,unknown,w-302252-DebtReduction1-1DC-CreditSolutions,TopLeft,DebtReductionInc,5.0,3.0,creditsolutions-branded-shortform,CO,7500-15000,google,googleads.g.doubleclick.net,Student Debt,,,http://www.debtreductioninc.com/index8.html,student_debt,302252,1DC,CreditSolutions,0,0
2009-06-02 14:14:50.000,bad,w-302252-DebtReduction1-1DC-CreditSolutions,TopLeft,DebtReductionInc,0.0,0.0,creditsolutions-branded-shortform,CA,15001-20000,yahoo,search.yahoo.com,Student Debt,,false student loan defaults,http://www.debtreductioninc.com/index8.html,student_debt,302252,1DC,CreditSolutions,1,1
2009-05-11 22:53:46.130,unknown,w-302252-DebtReduction1-1DC-CreditSolutions,TopLeft,DebtReductionInc,0.0,0.0,creditsolutions-branded-shortform,CO,50001-70000,google,www.ask.com,Holding Tank - Debt,Credit counselor,is consumer credit consuling a scam,http://www.debtreductioninc.com/index8.html,debt,302252,1DC,CreditSolutions,1,1
2009-06-13 20:06:00.940,unknown,w-302252-DebtReduction1-1DC-CreditSolutions,TopLeft,DebtReductionInc,0.0,0.0,creditsolutions-branded-shortform,CO,50001-70000,adknowledge,www.msnbc.msn.com,Consolidate,, how to wipe out your debt legally,http://www.debtreductioninc.com/index8.html,consolidation,302252,1DC,CreditSolutions,1,1
2009-07-22 15:21:13.000,bad,w-302252-DebtReduction1-1DC-white,TopLeft,DebtReductionInc,5.0,5.0,Debt Settlement1 Master,CO,7500-15000,google,googleads.g.doubleclick.net,Consolidation,Consolidation loans,http://www.getridofthings.com,http://www.debtreductioninc.com/index8.html,consolidation,302252,1DC,white,0,0
2009-08-23 09:22:29.177,unknown,w-302252-DebtReduction1-1DC-yellowarrow-blue,TopLeft,DebtReductionInc,5.0,5.0,Debt Settlement1 Master,CO,30001-50000,adknowledge,us.mc574.mail.yahoo.com,Consolidate,,,http://www.debtreductioninc.com/index8.html,consolidation,302252,1DC,yellowarrow-blue,0,0
2009-06-30 17:47:33.703,unknown,w-302252-DebtReduction1-1DC,TopLeft,DebtReductionInc,0.0,5.0,Debt Settlement1 Master,IL,7500-15000,google,search.alot.com,Holding Tank - Debt,Debt recovery,debt Recovery,http://www.debtreductioninc.com/index8.html,debt,302252,1DC,default,1,0
2009-05-15 13:55:21.777,unknown,w-302252-DebtReduction1-1DC-white,TopLeft,DebtReductionInc,0.0,0.0,Debt Settlement1 Master,IL,30001-50000,yahoo,search.yahoo.com,Credit Debt Consolidation,,debt consolidation even with bad credit,http://www.debtreductioninc.com/index8.html,credit_general,302252,1DC,white,1,1
2009-08-26 20:00:07.290,unknown,w-302252-DebtReduction1-1DC-yellowarrow-blue,TopLeft,DebtReductionInc,5.0,5.0,Debt Settlement1 Master,IL,7500-15000,google,www.google.com,Holding Tank - Debt,Debt collectors,debt collectors,http://www.debtreductioninc.com/index8.html,debt,302252,1DC,yellowarrow-blue,0,0
2009-06-06 16:49:06.797,unknown,w-302252-DebtReduction1-1DC-CreditSolutions,TopLeft,DebtReductionInc,0.0,0.0,creditsolutions-branded-shortform,IL,7500-15000,yahoo,www.local.com,Debt Consolidation,,,http://www.debtreductioninc.com/index8.html,consolidation,302252,1DC,CreditSolutions,1,1
2009-06-17 05:32:55.000,bad,w-302252-DebtReduction1-1DC-CreditSolutions,TopLeft,DebtReductionInc,0.0,0.0,creditsolutions-branded-shortform,CA,30001-50000,google,www.google.com,Holding Tank - Debt,Debt mediation,debt mediation,http://www.debtreductioninc.com/index8.html,debt,302252,1DC,CreditSolutions,1,1
2009-08-17 00:00:00.000,closed,w-302252-DebtReduction1-1DC-white,TopLeft,DebtReductionInc,5.0,5.0,Debt Settlement1 Master,WA,15001-20000,google,www.google.com,Holding Tank - Debt,Legally erase your debt as seen on msnbc,legally erase your debt as seen on msnbc,http://www.debtreductioninc.com/index8.html,debt,302252,1DC,white,0,0
2009-07-10 20:30:00.370,unknown,w-302252-DebtReduction1-1DC-CreditSolutions,TopLeft,DebtReductionInc,5.0,3.0,creditsolutions-branded-shortform,CA,7500-15000,google,www.google.com,Lower Payments,Credit card payments,www.chase.com creditcards payment,http://www.debtreductioninc.com/index8.html,lower_payment,302252,1DC,CreditSolutions,0,0
2009-05-11 17:50:12.000,bad,w-302252-DebtReduction1-1DC,TopLeft,DebtReductionInc,0.0,0.0,Debt Settlement1 Master,CA,30001-50000,google,www.google.com,Holding Tank - Debt,Msnbc debt relief,msnbc debt relief scams,http://www.debtreductioninc.com/index8.html,debt,302252,1DC,default,1,1
2009-06-26 15:28:58.300,unknown,w-302252-DebtReduction1-1DC-CreditSolutions,TopLeft,DebtReductionInc,0.0,5.0,creditsolutions-branded-shortform,IL,30001-50000,google,search.comcast.net,Lower Payments,How to lower monthly payments,best way to lower monthly payments,http://www.debtreductioninc.com/index8.html,lower_payment,302252,1DC,CreditSolutions,1,0
2009-06-22 15:50:57.947,unknown,w-302252-DebtReduction1-1DC-yellowarrow-blue,TopLeft,DebtReductionInc,0.0,0.0,Debt Settlement1 Master,CO,7500-15000,google,www.google.com,Holding Tank - Debt,Debt negotiation reviews,debt settlement recomendations,http://www.debtreductioninc.com/index8.html,debt,302252,1DC,yellowarrow-blue,1,1
2009-05-03 12:48:54.417,unknown,w-300250-DebtReduction1-1DC,TopLeft,DebtReductionInc,0.0,0.0,Debt Settlement1 Master,CO,30001-50000,yahoo,search.yahoo.com,Chapter 7 Bankruptcy,,personal bankruptcy,http://www.debtreductioninc.com/index8.html,bankrup,300250,1DC,default,1,1
2009-08-03 22:15:32.770,unknown,w-302252-DebtReduction1-1DC-white,TopLeft,DebtReductionInc,2.0,3.0,Debt Settlement1 Master,CO,20001-30000,yahoo,search.yahoo.com,Debt Consolidation,,non profit debt consolidation,http://www.debtreductioninc.com/index8.html,consolidation,302252,1DC,white,0,0
2009-08-14 15:47:39.663,unknown,w-302252-DebtReduction1-1DC-CreditSolutions,TopLeft,DebtReductionInc,4.0,2.0,creditsolutions-branded-shortform,WV,7500-15000,google,ezinearticles.com,Credit Card Debt - high volume,,,http://www.debtreductioninc.com/index8.html,credit_general,302252,1DC,CreditSolutions,0,0
2009-05-27 19:37:30.120,unknown,w-302252-DebtReduction1-1DC,TopLeft,DebtReductionInc,0.0,0.0,Debt Settlement1 Master,CO,50001-70000,yahoo,search.yahoo.com,File Bankruptcy,,california bankruptcy court,http://www.debtreductioninc.com/index8.html,bankrup,302252,1DC,default,1,1
2009-04-24 13:04:18.927,unknown,w-300250-DebtReduction1-1DC-Head3,TopLeft,DebtReductionInc,0.0,0.0,Debt Settlement1 Master,CO,20001-30000,google,googleads.g.doubleclick.net,Student Debt,,,http://www.debtreductioninc.com/index8.html,student_debt,300250,1DC,Head3,1,1
2009-07-26 20:48:26.287,unknown,w-302252-DebtReduction1-1DC-yellowarrow-dark,TopLeft,DebtReductionInc,4.0,3.0,Debt Settlement1 Master,AL,90000-100000,google,googleads.g.doubleclick.net,Student Debt,,,http://www.debtreductioninc.com/index12.html,student_debt,302252,1DC,yellowarrow-dark,0,0
2009-09-30 17:21:25.190,unknown,w-302252-DebtReduction1-1DC-yellowarrow-dark,TopLeft,DebtReductionInc,0.0,0.0,Debt Settlement1 Master,CA,15001-20000,yahoo,search.yahoo.com,Credit Card Consolidation,,credit card consolidation loans,http://www.debtreductioninc.com/index8.html,credit_general,302252,1DC,yellowarrow-dark,1,1
2009-05-20 10:11:54.657,unknown,w-302252-DebtReduction1-1DC-CreditSolutions,TopLeft,DebtReductionInc,0.0,0.0,creditsolutions-branded-shortform,CA,20001-30000,yahoo,search.yahoo.com,Bill Consolidation,,fresno bill consolidation,http://www.debtreductioninc.com/index8.html,consolidation,302252,1DC,CreditSolutions,1,1
2009-09-19 11:02:43.000,bad,w-302252-DebtReduction1-1DC-CreditSolutions,TopLeft,DebtReductionInc,5.0,5.0,creditsolutions-branded-shortform,WA,90000-100000,yahoo,studentdebtconsolidate.org,Student Debt - high volume,,,http://www.debtreductioninc.com/index8.html,student_debt,302252,1DC,CreditSolutions,0,0
2009-04-04 00:00:00.000,good,w-300250-DebtReduction1-1DC-CreditSolutions,TopLeft,DebtReductionInc,0.0,0.0,creditsolutions-branded-shortform,IL,20001-30000,yahoo,search.yahoo.com,General Debt,,who is debtclear,http://www.debtreductioninc.com/index8.html,debt,300250,1DC,CreditSolutions,1,1
2009-09-30 19:05:35.000,bad,w-302252-DebtReduction1-1DC-yellowarrow,TopLeft,DebtReductionInc,5.0,3.0,Debt Settlement1 Master,WA,20001-30000,yahoo,articles.directorym.com,Credit Card Consolidation,,,http://www.debtreductioninc.com/index8.html,credit_general,302252,1DC,yellowarrow,0,0
2009-08-19 01:02:10.940,unknown,w-302252-DebtReduction1-1DC-white,TopLeft,DebtReductionInc,5.0,3.0,Debt Settlement1 Master,CA,7500-15000,yahoo,search.yahoo.com,Debt Program,,"consolidation programs ""debt settlement""",http://www.debtreductioninc.com/index8.html,debt,302252,1DC,white,0,0
2009-07-28 20:31:09.773,unknown,w-302252-DebtReduction1-1DC-CreditSolutions,TopLeft,DebtReductionInc,5.0,4.0,creditsolutions-branded-shortform,VA,15001-20000,yahoo,search.yahoo.com,Credit Card Consolidation,,CREDITCARD COUNSELING,http://www.debtreductioninc.com/index8.html,credit_general,302252,1DC,CreditSolutions,0,0
2009-04-11 17:21:52.733,unknown,w-300250-DebtReduction1-1DC-Head2,TopLeft,DebtReductionInc,0.0,0.0,Debt Settlement1 Master,OR,30001-50000,yahoo,search.yahoo.com,Filing Bankrupcy,,Bankruptcy in Oregon,http://www.debtreductioninc.com/index8.html,bankrup,300250,1DC,Head2,1,1
2009-05-08 13:58:23.227,unknown,w-302252-DebtReduction1-1DC,TopLeft,DebtReductionInc,0.0,0.0,Debt Settlement1 Master,CO,15001-20000,yahoo,unknown,Get Out Of Debt,,,http://www.debtreductioninc.com/index8.html,debt,302252,1DC,default,1,1
2009-05-18 23:35:05.960,unknown,w-302252-DebtReduction1-1DC-white,TopLeft,DebtReductionInc,0.0,0.0,Debt Settlement1 Master,CO,7500-15000,google,www.google.com,Debt,Debt,cut credit card debt without hurting your credit report,http://www.debtreductioninc.com/index8.html,debt,302252,1DC,white,1,1
2009-05-02 18:48:00.420,unknown,w-300250-DebtReduction1-1DC,TopLeft,DebtReductionInc,0.0,0.0,Debt Settlement1 Master,FL,15001-20000,yahoo,creditunion.com,Free Debt Consolidation,,,http://www.debtreductioninc.com/index8.html,consolidation,300250,1DC,default,1,1
2009-06-26 07:41:22.000,bad,w-302252-DebtReduction1-1DC-white,TopLeft,DebtReductionInc,0.0,5.0,Debt Settlement1 Master,LA,30001-50000,google,aim.search.aol.com,Debt,Debt,debt free stimulus,http://www.debtreductioninc.com/index8.html,debt,302252,1DC,white,1,0
2009-05-26 18:38:44.000,bad,w-302252-DebtReduction1-1DC-white,TopLeft,DebtReductionInc,0.0,0.0,Debt Settlement1 Master,NM,7500-15000,google,googleads.g.doubleclick.net,How,debt,,http://www.debtreductioninc.com/index8.html,other,302252,1DC,white,1,1
2009-05-22 10:37:13.510,unknown,w-302252-DebtReduction1-1DC-CreditSolutions,TopLeft,DebtReductionInc,0.0,0.0,creditsolutions-branded-shortform,NY,15001-20000,adknowledge,webmailb.netzero.net,Consolidate,,,http://www.debtreductioninc.com/index8.html,consolidation,302252,1DC,CreditSolutions,1,1
2009-08-02 11:15:41.990,unknown,w-302252-DebtReduction1-1DC-yellowarrow-dark,TopLeft,DebtReductionInc,5.0,5.0,Debt Settlement1 Master,OK,15001-20000,yahoo,www.crawler.com,General Debt,,debt relif help,http://www.debtreductioninc.com/index8.html,debt,302252,1DC,yellowarrow-dark,0,0
2009-05-19 00:00:00.000,closed,w-302252-DebtReduction1-1DC-white,TopLeft,DebtReductionInc,0.0,0.0,Debt Settlement1 Master,IA,More_than_100000,yahoo,www.findstuff.com,Debt Consolidation,,,http://www.debtreductioninc.com/index8.html,consolidation,302252,1DC,white,1,1
2009-06-24 10:59:37.810,unknown,w-302252-DebtReduction1-1DC-yellowarrow-blue,TopLeft,DebtReductionInc,0.0,0.0,Debt Settlement1 Master,VA,7500-15000,adknowledge,www.bing.com,Consolidate,,"10,000 dollar debt",http://www.debtreductioninc.com/index8.html,consolidation,302252,1DC,yellowarrow-blue,1,1
2009-05-16 19:03:23.633,unknown,w-302252-DebtReduction1-1DC-CreditSolutions,TopLeft,DebtReductionInc,0.0,0.0,creditsolutions-branded-shortform,VA,More_than_100000,yahoo,search.embarq.com,General Debt,,,http://www.debtreductioninc.com/index8.html,debt,302252,1DC,CreditSolutions,1,1
2009-04-18 21:03:50.977,unknown,w-300250-DebtReduction1-1DC,TopLeft,DebtReductionInc,0.0,0.0,Debt Settlement1 Master,FL,30001-50000,google,www.google.com,Holding Tank - Debt,Government grants for debt,GOVERNMENT GRANTS FOR DEBT,http://www.debtreductioninc.com/index8.html,debt,300250,1DC,default,1,1
2009-07-23 22:59:42.007,unknown,w-302252-DebtReduction1-1DC-CreditSolutions,TopLeft,DebtReductionInc,1.0,4.0,creditsolutions-branded-shortform,FL,20001-30000,google,www.ask.com,How,How to fix credit,how to repair debt,http://www.debtreductioninc.com/index12.html,other,302252,1DC,CreditSolutions,0,0
2009-08-05 15:57:52.000,bad,w-302252-DebtReduction1-1DC-yellowarrow-dark,TopLeft,DebtReductionInc,5.0,5.0,Debt Settlement1 Master,NY,70001-90000,yahoo,federalstudentloanconsolidation.org,Student Debt - high volume,,,http://www.debtreductioninc.com/index8.html,student_debt,302252,1DC,yellowarrow-dark,0,0
2009-07-15 06:50:57.000,bad,w-302252-DebtReduction1-1DC-CreditSolutions,TopLeft,DebtReductionInc,1.0,4.0,creditsolutions-branded-shortform,VA,15001-20000,yahoo,www.shopica.com,Get Out Of Debt,,best_card_credit_debt_get_way,http://www.debtreductioninc.com/index8.html,debt,302252,1DC,CreditSolutions,0,0
2009-04-27 14:53:57.000,bad,w-300250-DebtReduction1-1DC,TopLeft,DebtReductionInc,0.0,0.0,Debt Settlement1 Master,FL,20001-30000,yahoo,search.yahoo.com,General Debt,,debtproblems,http://www.debtreductioninc.com/index8.html,debt,300250,1DC,default,1,1
2009-05-20 00:00:00.000,good,w-302252-DebtReduction1-1DC-white,TopLeft,DebtReductionInc,0.0,0.0,Debt Settlement1 Master,FL,30001-50000,yahoo,search.yahoo.com,Debt Program,,national debt initiative program,http://www.debtreductioninc.com/index8.html,debt,302252,1DC,white,1,1
2009-07-27 21:26:18.193,unknown,w-302252-DebtReduction1-1DC-white,TopLeft,DebtReductionInc,5.0,3.0,Debt Settlement1 Master,IN,50001-70000,google,unknown,Holding Tank - Debt,Ross dept stores,,http://www.debtreductioninc.com/index8.html,debt,302252,1DC,white,0,0
2009-06-09 15:52:00.000,bad,w-302252-DebtReduction1-1DC-CreditSolutions,TopLeft,DebtReductionInc,0.0,0.0,creditsolutions-branded-shortform,IN,30001-50000,yahoo,studentdebtconsolidate.org,Student Debt Consolidation,,,http://www.debtreductioninc.com/index8.html,student_debt,302252,1DC,CreditSolutions,1,1
2009-07-31 20:00:51.260,unknown,w-302252-DebtReduction1-1DC-CreditSolutions,TopLeft,DebtReductionInc,1.0,2.0,creditsolutions-branded-shortform,IN,20001-30000,google,www.wikihow.com,Credit Card Debt - high volume,,,http://www.debtreductioninc.com/index8.html,credit_general,302252,1DC,CreditSolutions,0,0
2009-04-20 16:50:04.000,bad,w-300250-DebtReduction1-1DC-Head2,TopLeft,DebtReductionInc,0.0,0.0,Debt Settlement1 Master,NY,7500-15000,yahoo,search.yahoo.com,Chapter 7 Bankruptcy,,chapter 7 bankruptcy,http://www.debtreductioninc.com/index8.html,bankrup,300250,1DC,Head2,1,1
2009-07-23 20:06:06.000,bad,w-302252-DebtReduction1-1DC-white,TopLeft,DebtReductionInc,5.0,3.0,Debt Settlement1 Master,NY,50001-70000,google,www.soyouwanna.com,Student Debt,,,http://www.debtreductioninc.com/index12.html,student_debt,302252,1DC,white,0,0
2009-04-20 07:45:38.263,unknown,w-300250-DebtReduction1-2DC-BlueMeter,TopLeft,DebtReductionInc,0.0,0.0,Debt Settlement1 Master,NY,15001-20000,google,www.google.com,Debt Negotiation,Debt negotiation letter,debt negotiation letter,http://www.debtreductioninc.com/index8.html,debt,300250,2DC,BlueMeter,1,1
2009-05-22 15:45:11.557,unknown,w-302252-DebtReduction1-1DC-white,TopLeft,DebtReductionInc,0.0,0.0,Debt Settlement1 Master,NY,20001-30000,yahoo,www.findstuff.com,Debt Consolidation,,,http://www.debtreductioninc.com/index8.html,consolidation,302252,1DC,white,1,1
2009-04-08 20:16:38.557,unknown,w-300250-DebtReduction1-1DC,TopLeft,DebtReductionInc,0.0,0.0,Debt Settlement1 Master,NY,15001-20000,yahoo,search.yahoo.com,Lower Payments,,lower car payments,http://www.debtreductioninc.com/index8.html,lower_payment,300250,1DC,default,1,1
2009-05-28 14:54:30.000,bad,w-302252-DebtReduction1-1DC-CreditSolutions,TopLeft,DebtReductionInc,0.0,0.0,creditsolutions-branded-shortform,NY,70001-90000,google,searchportal.information.com,Student Debt,Student loan default,,http://www.debtreductioninc.com/index8.html,student_debt,302252,1DC,CreditSolutions,1,1
2009-08-30 14:53:43.030,unknown,w-302252-DebtReduction1-1DC-CreditSolutions,TopLeft,DebtReductionInc,5.0,5.0,creditsolutions-branded-shortform,NY,30001-50000,google,www.ask.com,Holding Tank - Debt,Government debt relief,government debt relief,http://www.debtreductioninc.com/index8.html,debt,302252,1DC,CreditSolutions,0,0
2009-09-19 21:23:32.090,unknown,w-302252-DebtReduction1-1DC-CreditSolutions,TopLeft,DebtReductionInc,5.0,3.0,creditsolutions-branded-shortform,NY,More_than_100000,yahoo,results.freeze.com,Student Debt - high volume,,,http://www.debtreductioninc.com/index8.html,student_debt,302252,1DC,CreditSolutions,0,0
2009-06-01 00:00:00.000,closed,w-302252-DebtReduction1-1DC-white,TopLeft,DebtReductionInc,0.0,0.0,Debt Settlement1 Master,NY,70001-90000,google,www.google.com,Holding Tank - Debt,Debt rescue usa,debt rescue usa,http://www.debtreductioninc.com/index8.html,debt,302252,1DC,white,1,1
2009-05-29 07:32:17.010,unknown,w-302252-DebtReduction1-1DC-white,TopLeft,DebtReductionInc,0.0,0.0,Debt Settlement1 Master,NY,15001-20000,yahoo,www.findstuff.com,Debt Consolidation,,,http://www.debtreductioninc.com/index8.html,consolidation,302252,1DC,white,1,1
2009-04-29 07:39:28.083,unknown,w-300250-DebtReduction1-1DC-Head3,TopLeft,DebtReductionInc,0.0,0.0,Debt Settlement1 Master,FL,15001-20000,google,en.allexperts.com,How,debt,,http://www.debtreductioninc.com/index8.html,other,300250,1DC,Head3,1,1
2009-05-21 05:08:23.523,unknown,w-302252-DebtReduction1-1DC,TopLeft,DebtReductionInc,0.0,0.0,Debt Settlement1 Master,FL,7500-15000,google,www.sedoparking.com,Credit Card Debt - high volume,,,http://www.debtreductioninc.com/index8.html,credit_general,302252,1DC,default,1,1
2009-07-07 14:57:34.073,unknown,w-302252-DebtReduction1-1DC,TopLeft,DebtReductionInc,0.0,5.0,Debt Settlement1 Master,FL,7500-15000,google,www.google.com,Lower Payments,Credit card payments,www.chase.com creditcards payment,http://www.debtreductioninc.com/index8.html,lower_payment,302252,1DC,default,1,0
2009-08-18 15:54:14.957,unknown,w-302252-DebtReduction1-1DC-yellowarrow-blue,TopLeft,DebtReductionInc,5.0,4.0,Debt Settlement1 Master,LA,30001-50000,yahoo,search.yahoo.com,Credit Card Consolidation,,credit card debt,http://www.debtreductioninc.com/index8.html,credit_general,302252,1DC,yellowarrow-blue,0,0
2009-06-13 20:06:00.637,unknown,w-302252-DebtReduction1-1DC-CreditSolutions,TopLeft,DebtReductionInc,0.0,0.0,creditsolutions-branded-shortform,MI,7500-15000,yahoo,search.yahoo.com,General Debt,,debt crisis hotline,http://www.debtreductioninc.com/index8.html,debt,302252,1DC,CreditSolutions,1,1
2009-06-08 20:02:49.290,unknown,w-302252-DebtReduction1-1DC-CreditSolutions,TopLeft,DebtReductionInc,0.0,0.0,creditsolutions-branded-shortform,CO,20001-30000,adknowledge,www.bing.com,Consolidate,,debt reconsolidation,http://www.debtreductioninc.com/index8.html,consolidation,302252,1DC,CreditSolutions,1,1
2009-09-25 00:00:00.000,good,w-302252-DebtReduction1-1DC-CreditSolutions,TopLeft,DebtReductionInc,5.0,2.0,creditsolutions-branded-shortform,AZ,20001-30000,yahoo,search.yahoo.com,Credit Card Consolidation,,debt consolidation,http://www.debtreductioninc.com/index8.html,credit_general,302252,1DC,CreditSolutions,0,0
2009-07-09 09:51:10.537,unknown,w-302252-DebtReduction1-1DC-CreditSolutions,TopLeft,DebtReductionInc,0.0,2.0,creditsolutions-branded-shortform,OR,7500-15000,google,unknown,Student Debt,,,http://www.debtreductioninc.com/index11.html,student_debt,302252,1DC,CreditSolutions,1,0
2009-05-02 09:00:02.120,unknown,w-300250-DebtReduction1-2DC-CreditSolutions,TopLeft,DebtReductionInc,0.0,0.0,creditsolutions-branded-shortform,NM,70001-90000,google,www.google.com,Lower Payments,Lower mortgage payments,lower my mortgage payment,http://www.debtreductioninc.com/index8.html,lower_payment,300250,2DC,CreditSolutions,1,1
2009-05-20 00:00:00.000,closed,w-302252-DebtReduction1-1DC,TopLeft,DebtReductionInc,0.0,0.0,Debt Settlement1 Master,MO,7500-15000,google,www.google.com,Lower Payments,Credit card payments,www.Chase.com credit card payment,http://www.debtreductioninc.com/index8.html,lower_payment,302252,1DC,default,1,1
2009-09-21 17:37:20.013,unknown,w-302252-DebtReduction1-1DC-CreditSolutions,TopLeft,DebtReductionInc,5.0,3.0,creditsolutions-branded-shortform,AZ,20001-30000,google,unknown,Credit Card Debt - high volume,,,http://www.debtreductioninc.com/index8.html,credit_general,302252,1DC,CreditSolutions,0,0
2009-07-27 12:10:45.000,bad,w-302252-DebtReduction1-1DC-white,TopLeft,DebtReductionInc,1.0,5.0,Debt Settlement1 Master,VA,7500-15000,yahoo,unknown,Credit Card Debt,,,http://www.debtreductioninc.com/index8.html,credit_general,302252,1DC,white,0,0
2009-08-31 18:53:31.000,bad,w-302252-DebtReduction1-1DC-CreditSolutions,TopLeft,DebtReductionInc,5.0,5.0,creditsolutions-branded-shortform,HI,7500-15000,google,www.google.com,Lower Payments,Credit card payments,www.chase.com creditcards payment,http://www.debtreductioninc.com/index8.html,lower_payment,302252,1DC,CreditSolutions,0,0
2009-05-21 00:00:00.000,closed,w-302252-DebtReduction1-1DC,TopLeft,DebtReductionInc,0.0,0.0,Debt Settlement1 Master,CA,15001-20000,google,www.google.com,Holding Tank - Debt,Visa debt,visa debt,http://www.debtreductioninc.com/index8.html,debt,302252,1DC,default,1,1
2009-05-26 00:00:00.000,closed,w-302252-DebtReduction1-1DC,TopLeft,DebtReductionInc,0.0,0.0,Debt Settlement1 Master,HI,30001-50000,yahoo,www.findstuff.com,Credit Debt Consolidation Loan,,,http://www.debtreductioninc.com/index8.html,credit_general,302252,1DC,default,1,1
2009-06-18 00:00:00.000,good,w-302252-DebtReduction1-1DC-CreditSolutions,TopLeft,DebtReductionInc,0.0,0.0,creditsolutions-branded-shortform,IL,50001-70000,yahoo,search.yahoo.com,Bankruptcy,,cost of filing bankruptcy,http://www.debtreductioninc.com/index8.html,bankrup,302252,1DC,CreditSolutions,1,1
2009-06-10 16:15:34.033,unknown,w-302252-DebtReduction1-1DC-CreditSolutions,TopLeft,DebtReductionInc,0.0,0.0,creditsolutions-branded-shortform,AZ,20001-30000,yahoo,search.yahoo.com,Debt Consolidation,,consolidating,http://www.debtreductioninc.com/index8.html,consolidation,302252,1DC,CreditSolutions,1,1
2009-05-23 06:59:05.640,unknown,w-302252-DebtReduction1-1DC-CreditSolutions,TopLeft,DebtReductionInc,0.0,0.0,creditsolutions-branded-shortform,AL,More_than_100000,google,www.google.com,Holding Tank - Debt,Debtors court,debtors court,http://www.debtreductioninc.com/index8.html,debt,302252,1DC,CreditSolutions,1,1
2009-08-23 15:07:27.530,unknown,w-302252-DebtReduction1-1DC-CreditSolutions,TopLeft,DebtReductionInc,5.0,5.0,creditsolutions-branded-shortform,OK,7500-15000,adknowledge,us.mc456.mail.yahoo.com,Consolidate,,,http://www.debtreductioninc.com/index8.html,consolidation,302252,1DC,CreditSolutions,0,0
2009-04-03 06:49:32.430,unknown,w-300250-DebtReduction1-1DC-white,TopLeft,DebtReductionInc,0.0,0.0,Debt Settlement1 Master,TX,7500-15000,google,googleads.g.doubleclick.net,Debt,Debt,,http://www.debtreductioninc.com/index8.html,debt,300250,1DC,white,1,1
2009-08-04 00:00:00.000,good,w-302252-DebtReduction1-1DC-CreditSolutions,TopLeft,DebtReductionInc,5.0,5.0,creditsolutions-branded-shortform,TX,15001-20000,google,www.google.com,Holding Tank - Debt,Debt rescue usa,debt rescue usa,http://www.debtreductioninc.com/index8.html,debt,302252,1DC,CreditSolutions,0,0
2009-04-13 17:44:34.673,unknown,w-300250-DebtReduction1-1DC-CreditSolutions,TopLeft,DebtReductionInc,0.0,0.0,creditsolutions-branded-shortform,TX,30001-50000,yahoo,search.yahoo.com,Student Debt,,default a school loan,http://www.debtreductioninc.com/index8.html,student_debt,300250,1DC,CreditSolutions,1,1
2009-06-09 19:07:55.000,bad,w-302252-DebtReduction1-1DC-CreditSolutions,TopLeft,DebtReductionInc,0.0,0.0,creditsolutions-branded-shortform,MA,50001-70000,google,www.google.com,Lower Payments,Lower monthly mortgage payments,lower monthly payments on private loans,http://www.debtreductioninc.com/index8.html,lower_payment,302252,1DC,CreditSolutions,1,1
2009-07-19 20:36:07.097,unknown,w-302252-DebtReduction1-1DC-yellowarrow-blue,TopLeft,DebtReductionInc,5.0,4.0,Debt Settlement1 Master,FL,20001-30000,yahoo,search.yahoo.com,Debt Services,,debt counseling services,http://www.debtreductioninc.com/index8.html,debt,302252,1DC,yellowarrow-blue,0,0
2009-05-14 09:16:30.677,unknown,w-302252-DebtReduction1-1DC-CreditSolutions,TopLeft,DebtReductionInc,0.0,0.0,creditsolutions-branded-shortform,FL,7500-15000,adknowledge,webmaila.juno.com,Consolidate,,,http://www.debtreductioninc.com/index8.html,consolidation,302252,1DC,CreditSolutions,1,1
2009-06-24 00:00:00.000,closed,w-302252-DebtReduction1-1DC,TopLeft,DebtReductionInc,0.0,0.0,Debt Settlement1 Master,TX,70001-90000,google,www.google.com,Student Debt,Student and credit card debt,student loan and credit card debt,http://www.debtreductioninc.com/index8.html,student_debt,302252,1DC,default,1,1
2009-06-12 00:00:00.000,closed,w-302252-DebtReduction1-1DC-CreditSolutions,TopLeft,DebtReductionInc,0.0,0.0,creditsolutions-branded-shortform,TX,15001-20000,yahoo,search.yahoo.com,Debt Solution,,debt solutions texas,http://www.debtreductioninc.com/index8.html,debt,302252,1DC,CreditSolutions,1,1
2009-04-14 00:00:00.000,good,w-300250-DebtReduction1-1DC-CreditSolutions,TopLeft,DebtReductionInc,0.0,0.0,creditsolutions-branded-shortform,FL,30001-50000,google,unknown,Credit Card Debt,,,http://www.debtreductioninc.com/index8.html,credit_general,300250,1DC,CreditSolutions,1,1
2009-06-28 22:43:25.000,bad,w-302252-DebtReduction1-1DC-yellowarrow-dark,TopLeft,DebtReductionInc,0.0,5.0,Debt Settlement1 Master,FL,7500-15000,google,googleads.g.doubleclick.net,Student Debt,,,http://www.debtreductioninc.com/index8.html,student_debt,302252,1DC,yellowarrow-dark,1,0
2009-04-07 18:57:48.593,unknown,w-300250-DebtReduction1-2DC-BlueMeter,TopLeft,DebtReductionInc,0.0,0.0,Debt Settlement1 Master,NY,70001-90000,yahoo,search.yahoo.com,Debt Consolidation,,my choice debt management,http://www.debtreductioninc.com/index8.html,consolidation,300250,2DC,BlueMeter,1,1
2009-09-09 21:16:35.820,unknown,w-302252-DebtReduction1-1DC-CreditSolutions,TopLeft,DebtReductionInc,5.0,5.0,creditsolutions-branded-shortform,NY,20001-30000,google,www.blogcatalog.com,Holding Tank - Debt,Do it yourself debt negotiation,,http://www.debtreductioninc.com/index8.html,debt,302252,1DC,CreditSolutions,0,0
2009-05-30 17:19:04.990,unknown,w-302252-DebtReduction1-1DC-CreditSolutions,TopLeft,DebtReductionInc,0.0,0.0,creditsolutions-branded-shortform,NY,7500-15000,google,www.who.is,Credit Card Debt - high volume,,,http://www.debtreductioninc.com/index8.html,credit_general,302252,1DC,CreditSolutions,1,1
2009-05-21 10:43:20.860,unknown,w-302252-DebtReduction1-1DC-CreditSolutions,TopLeft,DebtReductionInc,0.0,0.0,creditsolutions-branded-shortform,IL,30001-50000,google,www.google.com,Lower Payments,Credit card payments,www.chase.com creditcards payment,http://www.debtreductioninc.com/index8.html,lower_payment,302252,1DC,CreditSolutions,1,1
2009-09-02 11:26:24.687,unknown,w-302252-DebtReduction1-1DC-CreditSolutions,TopLeft,DebtReductionInc,5.0,5.0,creditsolutions-branded-shortform,LA,20001-30000,google,www.google.com,Lower Payments,Lower monthly bills,lower my monthly bills,http://www.debtreductioninc.com/index8.html,lower_payment,302252,1DC,CreditSolutions,0,0
2009-05-18 10:49:50.000,bad,w-302252-DebtReduction1-1DC,TopLeft,DebtReductionInc,0.0,0.0,Debt Settlement1 Master,OK,7500-15000,google,www.google.com,Lower Payments,Credit card payments,www.chase.com creditcards payment,http://www.debtreductioninc.com/index8.html,lower_payment,302252,1DC,default,1,1
2009-07-20 21:33:00.133,unknown,w-302252-DebtReduction1-1DC-CreditSolutions,TopLeft,DebtReductionInc,5.0,5.0,creditsolutions-branded-shortform,VA,7500-15000,google,www.google.com,Lower Payments,Credit card payments,www.chase.com creditcards payment,http://www.debtreductioninc.com/index8.html,lower_payment,302252,1DC,CreditSolutions,0,0
2009-07-23 17:58:45.050,unknown,w-302252-DebtReduction1-1DC-yellowarrow-blue,TopLeft,DebtReductionInc,1.0,4.0,Debt Settlement1 Master,VA,20001-30000,google,moneyfor20s.about.com,Student Debt,,,http://www.debtreductioninc.com/index12.html,student_debt,302252,1DC,yellowarrow-blue,0,0
2009-05-27 21:42:28.847,unknown,w-302252-DebtReduction1-1DC-CreditSolutions,TopLeft,DebtReductionInc,0.0,0.0,creditsolutions-branded-shortform,VA,20001-30000,google,googleads.g.doubleclick.net,Credit Card Debt - high volume,,,http://www.debtreductioninc.com/index8.html,credit_general,302252,1DC,CreditSolutions,1,1
2009-06-10 00:00:00.000,closed,w-302252-DebtReduction1-1DC-CreditSolutions,TopLeft,DebtReductionInc,0.0,0.0,creditsolutions-branded-shortform,VA,15001-20000,google,www.google.com,Debt Negotiation,Debt negotiation lawyer,legal debt settlement,http://www.debtreductioninc.com/index8.html,debt,302252,1DC,CreditSolutions,1,1
2009-04-16 23:36:07.070,unknown,w-300250-DebtReduction1-2DC-CreditSolutions,TopLeft,DebtReductionInc,0.0,0.0,creditsolutions-branded-shortform,NV,7500-15000,adknowledge,us.mc366.mail.yahoo.com,Consolidate,,,http://www.debtreductioninc.com/index8.html,consolidation,300250,2DC,CreditSolutions,1,1
2009-04-26 00:00:00.000,closed,w-300250-DebtReduction1-1DC-Head2,TopLeft,DebtReductionInc,0.0,0.0,Debt Settlement1 Master,AZ,20001-30000,yahoo,unknown,Debt Consolidation,,,http://www.debtreductioninc.com/index8.html,consolidation,300250,1DC,Head2,1,1
2009-07-25 00:46:34.043,unknown,w-302252-DebtReduction1-1DC-CreditSolutions,TopLeft,DebtReductionInc,5.0,3.0,creditsolutions-branded-shortform,AZ,7500-15000,google,search28.info.com,Lower Payments,Credit card payments,,http://www.debtreductioninc.com/index8.html,lower_payment,302252,1DC,CreditSolutions,0,0
2009-07-17 00:00:00.000,good,w-302252-DebtReduction1-1DC-yellowarrow-blue,TopLeft,DebtReductionInc,5.0,5.0,Debt Settlement1 Master,NV,30001-50000,google,lds.families.com,How,debt,,http://www.debtreductioninc.com/index8.html,other,302252,1DC,yellowarrow-blue,0,0
2009-05-31 15:03:57.223,unknown,w-302252-DebtReduction1-1DC-CreditSolutions,TopLeft,DebtReductionInc,0.0,0.0,creditsolutions-branded-shortform,AZ,30001-50000,yahoo,studentdebtconsolidate.org,Student Debt Consolidation,,,http://www.debtreductioninc.com/index8.html,student_debt,302252,1DC,CreditSolutions,1,1
2009-04-09 16:52:30.147,unknown,w-300250-DebtReduction1-1DC-Head2,TopLeft,DebtReductionInc,0.0,0.0,Debt Settlement1 Master,CA,20001-30000,google,www.google.com,Student Debt,Student loan default,pay defaulted student loan,http://www.debtreductioninc.com/index8.html,student_debt,300250,1DC,Head2,1,1
2009-06-08 20:11:49.740,unknown,w-302252-DebtReduction1-1DC-CreditSolutions,TopLeft,DebtReductionInc,0.0,0.0,creditsolutions-branded-shortform,NV,30001-50000,google,unknown,Student Debt,,,http://www.debtreductioninc.com/index8.html,student_debt,302252,1DC,CreditSolutions,1,1
2009-05-27 13:33:38.000,bad,w-302252-DebtReduction1-1DC-CreditSolutions,TopLeft,DebtReductionInc,0.0,0.0,creditsolutions-branded-shortform,NV,15001-20000,google,www.google.com,Loan Default,Loan default help,default student loan assistance,http://www.debtreductioninc.com/index8.html,loan,302252,1DC,CreditSolutions,1,1
2009-05-17 22:33:14.377,unknown,w-302252-DebtReduction1-1DC-CreditSolutions,TopLeft,DebtReductionInc,0.0,0.0,creditsolutions-branded-shortform,AZ,7500-15000,google,search.alot.com,Lower Payments,Credit card payments,chase  credit card payment,http://www.debtreductioninc.com/index8.html,lower_payment,302252,1DC,CreditSolutions,1,1
2009-06-17 20:22:36.317,unknown,w-302252-DebtReduction1-1DC,TopLeft,DebtReductionInc,0.0,0.0,Debt Settlement1 Master,LA,7500-15000,adknowledge,www.bing.com,Consolidate,,FHA debt consolidation loans,http://www.debtreductioninc.com/index8.html,consolidation,302252,1DC,default,1,1
2009-08-15 20:16:13.000,bad,w-302252-DebtReduction1-1DC-yellowarrow-blue,TopLeft,DebtReductionInc,5.0,4.0,Debt Settlement1 Master,LA,7500-15000,google,domains.googlesyndication.com,Credit Card Debt - high volume,,,http://www.debtreductioninc.com/index8.html,credit_general,302252,1DC,yellowarrow-blue,0,0
2009-05-30 12:34:07.417,unknown,w-302252-DebtReduction1-1DC-white,TopLeft,DebtReductionInc,0.0,0.0,Debt Settlement1 Master,AZ,30001-50000,google,www.google.com,Debt,Debt,debt rescue usa reviews,http://www.debtreductioninc.com/index8.html,debt,302252,1DC,white,1,1
2009-04-08 06:21:44.080,unknown,w-300250-DebtReduction1-1DC-BlueMeter,TopLeft,DebtReductionInc,0.0,0.0,Debt Settlement1 Master,AZ,More_than_100000,google,www.dogpile.com,Holding Tank - Debt,Debt cures they don t want you to know about,,http://www.debtreductioninc.com/index8.html,debt,300250,1DC,BlueMeter,1,1
2009-06-30 12:19:33.347,unknown,w-302252-DebtReduction1-1DC-CreditSolutions,TopLeft,DebtReductionInc,0.0,5.0,creditsolutions-branded-shortform,AZ,7500-15000,google,www.dogpile.com,Holding Tank - Debt,Debt rescue usa,,http://www.debtreductioninc.com/index8.html,debt,302252,1DC,CreditSolutions,1,0
2009-07-31 15:07:55.200,unknown,w-302252-DebtReduction1-1DC-yellowarrow-blue,TopLeft,DebtReductionInc,5.0,5.0,Debt Settlement1 Master,VA,30001-50000,google,search.mywebsearch.com,Debt,Debt,,http://www.debtreductioninc.com/index8.html,debt,302252,1DC,yellowarrow-blue,0,0
2009-06-22 03:44:37.000,bad,w-302252-DebtReduction1-1DC-yellowarrow-blue,TopLeft,DebtReductionInc,0.0,0.0,Debt Settlement1 Master,NY,7500-15000,yahoo,viewbmx.com,Debt Reduction (HV),,,http://www.debtreductioninc.com/index8.html,debt,302252,1DC,yellowarrow-blue,1,1
2009-06-22 03:57:59.693,unknown,w-302252-DebtReduction1-1DC-yellowarrow-blue,TopLeft,DebtReductionInc,0.0,0.0,Debt Settlement1 Master,TX,7500-15000,yahoo,unknown,Debt Reduction (HV),,,http://www.debtreductioninc.com/index8.html,debt,302252,1DC,yellowarrow-blue,1,1
2009-05-13 01:51:36.190,unknown,w-302252-DebtReduction1-1DC-white,TopLeft,DebtReductionInc,0.0,0.0,Debt Settlement1 Master,CA,20001-30000,google,www.google.com,Holding Tank - Debt,How to pay debt,how to pay debt,http://www.debtreductioninc.com/index8.html,debt,302252,1DC,white,1,1
2009-06-15 00:00:00.000,closed,w-302252-DebtReduction1-1DC-CreditSolutions,TopLeft,DebtReductionInc,0.0,0.0,creditsolutions-branded-shortform,CA,50001-70000,yahoo,search.yahoo.com,Debt Consolidation - high volume,,debt consolidation of cal,http://www.debtreductioninc.com/index8.html,consolidation,302252,1DC,CreditSolutions,1,1
2009-07-14 11:57:30.880,unknown,w-302252-DebtReduction1-1DC-CreditSolutions,TopLeft,DebtReductionInc,5.0,3.0,creditsolutions-branded-shortform,NE,15001-20000,yahoo,www.fastbrowsersearch.com,General Debt,,,http://www.debtreductioninc.com/index8.html,debt,302252,1DC,CreditSolutions,0,0
2009-07-25 12:20:31.427,unknown,w-302252-DebtReduction1-1DC-CreditSolutions,TopLeft,DebtReductionInc,5.0,4.0,creditsolutions-branded-shortform,AL,15001-20000,google,unknown,Student Debt,,,http://www.debtreductioninc.com/index11.html,student_debt,302252,1DC,CreditSolutions,0,0
2009-08-12 00:00:00.000,good,w-302252-DebtReduction1-1DC-white,TopLeft,DebtReductionInc,5.0,5.0,Debt Settlement1 Master,AL,15001-20000,google,www.charter.net,Debt,Debt,,http://www.debtreductioninc.com/index8.html,debt,302252,1DC,white,0,0
2009-04-21 17:04:26.630,unknown,w-300250-DebtReduction1-2DC-CreditSolutions,TopLeft,DebtReductionInc,0.0,0.0,creditsolutions-branded-shortform,CA,7500-15000,google,ezinearticles.com,Settlement,Debt settlement,,http://www.debtreductioninc.com/index8.html,settlement,300250,2DC,CreditSolutions,1,1
2009-07-21 16:45:55.090,unknown,w-302252-DebtReduction1-1DC-yellowarrow-blue,TopLeft,DebtReductionInc,3.0,3.0,Debt Settlement1 Master,LA,7500-15000,google,unknown,Student Debt,,,http://www.debtreductioninc.com/index11.html,student_debt,302252,1DC,yellowarrow-blue,0,0
2009-05-27 03:51:34.810,unknown,w-302252-DebtReduction1-1DC,TopLeft,DebtReductionInc,0.0,0.0,Debt Settlement1 Master,OK,30001-50000,google,www.google.com,Holding Tank - Debt,Debt relief,debt relief from 2009 stimulus package,http://www.debtreductioninc.com/index8.html,debt,302252,1DC,default,1,1
2009-06-17 00:07:41.773,unknown,w-302252-DebtReduction1-1DC,TopLeft,DebtReductionInc,0.0,0.0,Debt Settlement1 Master,OK,20001-30000,google,ndparking.com,Student Debt,,,http://www.debtreductioninc.com/index8.html,student_debt,302252,1DC,default,1,1
2009-05-25 11:08:48.760,unknown,w-302252-DebtReduction1-1DC,TopLeft,DebtReductionInc,0.0,0.0,Debt Settlement1 Master,CA,70001-90000,google,ezinearticles.com,Credit Card Debt - high volume,,,http://www.debtreductioninc.com/index8.html,credit_general,302252,1DC,default,1,1
2009-08-30 19:36:41.507,unknown,w-302252-DebtReduction1-1DC-CreditSolutions,TopLeft,DebtReductionInc,5.0,3.0,creditsolutions-branded-shortform,CA,20001-30000,google,unknown,Lower Payments,,,http://www.debtreductioninc.com/index11.html,lower_payment,302252,1DC,CreditSolutions,0,0
2009-04-19 23:19:41.637,unknown,w-300250-DebtReduction1-2DC-BlueMeter,TopLeft,DebtReductionInc,0.0,0.0,Debt Settlement1 Master,CA,More_than_100000,google,googleads.g.doubleclick.net,Student Debt,,,http://www.debtreductioninc.com/index8.html,student_debt,300250,2DC,BlueMeter,1,1
2009-05-04 15:25:46.920,unknown,w-300250-DebtReduction1-1DC-BlueMeter,TopLeft,DebtReductionInc,0.0,0.0,Debt Settlement1 Master,CA,90000-100000,yahoo,search.yahoo.com,General Debt,,government debt help,http://www.debtreductioninc.com/index8.html,debt,300250,1DC,BlueMeter,1,1
2009-09-27 11:52:43.377,unknown,w-302252-DebtReduction1-1DC-CreditSolutions,TopLeft,DebtReductionInc,5.0,4.0,creditsolutions-branded-shortform,CA,15001-20000,yahoo,search.yahoo.com,Credit Card Consolidation,,credit card debt consolidation,http://www.debtreductioninc.com/index8.html,credit_general,302252,1DC,CreditSolutions,0,0
2009-09-15 21:33:57.143,unknown,w-302252-DebtReduction1-1DC-CreditSolutions,TopLeft,DebtReductionInc,5.0,4.0,creditsolutions-branded-shortform,CA,20001-30000,google,www.google.com,Debt,Debt,best review for debt relief,http://www.debtreductioninc.com/index8.html,debt,302252,1DC,CreditSolutions,0,0
2009-07-22 00:00:00.000,closed,w-302252-DebtReduction1-1DC-yellowarrow-blue,TopLeft,DebtReductionInc,5.0,5.0,Debt Settlement1 Master,OK,50001-70000,google,www.google.com,Holding Tank - Debt,Debt rescue usa,Debt rescue USA,http://www.debtreductioninc.com/index8.html,debt,302252,1DC,yellowarrow-blue,0,0
2009-07-22 16:06:50.137,unknown,w-302252-DebtReduction1-1DC-yellowarrow-blue,TopLeft,DebtReductionInc,5.0,3.0,Debt Settlement1 Master,LA,30001-50000,google,ezinearticles.com,Debt Consolidation,Unsecured debt consolidation,,http://www.debtreductioninc.com/index8.html,consolidation,302252,1DC,yellowarrow-blue,0,0
2009-07-27 14:25:45.000,bad,w-302252-DebtReduction1-1DC-white,TopLeft,DebtReductionInc,3.0,3.0,Debt Settlement1 Master,AZ,7500-15000,google,googleads.g.doubleclick.net,Student Debt,,,http://www.debtreductioninc.com/index12.html,student_debt,302252,1DC,white,0,0
2009-06-01 14:30:49.297,unknown,w-302252-DebtReduction1-1DC-CreditSolutions,TopLeft,DebtReductionInc,0.0,0.0,creditsolutions-branded-shortform,VA,15001-20000,google,ezinearticles.com,Student Debt,,,http://www.debtreductioninc.com/index8.html,student_debt,302252,1DC,CreditSolutions,1,1
2009-06-13 13:51:02.387,unknown,w-302252-DebtReduction1-1DC-CreditSolutions,TopLeft,DebtReductionInc,0.0,0.0,creditsolutions-branded-shortform,LA,7500-15000,yahoo,search.yahoo.com,Get Out Of Debt,,how to get out of debt quickly,http://www.debtreductioninc.com/index8.html,debt,302252,1DC,CreditSolutions,1,1
2009-09-24 00:00:00.000,good,w-302252-DebtReduction1-1DC-CreditSolutions,TopLeft,DebtReductionInc,5.0,5.0,creditsolutions-branded-shortform,LA,7500-15000,google,ezinearticles.com,Personal Debt Consolidation Loan,Loan for personal debt,,http://www.debtreductioninc.com/index8.html,consolidation,302252,1DC,CreditSolutions,0,0
2009-08-05 18:44:51.000,bad,w-302252-DebtReduction1-1DC-yellowarrow,TopLeft,DebtReductionInc,5.0,5.0,Debt Settlement1 Master,LA,7500-15000,google,finance.kosmix.com,Lower Payments,Credit card payments,,http://www.debtreductioninc.com/index8.html,lower_payment,302252,1DC,yellowarrow,0,0
2009-06-17 21:05:51.000,bad,w-302252-DebtReduction1-1DC-white,TopLeft,DebtReductionInc,0.0,0.0,Debt Settlement1 Master,TX,7500-15000,google,www.webcrawler.com,Lower Payments,Credit card payments,,http://www.debtreductioninc.com/index8.html,lower_payment,302252,1DC,white,1,1
2009-06-19 07:28:26.547,unknown,w-302252-DebtReduction1-1DC,TopLeft,DebtReductionInc,0.0,0.0,Debt Settlement1 Master,AL,15001-20000,yahoo,search.yahoo.com,Credit Debt Consolidation,,consolidated credit,http://www.debtreductioninc.com/index8.html,credit_general,302252,1DC,default,1,1
2009-06-18 00:00:00.000,closed,w-302252-DebtReduction1-1DC,TopLeft,DebtReductionInc,0.0,0.0,Debt Settlement1 Master,FL,50001-70000,google,unknown,Student Debt,,,http://www.debtreductioninc.com/index8.html,student_debt,302252,1DC,default,1,1
2009-04-17 11:44:02.757,unknown,w-300250-DebtReduction1-1DC-BlueMeter,TopLeft,DebtReductionInc,0.0,0.0,Debt Settlement1 Master,FL,More_than_100000,yahoo,search.yahoo.com,Debt Consolidation,,business dept consolidation + attorney+florida,http://www.debtreductioninc.com/index8.html,consolidation,300250,1DC,BlueMeter,1,1
2009-07-27 14:12:20.220,unknown,w-302252-DebtReduction1-1DC-white,TopLeft,DebtReductionInc,5.0,3.0,Debt Settlement1 Master,FL,15001-20000,google,www.debtreductioninc.com,Student Debt,,,http://www.debtreductioninc.com/index11.html,student_debt,302252,1DC,white,0,0
2009-04-14 00:00:00.000,closed,w-300250-DebtReduction1-1DC-Head2,TopLeft,DebtReductionInc,0.0,0.0,Debt Settlement1 Master,FL,70001-90000,yahoo,search.yahoo.com,Stop Collections,,harrassment debt collection,http://www.debtreductioninc.com/index8.html,collection,300250,1DC,Head2,1,1
2009-06-25 10:40:31.197,unknown,w-302252-DebtReduction1-1DC-yellowarrow-blue,TopLeft,DebtReductionInc,0.0,0.0,Debt Settlement1 Master,NY,20001-30000,google,ads.cnn.com,Student Debt,,,http://www.debtreductioninc.com/index8.html,student_debt,302252,1DC,yellowarrow-blue,1,1
2009-05-12 07:32:40.807,unknown,w-302252-DebtReduction1-1DC-CreditSolutions,TopLeft,DebtReductionInc,0.0,0.0,creditsolutions-branded-shortform,FL,15001-20000,google,www.google.com,How,How do i lower my credit card interest rate,how do i lower my credit card interest rate,http://www.debtreductioninc.com/index8.html,other,302252,1DC,CreditSolutions,1,1
2009-05-11 20:12:47.957,unknown,w-302252-DebtReduction1-1DC,TopLeft,DebtReductionInc,0.0,0.0,Debt Settlement1 Master,FL,7500-15000,google,www.google.com,Debt Negotiation,Debt negotiation lawyer,lawyer for negotiate medical bill,http://www.debtreductioninc.com/index8.html,debt,302252,1DC,default,1,1
2009-06-16 13:32:44.040,unknown,w-302252-DebtReduction1-1DC-white,TopLeft,DebtReductionInc,0.0,0.0,Debt Settlement1 Master,NY,15001-20000,yahoo,search.yahoo.com,About Debt Consolidation,,debt consolidation programs in NY,http://www.debtreductioninc.com/index8.html,consolidation,302252,1DC,white,1,1
2009-04-25 15:38:53.477,unknown,w-300250-DebtReduction1-1DC,TopLeft,DebtReductionInc,0.0,0.0,Debt Settlement1 Master,NY,70001-90000,google,www.google.com,Holding Tank - Debt,Debt america,debt america,http://www.debtreductioninc.com/index8.html,debt,300250,1DC,default,1,1
2009-05-07 12:00:28.343,unknown,w-300250-DebtReduction1-1DC-CreditSolutions,TopLeft,DebtReductionInc,0.0,0.0,creditsolutions-branded-shortform,NY,50001-70000,google,www.google.com,Holding Tank - Debt,American debt,american debt foundation reviews,http://www.debtreductioninc.com/index8.html,debt,300250,1DC,CreditSolutions,1,1
2009-06-08 20:22:49.057,unknown,w-302252-DebtReduction1-1DC-white,TopLeft,DebtReductionInc,0.0,0.0,Debt Settlement1 Master,CO,More_than_100000,google,unknown,How,How to reduce credit card,,http://www.debtreductioninc.com/index11.html,other,302252,1DC,white,1,1
2009-08-04 20:42:28.930,unknown,w-302252-DebtReduction1-1DC-white,TopLeft,DebtReductionInc,5.0,3.0,Debt Settlement1 Master,IN,15001-20000,google,googleads.g.doubleclick.net,Credit Card Debt - high volume,,,http://www.debtreductioninc.com/index8.html,credit_general,302252,1DC,white,0,0
2009-04-13 16:28:35.743,unknown,w-300250-DebtReduction1-1DC,TopLeft,DebtReductionInc,0.0,0.0,Debt Settlement1 Master,MO,15001-20000,yahoo,search.yahoo.com,Bankruptcy And Chapter 13,,bankruptcy missouri,http://www.debtreductioninc.com/index8.html,bankrup,300250,1DC,default,1,1
2009-06-10 23:10:14.670,unknown,w-302252-DebtReduction1-1DC-white,TopLeft,DebtReductionInc,0.0,0.0,Debt Settlement1 Master,MA,30001-50000,google,search.hp.my.aol.com,Holding Tank - Debt,Debt advice line,debt advice line,http://www.debtreductioninc.com/index8.html,debt,302252,1DC,white,1,1
2009-06-13 19:55:14.000,bad,w-302252-DebtReduction1-1DC,TopLeft,DebtReductionInc,0.0,0.0,Debt Settlement1 Master,LA,7500-15000,yahoo,search.yahoo.com,General Debt,,become debt free,http://www.debtreductioninc.com/index8.html,debt,302252,1DC,default,1,1
2009-05-25 06:28:55.000,bad,w-302252-DebtReduction1-1DC,TopLeft,DebtReductionInc,0.0,0.0,Debt Settlement1 Master,CA,30001-50000,yahoo,rollerhockeystick.com,General Debt,,,http://www.debtreductioninc.com/index8.html,debt,302252,1DC,default,1,1
2009-04-14 00:00:00.000,closed,w-300250-DebtReduction1-1DC-Head3,TopLeft,DebtReductionInc,0.0,0.0,Debt Settlement1 Master,CA,15001-20000,google,googleads.g.doubleclick.net,Stop Collections,,,http://www.debtreductioninc.com/index8.html,collection,300250,1DC,Head3,1,1
2009-06-01 17:06:48.730,unknown,w-302252-DebtReduction1-1DC-white,TopLeft,DebtReductionInc,0.0,0.0,Debt Settlement1 Master,CA,20001-30000,google,unknown,Lower Payments,Credit card payments,,http://www.debtreductioninc.com/index8.html,lower_payment,302252,1DC,white,1,1
2009-09-19 20:23:32.490,unknown,w-302252-DebtReduction1-1DC-yellowarrow,TopLeft,DebtReductionInc,1.0,3.0,Debt Settlement1 Master,NY,7500-15000,yahoo,search.yahoo.com,Credit Card Consolidation,,debt consolidation,http://www.debtreductioninc.com/index8.html,credit_general,302252,1DC,yellowarrow,0,0
2009-07-10 18:43:49.000,bad,w-302252-DebtReduction1-1DC-yellowarrow-blue,TopLeft,DebtReductionInc,1.0,2.0,Debt Settlement1 Master,NY,7500-15000,google,geonlineserice.com,Lower Payments,,,http://www.debtreductioninc.com/index12.html,lower_payment,302252,1DC,yellowarrow-blue,0,0
2009-08-04 16:40:59.000,bad,w-302252-DebtReduction1-1DC-yellowarrow,TopLeft,DebtReductionInc,5.0,3.0,Debt Settlement1 Master,NY,50001-70000,yahoo,search.yahoo.com,Student Debt - high volume,,student debt,http://www.debtreductioninc.com/index8.html,student_debt,302252,1DC,yellowarrow,0,0
2009-05-29 21:06:12.367,unknown,w-302252-DebtReduction1-1DC-CreditSolutions,TopLeft,DebtReductionInc,0.0,0.0,creditsolutions-branded-shortform,NY,7500-15000,yahoo,search.yahoo.com,Credit Card Debt,,how to settle credit card debt,http://www.debtreductioninc.com/index8.html,credit_general,302252,1DC,CreditSolutions,1,1
2009-05-02 13:12:01.827,unknown,w-300250-DebtReduction1-1DC-BlueMeter,TopLeft,DebtReductionInc,0.0,0.0,Debt Settlement1 Master,NY,30001-50000,google,www.google.com,Holding Tank - Debt,Federal debt relief system,federal debt relief system,http://www.debtreductioninc.com/index8.html,debt,300250,1DC,BlueMeter,1,1
2009-05-16 20:48:22.977,unknown,w-302252-DebtReduction1-1DC-CreditSolutions,TopLeft,DebtReductionInc,0.0,0.0,creditsolutions-branded-shortform,NY,90000-100000,google,toolbar.inbox.com,Holding Tank - Debt,Debit,debit,http://www.debtreductioninc.com/index8.html,debt,302252,1DC,CreditSolutions,1,1
2009-06-12 01:02:04.860,unknown,w-302252-DebtReduction1-1DC-CreditSolutions,TopLeft,DebtReductionInc,0.0,0.0,creditsolutions-branded-shortform,NY,30001-50000,yahoo,cosovowar.com,Debt Reduction,,,http://www.debtreductioninc.com/index8.html,debt,302252,1DC,CreditSolutions,1,1
2009-07-20 00:00:00.000,closed,w-302252-DebtReduction1-1DC-yellowarrow-blue,TopLeft,DebtReductionInc,5.0,3.0,Debt Settlement1 Master,NY,20001-30000,google,googleads.g.doubleclick.net,Credit Card Debt - high volume,,http://lopup.com,http://www.debtreductioninc.com/index8.html,credit_general,302252,1DC,yellowarrow-blue,0,0
2009-06-23 23:23:48.777,unknown,w-302252-DebtReduction1-1DC-yellowarrow-blue,TopLeft,DebtReductionInc,0.0,0.0,Debt Settlement1 Master,AZ,More_than_100000,google,collegesavings.about.com,Student Debt,,,http://www.debtreductioninc.com/index8.html,student_debt,302252,1DC,yellowarrow-blue,1,1
2009-08-07 08:11:18.547,unknown,w-302252-DebtReduction1-1DC-yellowarrow,TopLeft,DebtReductionInc,1.0,5.0,Debt Settlement1 Master,TX,7500-15000,adknowledge,unknown,Consolidate,,,http://www.debtreductioninc.com/index8.html,consolidation,302252,1DC,yellowarrow,0,0
2009-06-25 08:09:31.187,unknown,w-302252-DebtReduction1-1DC-CreditSolutions,TopLeft,DebtReductionInc,0.0,0.0,creditsolutions-branded-shortform,TX,90000-100000,yahoo,search.yahoo.com,Chapter 7 Bankruptcy (LV),,chapter 7 bankruptcy,http://www.debtreductioninc.com/index8.html,bankrup,302252,1DC,CreditSolutions,1,1
2009-05-13 15:48:31.593,unknown,w-302252-DebtReduction1-1DC,TopLeft,DebtReductionInc,0.0,0.0,Debt Settlement1 Master,FL,20001-30000,adknowledge,unknown,Consolidate,,,http://www.debtreductioninc.com/index8.html,consolidation,302252,1DC,default,1,1
2009-05-19 11:24:01.843,unknown,w-302252-DebtReduction1-1DC-CreditSolutions,TopLeft,DebtReductionInc,0.0,0.0,creditsolutions-branded-shortform,TX,50001-70000,adknowledge,us.mc308.mail.yahoo.com,Consolidate,,,http://www.debtreductioninc.com/index8.html,consolidation,302252,1DC,CreditSolutions,1,1
2009-06-30 07:56:34.297,unknown,w-302252-DebtReduction1-1DC,TopLeft,DebtReductionInc,0.0,3.0,Debt Settlement1 Master,TX,7500-15000,yahoo,ww23.rr.com,Credit Debt Consolidation,,,http://www.debtreductioninc.com/index8.html,credit_general,302252,1DC,default,1,0
2009-05-22 15:23:12.587,unknown,w-302252-DebtReduction1-1DC-CreditSolutions,TopLeft,DebtReductionInc,0.0,0.0,creditsolutions-branded-shortform,FL,More_than_100000,yahoo,www.findstuff.com,Debt Consolidation,,,http://www.debtreductioninc.com/index8.html,consolidation,302252,1DC,CreditSolutions,1,1
2009-07-27 19:36:43.000,bad,w-302252-DebtReduction1-1DC-yellowarrow-blue,TopLeft,DebtReductionInc,5.0,5.0,Debt Settlement1 Master,FL,30001-50000,google,www.debtreductioninc.com,Student Debt,,,http://www.debtreductioninc.com/index11.html,student_debt,302252,1DC,yellowarrow-blue,0,0
2009-04-28 19:06:33.607,unknown,w-300250-DebtReduction1-1DC-BlueMeter,TopLeft,DebtReductionInc,0.0,0.0,Debt Settlement1 Master,FL,30001-50000,yahoo,search.yahoo.com,General Debt,,florida debt relief center,http://www.debtreductioninc.com/index8.html,debt,300250,1DC,BlueMeter,1,1
2009-05-30 16:44:05.240,unknown,w-302252-DebtReduction1-1DC-CreditSolutions,TopLeft,DebtReductionInc,0.0,0.0,creditsolutions-branded-shortform,FL,7500-15000,yahoo,www.justclicklocal.com,Debt Consolidation,,,http://www.debtreductioninc.com/index8.html,consolidation,302252,1DC,CreditSolutions,1,1
2009-07-20 07:34:03.203,unknown,w-302252-DebtReduction1-1DC-CreditSolutions,TopLeft,DebtReductionInc,5.0,5.0,creditsolutions-branded-shortform,FL,More_than_100000,google,chirotalk.proboards.com,Student Debt,,,http://www.debtreductioninc.com/index12.html,student_debt,302252,1DC,CreditSolutions,0,0
2009-05-31 19:04:05.000,bad,w-302252-DebtReduction1-1DC,TopLeft,DebtReductionInc,0.0,0.0,Debt Settlement1 Master,FL,20001-30000,yahoo,search.yahoo.com,Lower Payments,,how to lower car payments,http://www.debtreductioninc.com/index8.html,lower_payment,302252,1DC,default,1,1
2009-06-08 00:00:00.000,closed,w-302252-DebtReduction1-1DC-CreditSolutions,TopLeft,DebtReductionInc,0.0,0.0,creditsolutions-branded-shortform,TX,7500-15000,google,www.google.com,Holding Tank - Debt,Debt recovery,debt recovery,http://www.debtreductioninc.com/index8.html,debt,302252,1DC,CreditSolutions,1,1
2009-07-06 12:03:39.957,unknown,w-302252-DebtReduction1-1DC-CreditSolutions,TopLeft,DebtReductionInc,0.0,5.0,creditsolutions-branded-shortform,FL,More_than_100000,google,www.soyouwanna.com,Student Debt,,,http://www.debtreductioninc.com/index8.html,student_debt,302252,1DC,CreditSolutions,1,0
2009-06-06 08:57:08.757,unknown,w-302252-DebtReduction1-1DC-CreditSolutions,TopLeft,DebtReductionInc,0.0,0.0,creditsolutions-branded-shortform,AL,70001-90000,yahoo,search.yahoo.com,Debt Collection,,debt collection judgement alabama,http://www.debtreductioninc.com/index8.html,collection,302252,1DC,CreditSolutions,1,1
2009-05-29 20:45:12.583,unknown,w-302252-DebtReduction1-1DC-CreditSolutions,TopLeft,DebtReductionInc,0.0,0.0,creditsolutions-branded-shortform,FL,7500-15000,yahoo,www.consolidatebills.com,Debt Consolidate,,,http://www.debtreductioninc.com/index8.html,consolidation,302252,1DC,CreditSolutions,1,1
2009-08-04 08:24:32.163,unknown,w-302252-DebtReduction1-1DC-yellowarrow-dark,TopLeft,DebtReductionInc,5.0,3.0,Debt Settlement1 Master,AL,7500-15000,google,www.google.com,Loan Default,Loan default help,help with default student loans,http://www.debtreductioninc.com/index8.html,loan,302252,1DC,yellowarrow-dark,0,0
2009-08-25 20:55:12.960,unknown,w-302252-DebtReduction1-1DC-CreditSolutions,TopLeft,DebtReductionInc,5.0,5.0,creditsolutions-branded-shortform,MI,20001-30000,yahoo,search.yahoo.com,Credit Card Consolidation,,credit card debt,http://www.debtreductioninc.com/index8.html,credit_general,302252,1DC,CreditSolutions,0,0
2009-04-27 14:50:57.000,bad,w-300250-DebtReduction1-1DC,TopLeft,DebtReductionInc,0.0,0.0,Debt Settlement1 Master,FL,50001-70000,yahoo,news.search.yahoo.com,Credit Card Debt,,credit card debt company fees,http://www.debtreductioninc.com/index8.html,credit_general,300250,1DC,default,1,1
2009-08-24 01:39:23.943,unknown,w-302252-DebtReduction1-1DC-CreditSolutions,TopLeft,DebtReductionInc,5.0,5.0,creditsolutions-branded-shortform,AL,20001-30000,google,www.google.com,Holding Tank - Debt,Credit counselor,personal credit counseling,http://www.debtreductioninc.com/index8.html,debt,302252,1DC,CreditSolutions,0,0
2009-05-13 16:18:55.000,bad,w-302252-DebtReduction1-1DC,TopLeft,DebtReductionInc,0.0,0.0,Debt Settlement1 Master,AL,15001-20000,yahoo,www.findstuff.com,Debt Consolidation,,,http://www.debtreductioninc.com/index8.html,consolidation,302252,1DC,default,1,1
2009-07-03 13:58:59.297,unknown,w-302252-DebtReduction1-1DC,TopLeft,DebtReductionInc,0.0,5.0,Debt Settlement1 Master,NV,7500-15000,google,webmailb.juno.com,Credit Card Debt - high volume,,,http://www.debtreductioninc.com/index8.html,credit_general,302252,1DC,default,1,0
2009-07-17 10:45:22.900,unknown,w-302252-DebtReduction1-1DC,TopLeft,DebtReductionInc,5.0,3.0,Debt Settlement1 Master,VA,70001-90000,google,www.google.com,Holding Tank - Debt,Debt shield scam,debt shield scam,http://www.debtreductioninc.com/index8.html,debt,302252,1DC,default,0,0
2009-06-02 11:09:41.797,unknown,w-302252-DebtReduction1-1DC-CreditSolutions,TopLeft,DebtReductionInc,0.0,0.0,creditsolutions-branded-shortform,NV,More_than_100000,google,pagead2.googlesyndication.com,Credit Card Debt - high volume,,,http://www.debtreductioninc.com/index8.html,credit_general,302252,1DC,CreditSolutions,1,1
2009-07-30 17:39:00.643,unknown,w-302252-DebtReduction1-1DC-white,TopLeft,DebtReductionInc,5.0,5.0,Debt Settlement1 Master,LA,7500-15000,google,www.docstoc.com,Credit Card Debt - high volume,,,http://www.debtreductioninc.com/index8.html,credit_general,302252,1DC,white,0,0
2009-04-13 00:00:00.000,closed,w-300250-DebtReduction1-1DC-Head2,TopLeft,DebtReductionInc,0.0,0.0,Debt Settlement1 Master,NE,15001-20000,google,googleads.g.doubleclick.net,Stop Collections,,,http://www.debtreductioninc.com/index8.html,collection,300250,1DC,Head2,1,1
2009-04-03 00:00:00.000,closed,w-300250-DebtReduction1-1DC-CreditSolutions,TopLeft,DebtReductionInc,0.0,0.0,creditsolutions-branded-shortform,AZ,30001-50000,adknowledge,us.mg1.mail.yahoo.com,Consolidate,,,http://www.debtreductioninc.com/index8.html,consolidation,300250,1DC,CreditSolutions,1,1
2009-05-26 14:35:46.017,unknown,w-302252-DebtReduction1-1DC,TopLeft,DebtReductionInc,0.0,0.0,Debt Settlement1 Master,LA,90000-100000,yahoo,search.yahoo.com,Lower Payments,,lower monthly bills,http://www.debtreductioninc.com/index8.html,lower_payment,302252,1DC,default,1,1
2009-06-23 18:14:26.000,bad,w-302252-DebtReduction1-1DC-yellowarrow-blue,TopLeft,DebtReductionInc,0.0,0.0,Debt Settlement1 Master,NV,20001-30000,google,unknown,Student Debt,,,http://www.debtreductioninc.com/index11.html,student_debt,302252,1DC,yellowarrow-blue,1,1
2009-05-22 17:39:29.470,unknown,w-302252-DebtReduction1-1DC,TopLeft,DebtReductionInc,0.0,0.0,Debt Settlement1 Master,VA,20001-30000,yahoo,search.yahoo.com,Debt Settlement,,debt settlement virginia,http://www.debtreductioninc.com/index8.html,settlement,302252,1DC,default,1,1
2009-06-18 00:00:00.000,good,w-302252-DebtReduction1-1DC-yellowarrow-blue,TopLeft,DebtReductionInc,0.0,0.0,Debt Settlement1 Master,AZ,7500-15000,google,googleads.g.doubleclick.net,Credit Card Debt - high volume,,,http://www.debtreductioninc.com/index8.html,credit_general,302252,1DC,yellowarrow-blue,1,1
2009-07-21 20:20:54.640,unknown,w-302252-DebtReduction1-1DC-yellowarrow-blue,TopLeft,DebtReductionInc,5.0,2.0,Debt Settlement1 Master,AZ,70001-90000,google,googleads.g.doubleclick.net,Credit Card Debt - high volume,,,http://www.debtreductioninc.com/index8.html,credit_general,302252,1DC,yellowarrow-blue,0,0
2009-05-04 00:34:51.010,unknown,w-300250-DebtReduction1-1DC-CreditSolutions,TopLeft,DebtReductionInc,0.0,0.0,creditsolutions-branded-shortform,CA,More_than_100000,yahoo,search7.info.com,Chapter 7 Bankruptcy,,,http://www.debtreductioninc.com/index8.html,bankrup,300250,1DC,CreditSolutions,1,1
2009-08-09 16:11:29.000,bad,w-302252-DebtReduction1-1DC-CreditSolutions,TopLeft,DebtReductionInc,5.0,5.0,creditsolutions-branded-shortform,VA,7500-15000,google,aim.search.aol.com,Holding Tank - Debt,Debt rite,debt rite,http://www.debtreductioninc.com/index8.html,debt,302252,1DC,CreditSolutions,0,0
2009-06-19 00:00:00.000,closed,w-302252-DebtReduction1-1DC-CreditSolutions,TopLeft,DebtReductionInc,0.0,0.0,creditsolutions-branded-shortform,MA,20001-30000,adknowledge,www.bing.com,Consolidate,,Consolidate Debts,http://www.debtreductioninc.com/index8.html,consolidation,302252,1DC,CreditSolutions,1,1
2009-06-30 00:00:00.000,closed,w-302252-DebtReduction1-1DC-yellowarrow-blue,TopLeft,DebtReductionInc,0.0,5.0,Debt Settlement1 Master,VA,15001-20000,google,www.ehow.com,Credit Card Debt - high volume,,,http://www.debtreductioninc.com/index8.html,credit_general,302252,1DC,yellowarrow-blue,1,0
2009-04-28 07:18:36.007,unknown,w-300250-DebtReduction1-2DC-BlueMeter,TopLeft,DebtReductionInc,0.0,0.0,Debt Settlement1 Master,VA,20001-30000,yahoo,search.yahoo.com,Bankruptcy And Chapter 7,,bankruptcy laws in virginia,http://www.debtreductioninc.com/index8.html,bankrup,300250,2DC,BlueMeter,1,1
2009-05-21 01:20:24.467,unknown,w-302252-DebtReduction1-1DC,TopLeft,DebtReductionInc,0.0,0.0,Debt Settlement1 Master,IL,7500-15000,google,unknown,Credit Card Debt - high volume,,,http://www.debtreductioninc.com/index8.html,credit_general,302252,1DC,default,1,1
2009-09-17 19:17:45.313,unknown,w-302252-DebtReduction1-1DC-CreditSolutions,TopLeft,DebtReductionInc,5.0,5.0,creditsolutions-branded-shortform,MI,More_than_100000,google,www.google.com,Debt Credit Services,Credit services,credit services,http://www.debtreductioninc.com/index12.html,credit_general,302252,1DC,CreditSolutions,0,0
2009-08-05 20:38:50.000,bad,w-302252-DebtReduction1-1DC-CreditSolutions,TopLeft,DebtReductionInc,5.0,3.0,creditsolutions-branded-shortform,AZ,30001-50000,google,www.ehow.com,Credit Card Debt - high volume,,,http://www.debtreductioninc.com/index8.html,credit_general,302252,1DC,CreditSolutions,0,0
2009-07-29 20:11:04.937,unknown,w-302252-DebtReduction1-1DC-CreditSolutions,TopLeft,DebtReductionInc,5.0,3.0,creditsolutions-branded-shortform,TX,7500-15000,google,search.conduit.com,How,How to fix your credit,credit repair,http://www.debtreductioninc.com/index12.html,other,302252,1DC,CreditSolutions,0,0
2009-05-18 22:22:06.307,unknown,w-302252-DebtReduction1-1DC,TopLeft,DebtReductionInc,0.0,0.0,Debt Settlement1 Master,AZ,7500-15000,yahoo,unknown,Debt Consolidation Loan,,,http://www.debtreductioninc.com/index8.html,consolidation,302252,1DC,default,1,1
2009-06-12 17:38:08.033,unknown,w-302252-DebtReduction1-1DC,TopLeft,DebtReductionInc,0.0,0.0,Debt Settlement1 Master,WV,More_than_100000,google,www.ask.com,Get Out Of Debt,Best way to get out of debt,What Is the Best Way to Get out of Debt,http://www.debtreductioninc.com/index8.html,debt,302252,1DC,default,1,1
2009-07-01 00:00:00.000,closed,w-302252-DebtReduction1-1DC-CreditSolutions,TopLeft,DebtReductionInc,0.0,5.0,creditsolutions-branded-shortform,MD,7500-15000,google,www.google.com,Holding Tank - Debt,American debt,American Debt Association,http://www.debtreductioninc.com/index8.html,debt,302252,1DC,CreditSolutions,1,0
2009-05-05 11:00:39.987,unknown,w-300250-DebtReduction1-2DC-CreditSolutions,TopLeft,DebtReductionInc,0.0,0.0,creditsolutions-branded-shortform,VA,7500-15000,google,www.google.com,Stop Collections,Debt collector harassment,credit collection harassment,http://www.debtreductioninc.com/index8.html,collection,300250,2DC,CreditSolutions,1,1
2009-04-22 00:00:00.000,closed,w-300250-DebtReduction1-1DC-Head2,TopLeft,DebtReductionInc,0.0,0.0,Debt Settlement1 Master,NM,7500-15000,google,www.google.com,How,How to reduce credit card,ways to reduce apr credit card rates,http://www.debtreductioninc.com/index8.html,other,300250,1DC,Head2,1,1
2009-08-15 22:05:31.507,unknown,w-302252-DebtReduction1-1DC-CreditSolutions,TopLeft,DebtReductionInc,5.0,4.0,creditsolutions-branded-shortform,AL,15001-20000,google,unknown,Holding Tank - Debt,Debt payoff,,http://www.debtreductioninc.com/index8.html,debt,302252,1DC,CreditSolutions,0,0
2009-05-06 08:03:23.000,bad,w-300250-DebtReduction1-2DC-CreditSolutions,TopLeft,DebtReductionInc,0.0,0.0,creditsolutions-branded-shortform,NM,30001-50000,yahoo,search.yahoo.com,Chapter 7 Bankruptcy,,types of bancruptcy,http://www.debtreductioninc.com/index8.html,bankrup,300250,2DC,CreditSolutions,1,1
2009-05-29 22:18:12.017,unknown,w-302252-DebtReduction1-1DC,TopLeft,DebtReductionInc,0.0,0.0,Debt Settlement1 Master,NM,70001-90000,yahoo,search.yahoo.com,Debt Payment,,reduce your debt payments,http://www.debtreductioninc.com/index8.html,debt,302252,1DC,default,1,1
2009-08-16 23:10:24.827,unknown,w-302252-DebtReduction1-1DC-yellowarrow-blue,TopLeft,DebtReductionInc,5.0,3.0,Debt Settlement1 Master,NM,7500-15000,adknowledge,us.mc456.mail.yahoo.com,Consolidate,,,http://www.debtreductioninc.com/index8.html,consolidation,302252,1DC,yellowarrow-blue,0,0
2009-06-11 22:13:24.000,bad,w-302252-DebtReduction1-1DC-CreditSolutions,TopLeft,DebtReductionInc,0.0,0.0,creditsolutions-branded-shortform,NV,20001-30000,google,googleads.g.doubleclick.net,Credit Card Debt - high volume,,,http://www.debtreductioninc.com/index8.html,credit_general,302252,1DC,CreditSolutions,1,1
2009-04-17 21:15:59.480,unknown,w-300250-DebtReduction1-1DC-BlueMeter,TopLeft,DebtReductionInc,0.0,0.0,Debt Settlement1 Master,CA,70001-90000,google,www.google.com,Holding Tank - Debt,Consumer debt initiative,consumer debt initiative,http://www.debtreductioninc.com/index8.html,debt,300250,1DC,BlueMeter,1,1
2009-07-31 19:34:19.000,bad,w-302252-DebtReduction1-1DC-CreditSolutions,TopLeft,DebtReductionInc,5.0,5.0,creditsolutions-branded-shortform,CA,7500-15000,yahoo,search.yahoo.com,Student Debt - high volume,,uncle sam student debt loan,http://www.debtreductioninc.com/index8.html,student_debt,302252,1DC,CreditSolutions,0,0
2009-05-16 10:45:26.313,unknown,w-302252-DebtReduction1-1DC-white,TopLeft,DebtReductionInc,0.0,0.0,Debt Settlement1 Master,MI,15001-20000,google,www.google.com,Lower Payments,Credit card payments,stop credit card payment,http://www.debtreductioninc.com/index8.html,lower_payment,302252,1DC,white,1,1
2009-06-18 21:22:28.423,unknown,w-302252-DebtReduction1-1DC-CreditSolutions,TopLeft,DebtReductionInc,0.0,0.0,creditsolutions-branded-shortform,MI,20001-30000,google,www.google.com,Holding Tank - Debt,Debt negotiation,debt settlement student loans,http://www.debtreductioninc.com/index8.html,debt,302252,1DC,CreditSolutions,1,1
2009-06-05 21:22:12.617,unknown,w-302252-DebtReduction1-1DC-white,TopLeft,DebtReductionInc,0.0,0.0,Debt Settlement1 Master,MI,15001-20000,google,mws.ask.com,Holding Tank - Debt,Repo debt,,http://www.debtreductioninc.com/index8.html,debt,302252,1DC,white,1,1
2009-07-28 09:01:40.000,bad,w-302252-DebtReduction1-1DC-yellowarrow-dark,TopLeft,DebtReductionInc,5.0,5.0,Debt Settlement1 Master,MI,7500-15000,yahoo,www.kidica.com,Student Debt - high volume,,,http://www.debtreductioninc.com/index8.html,student_debt,302252,1DC,yellowarrow-dark,0,0
2009-05-13 20:02:33.277,unknown,w-302252-DebtReduction1-1DC,TopLeft,DebtReductionInc,0.0,0.0,Debt Settlement1 Master,MI,7500-15000,adknowledge,us.mc01g.mail.yahoo.com,Consolidate,,,http://www.debtreductioninc.com/index8.html,consolidation,302252,1DC,default,1,1
2009-05-16 16:11:24.670,unknown,w-302252-DebtReduction1-1DC-CreditSolutions,TopLeft,DebtReductionInc,0.0,0.0,creditsolutions-branded-shortform,VA,7500-15000,yahoo,search.yahoo.com,File Bankruptcy,,how to file bankruptcy in va.,http://www.debtreductioninc.com/index8.html,bankrup,302252,1DC,CreditSolutions,1,1
2009-06-22 01:40:00.703,unknown,w-302252-DebtReduction1-1DC-CreditSolutions,TopLeft,DebtReductionInc,0.0,0.0,creditsolutions-branded-shortform,FL,7500-15000,yahoo,jinguihotel.com,Debt Reduction (HV),,,http://www.debtreductioninc.com/index8.html,debt,302252,1DC,CreditSolutions,1,1
2009-08-27 08:23:03.380,unknown,w-302252-DebtReduction1-1DC-white,TopLeft,DebtReductionInc,5.0,5.0,Debt Settlement1 Master,MD,15001-20000,google,www.incomathome.com,Holding Tank - Debt,Work typing,,http://www.debtreductioninc.com/index8.html,debt,302252,1DC,white,0,0
2009-04-13 14:44:36.273,unknown,w-300250-DebtReduction1-2DC-BlueMeter,TopLeft,DebtReductionInc,0.0,0.0,Debt Settlement1 Master,AR,50001-70000,google,www.google.com,Loan Default,Private loan default,private loan default,http://www.debtreductioninc.com/index8.html,loan,300250,2DC,BlueMeter,1,1
2009-06-07 13:17:59.703,unknown,w-302252-DebtReduction1-1DC-white,TopLeft,DebtReductionInc,0.0,0.0,Debt Settlement1 Master,IL,15001-20000,yahoo,search.yahoo.com,Credit Card Debt,,credit card dept grant,http://www.debtreductioninc.com/index8.html,credit_general,302252,1DC,white,1,1
2009-06-14 10:03:56.637,unknown,w-302252-DebtReduction1-1DC-CreditSolutions,TopLeft,DebtReductionInc,0.0,0.0,creditsolutions-branded-shortform,FL,15001-20000,adknowledge,www.bing.com,Consolidate,,loan consolidation,http://www.debtreductioninc.com/index8.html,consolidation,302252,1DC,CreditSolutions,1,1
2009-06-11 23:58:24.000,bad,w-302252-DebtReduction1-1DC-CreditSolutions,TopLeft,DebtReductionInc,0.0,0.0,creditsolutions-branded-shortform,MD,20001-30000,google,www.google.com,Student Debt,Student loan default,student loan default,http://www.debtreductioninc.com/index8.html,student_debt,302252,1DC,CreditSolutions,1,1
2009-07-15 11:45:33.640,unknown,w-302252-DebtReduction1-1DC,TopLeft,DebtReductionInc,4.0,5.0,Debt Settlement1 Master,FL,30001-50000,google,googleads.g.doubleclick.net,Student Debt,,,http://www.debtreductioninc.com/index12.html,student_debt,302252,1DC,default,0,0
2009-07-25 10:10:31.147,unknown,w-302252-DebtReduction1-1DC-CreditSolutions,TopLeft,DebtReductionInc,5.0,5.0,creditsolutions-branded-shortform,FL,90000-100000,google,www.google.com,Debt,Debt,lawyers who handle debt law in florida,http://www.debtreductioninc.com/index8.html,debt,302252,1DC,CreditSolutions,0,0
2009-07-14 16:01:30.287,unknown,w-302252-DebtReduction1-1DC,TopLeft,DebtReductionInc,5.0,5.0,Debt Settlement1 Master,FL,15001-20000,google,www.google.com,Holding Tank - Debt,American debt,american debt association,http://www.debtreductioninc.com/index8.html,debt,302252,1DC,default,0,0
2009-04-22 00:00:00.000,good,w-300250-DebtReduction1-1DC,TopLeft,DebtReductionInc,0.0,0.0,Debt Settlement1 Master,VA,20001-30000,google,googleads.g.doubleclick.net,Debt Reduction,,,http://www.debtreductioninc.com/index8.html,debt,300250,1DC,default,1,1
2009-09-04 16:28:11.583,unknown,w-302252-DebtReduction1-1DC-yellowarrow-blue,TopLeft,DebtReductionInc,5.0,5.0,Debt Settlement1 Master,VA,7500-15000,adknowledge,sz0120.wc.mail.comcast.net,Consolidate,,,http://www.debtreductioninc.com/index8.html,consolidation,302252,1DC,yellowarrow-blue,0,0
2009-07-16 08:51:28.247,unknown,w-302252-DebtReduction1-1DC-CreditSolutions,TopLeft,DebtReductionInc,3.0,2.0,creditsolutions-branded-shortform,VA,15001-20000,google,beginnersinvest.about.com,Credit Card Debt - high volume,,,http://www.debtreductioninc.com/index8.html,credit_general,302252,1DC,CreditSolutions,0,0
2009-07-31 18:41:53.623,unknown,w-302252-DebtReduction1-1DC-white,TopLeft,DebtReductionInc,5.0,5.0,Debt Settlement1 Master,VA,7500-15000,yahoo,search.yahoo.com,Student Debt - high volume,,student loan debt consolidation,http://www.debtreductioninc.com/index8.html,student_debt,302252,1DC,white,0,0
2009-04-28 21:16:48.000,bad,w-300250-DebtReduction1-2DC-BlueMeter,TopLeft,DebtReductionInc,0.0,0.0,Debt Settlement1 Master,CA,7500-15000,yahoo,search.yahoo.com,Debt Consolidation,,debt consolidation loans military,http://www.debtreductioninc.com/index8.html,consolidation,300250,2DC,BlueMeter,1,1
2009-06-01 12:35:49.693,unknown,w-302252-DebtReduction1-1DC,TopLeft,DebtReductionInc,0.0,0.0,Debt Settlement1 Master,MI,50001-70000,yahoo,search.yahoo.com,General Debt,,second mortgage debt relief,http://www.debtreductioninc.com/index8.html,debt,302252,1DC,default,1,1
2009-05-13 21:43:30.057,unknown,w-302252-DebtReduction1-1DC-CreditSolutions,TopLeft,DebtReductionInc,0.0,0.0,creditsolutions-branded-shortform,MI,30001-50000,google,ezinearticles.com,Lower Payments,,,http://www.debtreductioninc.com/index8.html,lower_payment,302252,1DC,CreditSolutions,1,1
2009-06-17 00:00:00.000,closed,w-302252-DebtReduction1-1DC-white,TopLeft,DebtReductionInc,0.0,0.0,Debt Settlement1 Master,MI,More_than_100000,google,search.mywebsearch.com,Holding Tank - Debt,National debt initiative division,,http://www.debtreductioninc.com/index8.html,debt,302252,1DC,white,1,1
2009-08-30 12:57:43.503,unknown,w-302252-DebtReduction1-1DC-CreditSolutions,TopLeft,DebtReductionInc,5.0,3.0,creditsolutions-branded-shortform,MI,7500-15000,google,pagead2.googlesyndication.com,Credit Card Debt - high volume,,,http://www.debtreductioninc.com/index8.html,credit_general,302252,1DC,CreditSolutions,0,0
2009-09-18 18:50:39.310,unknown,w-302252-DebtReduction1-1DC-white,TopLeft,DebtReductionInc,5.0,5.0,Debt Settlement1 Master,MI,7500-15000,yahoo,search.yahoo.com,Student Debt - high volume,,student loan debt consolidation,http://www.debtreductioninc.com/index8.html,student_debt,302252,1DC,white,0,0
2009-07-12 21:04:40.147,unknown,w-302252-DebtReduction1-1DC-yellowarrow-blue,TopLeft,DebtReductionInc,5.0,5.0,Debt Settlement1 Master,AL,90000-100000,google,www.thefreelibrary.com,Student Debt,,,http://www.debtreductioninc.com/index12.html,student_debt,302252,1DC,yellowarrow-blue,0,0
2009-06-04 20:44:21.780,unknown,w-302252-DebtReduction1-1DC-CreditSolutions,TopLeft,DebtReductionInc,0.0,0.0,creditsolutions-branded-shortform,AL,7500-15000,google,search.comcast.net,Lower Payments,Credit card payments,Chase Credit Card Payment,http://www.debtreductioninc.com/index8.html,lower_payment,302252,1DC,CreditSolutions,1,1
2009-06-02 02:24:54.000,bad,w-302252-DebtReduction1-1DC,TopLeft,DebtReductionInc,0.0,0.0,Debt Settlement1 Master,CA,15001-20000,yahoo,unknown,General Debt,,,http://www.debtreductioninc.com/index8.html,debt,302252,1DC,default,1,1
2009-08-16 00:00:00.000,good,w-302252-DebtReduction1-1DC-CreditSolutions,TopLeft,DebtReductionInc,5.0,5.0,creditsolutions-branded-shortform,FL,30001-50000,google,search.comcast.net,Debt,Debt,debt     5,http://www.debtreductioninc.com/index8.html,debt,302252,1DC,CreditSolutions,0,0
2009-06-01 20:54:46.677,unknown,w-302252-DebtReduction1-1DC-CreditSolutions,TopLeft,DebtReductionInc,0.0,0.0,creditsolutions-branded-shortform,CA,15001-20000,yahoo,search.yahoo.com,Debt Consolidation,,how does credit card consolidation help,http://www.debtreductioninc.com/index8.html,consolidation,302252,1DC,CreditSolutions,1,1
2009-04-30 05:26:17.807,unknown,w-300250-DebtReduction1-1DC-BlueMeter,TopLeft,DebtReductionInc,0.0,0.0,Debt Settlement1 Master,MI,30001-50000,yahoo,search.yahoo.com,Debt Consolidation,,debt  consolidation services 48001,http://www.debtreductioninc.com/index8.html,consolidation,300250,1DC,BlueMeter,1,1
2009-06-08 09:33:06.000,bad,w-302252-DebtReduction1-1DC,TopLeft,DebtReductionInc,0.0,0.0,Debt Settlement1 Master,IL,More_than_100000,google,wwww.citibankstudentloan.com,Student Debt,,,http://www.debtreductioninc.com/index8.html,student_debt,302252,1DC,default,1,1
2009-04-23 22:32:24.177,unknown,w-300250-DebtReduction1-1DC,TopLeft,DebtReductionInc,0.0,0.0,Debt Settlement1 Master,IL,30001-50000,yahoo,search.yahoo.com,Get Out Of Debt,,get out of credit debt,http://www.debtreductioninc.com/index8.html,debt,300250,1DC,default,1,1
2009-04-17 16:31:28.000,bad,w-300250-DebtReduction1-2DC-BlueMeter,TopLeft,DebtReductionInc,0.0,0.0,Debt Settlement1 Master,MI,50001-70000,google,www.google.com,Holding Tank - Debt,Consumer debt initiative,consumer debt initiative,http://www.debtreductioninc.com/index8.html,debt,300250,2DC,BlueMeter,1,1
2009-04-04 10:43:22.020,unknown,w-300250-DebtReduction1-1DC-white,TopLeft,DebtReductionInc,0.0,0.0,Debt Settlement1 Master,IL,30001-50000,adknowledge,unknown,Consolidate,,,http://www.debtreductioninc.com/index8.html,consolidation,300250,1DC,white,1,1
2009-06-01 00:13:53.893,unknown,w-302252-DebtReduction1-1DC-CreditSolutions,TopLeft,DebtReductionInc,0.0,0.0,creditsolutions-branded-shortform,CA,7500-15000,yahoo,search.yahoo.com,Debt Consolidation,,military debt consolidation,http://www.debtreductioninc.com/index8.html,consolidation,302252,1DC,CreditSolutions,1,1
2009-06-07 22:27:09.000,bad,w-302252-DebtReduction1-1DC-CreditSolutions,TopLeft,DebtReductionInc,0.0,0.0,creditsolutions-branded-shortform,CA,20001-30000,google,ezinearticles.com,Student Debt,,,http://www.debtreductioninc.com/index8.html,student_debt,302252,1DC,CreditSolutions,1,1
2009-08-12 00:00:00.000,closed,w-302252-DebtReduction1-1DC-yellowarrow-dark,TopLeft,DebtReductionInc,5.0,5.0,Debt Settlement1 Master,PA,7500-15000,google,search.aol.com,Holding Tank - Debt,National debt initiative,NATIONAL DEBT INITIATIVE,http://www.debtreductioninc.com/index8.html,debt,302252,1DC,yellowarrow-dark,0,0
2009-07-05 15:58:44.827,unknown,w-302252-DebtReduction1-1DC,TopLeft,DebtReductionInc,0.0,5.0,Debt Settlement1 Master,PA,30001-50000,google,www.ehow.com,Credit Card Debt - high volume,,,http://www.debtreductioninc.com/index8.html,credit_general,302252,1DC,default,1,0
2009-07-16 19:35:26.560,unknown,w-302252-DebtReduction1-1DC-CreditSolutions,TopLeft,DebtReductionInc,5.0,5.0,creditsolutions-branded-shortform,VA,7500-15000,google,googleads.g.doubleclick.net,Credit Card Debt - high volume,,,http://www.debtreductioninc.com/index8.html,credit_general,302252,1DC,CreditSolutions,0,0
2009-05-13 21:44:32.253,unknown,w-302252-DebtReduction1-1DC,TopLeft,DebtReductionInc,0.0,0.0,Debt Settlement1 Master,OK,7500-15000,yahoo,search.yahoo.com,Debt Consolidation,,first consumer debt consolidation,http://www.debtreductioninc.com/index8.html,consolidation,302252,1DC,default,1,1
2009-05-09 16:22:20.497,unknown,w-302252-DebtReduction1-1DC,TopLeft,DebtReductionInc,0.0,0.0,Debt Settlement1 Master,TX,70001-90000,yahoo,www.findstuff.com,Debt Consolidation,,,http://www.debtreductioninc.com/index8.html,consolidation,302252,1DC,default,1,1
2009-09-15 20:20:57.467,unknown,w-302252-DebtReduction1-1DC-CreditSolutions,TopLeft,DebtReductionInc,5.0,5.0,creditsolutions-branded-shortform,MO,15001-20000,google,searchportal.information.com,Lower Payments,Credit card payments,,http://www.debtreductioninc.com/index8.html,lower_payment,302252,1DC,CreditSolutions,0,0
2009-06-05 08:26:16.847,unknown,w-302252-DebtReduction1-1DC,TopLeft,DebtReductionInc,0.0,0.0,Debt Settlement1 Master,OK,7500-15000,google,www.google.com,Lower Payments,Credit card payments,www.chase.com creditcards payment,http://www.debtreductioninc.com/index8.html,lower_payment,302252,1DC,default,1,1
2009-06-29 09:17:41.353,unknown,w-302252-DebtReduction1-1DC,TopLeft,DebtReductionInc,0.0,3.0,Debt Settlement1 Master,TX,More_than_100000,yahoo,search.yahoo.com,Student Debt,,defaulted student loan help,http://www.debtreductioninc.com/index8.html,student_debt,302252,1DC,default,1,0
2009-06-08 16:50:50.500,unknown,w-302252-DebtReduction1-1DC,TopLeft,DebtReductionInc,0.0,0.0,Debt Settlement1 Master,TX,50001-70000,yahoo,search.yahoo.com,Debt Consolidation,,www.consolidated debt counseling,http://www.debtreductioninc.com/index8.html,consolidation,302252,1DC,default,1,1
2009-07-11 12:22:47.550,unknown,w-302252-DebtReduction1-1DC-CreditSolutions,TopLeft,DebtReductionInc,5.0,5.0,creditsolutions-branded-shortform,NV,20001-30000,yahoo,search.yahoo.com,Debt Consolidation,,free bill consolidation services,http://www.debtreductioninc.com/index8.html,consolidation,302252,1DC,CreditSolutions,0,0
2009-05-25 00:00:00.000,closed,w-302252-DebtReduction1-1DC,TopLeft,DebtReductionInc,0.0,0.0,Debt Settlement1 Master,OK,7500-15000,google,www.google.com,Holding Tank - Debt,Rbt com,rbt.com,http://www.debtreductioninc.com/index8.html,debt,302252,1DC,default,1,1
2009-06-13 08:19:16.000,bad,w-302252-DebtReduction1-1DC-white,TopLeft,DebtReductionInc,0.0,0.0,Debt Settlement1 Master,AZ,More_than_100000,google,www.allbusiness.com,Student Debt,,,http://www.debtreductioninc.com/index12.html,student_debt,302252,1DC,white,1,1
2009-06-23 07:16:52.633,unknown,w-302252-DebtReduction1-1DC-white,TopLeft,DebtReductionInc,0.0,0.0,Debt Settlement1 Master,VA,20001-30000,google,www.google.com,Holding Tank - Debt,Debt rescue usa,debt rescue usa,http://www.debtreductioninc.com/index8.html,debt,302252,1DC,white,1,1
2009-04-10 15:09:02.743,unknown,w-300250-DebtReduction1-2DC-BlueMeter,TopLeft,DebtReductionInc,0.0,0.0,Debt Settlement1 Master,AZ,90000-100000,google,www.manta.com,Stop Collections,,,http://www.debtreductioninc.com/index8.html,collection,300250,2DC,BlueMeter,1,1
2009-07-28 17:10:12.053,unknown,w-302252-DebtReduction1-1DC-yellowarrow-dark,TopLeft,DebtReductionInc,5.0,3.0,Debt Settlement1 Master,MO,7500-15000,yahoo,search.yahoo.com,Get Out Of Debt,,best get out of debt,http://www.debtreductioninc.com/index8.html,debt,302252,1DC,yellowarrow-dark,0,0
2009-06-13 00:00:00.000,closed,w-302252-DebtReduction1-1DC-CreditSolutions,TopLeft,DebtReductionInc,0.0,0.0,creditsolutions-branded-shortform,CA,More_than_100000,google,unknown,Debt Credit Services,Credit services,,http://www.debtreductioninc.com/index11.html,credit_general,302252,1DC,CreditSolutions,1,1
2009-08-07 00:07:44.000,bad,w-302252-DebtReduction1-1DC-CreditSolutions,TopLeft,DebtReductionInc,1.0,3.0,creditsolutions-branded-shortform,CA,30001-50000,yahoo,pages.us.com,Debt Consolidation,,,http://www.debtreductioninc.com/index8.html,consolidation,302252,1DC,CreditSolutions,0,0
2009-04-04 17:41:19.470,unknown,w-300250-DebtReduction1-1DC-Head3,TopLeft,DebtReductionInc,0.0,0.0,Debt Settlement1 Master,CA,7500-15000,yahoo,search.yahoo.com,Loan Default,, yor loan has been declared in default,http://www.debtreductioninc.com/index8.html,loan,300250,1DC,Head3,1,1
2009-06-02 22:25:39.280,unknown,w-302252-DebtReduction1-1DC-white,TopLeft,DebtReductionInc,0.0,0.0,Debt Settlement1 Master,CA,15001-20000,google,googleads.g.doubleclick.net,Credit Card Debt,,http://www.discovertheinformation.com,http://www.debtreductioninc.com/index8.html,credit_general,302252,1DC,white,1,1
2009-06-10 13:14:35.483,unknown,w-302252-DebtReduction1-1DC,TopLeft,DebtReductionInc,0.0,0.0,Debt Settlement1 Master,CA,7500-15000,google,googleads.g.doubleclick.net,Student Debt,,,http://www.debtreductioninc.com/index8.html,student_debt,302252,1DC,default,1,1
2009-04-25 12:58:55.943,unknown,w-300250-DebtReduction1-1DC-CreditSolutions,TopLeft,DebtReductionInc,0.0,0.0,creditsolutions-branded-shortform,CA,7500-15000,yahoo,www.findstuff.com,Debt Consolidation,,,http://www.debtreductioninc.com/index8.html,consolidation,300250,1DC,CreditSolutions,1,1
2009-08-05 20:06:21.870,unknown,w-302252-DebtReduction1-1DC-CreditSolutions,TopLeft,DebtReductionInc,5.0,3.0,creditsolutions-branded-shortform,NY,50001-70000,google,www.google.com,General Debt,Non profit debt,non profit debt counsu,http://www.debtreductioninc.com/index8.html,debt,302252,1DC,CreditSolutions,0,0
2009-08-18 19:57:13.643,unknown,w-302252-DebtReduction1-1DC-white,TopLeft,DebtReductionInc,2.0,5.0,Debt Settlement1 Master,NY,20001-30000,yahoo,search.yahoo.com,Credit Debt Consolidation,,credit debt,http://www.debtreductioninc.com/index8.html,credit_general,302252,1DC,white,0,0
2009-06-15 21:37:02.000,bad,w-302252-DebtReduction1-1DC-CreditSolutions,TopLeft,DebtReductionInc,0.0,0.0,creditsolutions-branded-shortform,NY,More_than_100000,google,googleads.g.doubleclick.net,Student Debt,,,http://www.debtreductioninc.com/index8.html,student_debt,302252,1DC,CreditSolutions,1,1
2009-08-23 15:07:26.847,unknown,w-302252-DebtReduction1-1DC-CreditSolutions,TopLeft,DebtReductionInc,5.0,3.0,creditsolutions-branded-shortform,NY,7500-15000,adknowledge,us.mc588.mail.yahoo.com,Consolidate,,,http://www.debtreductioninc.com/index8.html,consolidation,302252,1DC,CreditSolutions,0,0
2009-05-29 20:19:12.810,unknown,w-302252-DebtReduction1-1DC-CreditSolutions,TopLeft,DebtReductionInc,0.0,0.0,creditsolutions-branded-shortform,NY,7500-15000,google,unknown,General Debt,Debt counselors,,http://www.debtreductioninc.com/index8.html,debt,302252,1DC,CreditSolutions,1,1
2009-04-12 19:38:42.790,unknown,w-300250-DebtReduction1-2DC-BlueMeter,TopLeft,DebtReductionInc,0.0,0.0,Debt Settlement1 Master,NY,7500-15000,google,www.ask.com,Loan Default,Loans in default,"when your student loans are in default, are the interests rates still being added",http://www.debtreductioninc.com/index8.html,loan,300250,2DC,BlueMeter,1,1
2009-06-05 15:15:27.000,bad,w-302252-DebtReduction1-1DC,TopLeft,DebtReductionInc,0.0,0.0,Debt Settlement1 Master,NY,30001-50000,adknowledge,www.bing.com,Consolidate,,debt elimators,http://www.debtreductioninc.com/index8.html,consolidation,302252,1DC,default,1,1
2009-06-02 21:27:40.777,unknown,w-302252-DebtReduction1-1DC,TopLeft,DebtReductionInc,0.0,0.0,Debt Settlement1 Master,CA,30001-50000,yahoo,usaspace.net,Debt Reduction,,,http://www.debtreductioninc.com/index8.html,debt,302252,1DC,default,1,1
2009-06-07 21:34:56.720,unknown,w-302252-DebtReduction1-1DC-CreditSolutions,TopLeft,DebtReductionInc,0.0,0.0,creditsolutions-branded-shortform,NY,30001-50000,google,www.google.com,Student Debt,Defaulted student loans,defaulted student loans,http://www.debtreductioninc.com/index8.html,student_debt,302252,1DC,CreditSolutions,1,1
2009-06-29 18:06:20.000,bad,w-302252-DebtReduction1-1DC-yellowarrow-blue,TopLeft,DebtReductionInc,0.0,3.0,Debt Settlement1 Master,NY,90000-100000,google,www.ehow.com,Student Debt,,,http://www.debtreductioninc.com/index8.html,student_debt,302252,1DC,yellowarrow-blue,1,0
2009-05-17 12:43:17.593,unknown,w-302252-DebtReduction1-1DC-CreditSolutions,TopLeft,DebtReductionInc,0.0,0.0,creditsolutions-branded-shortform,NY,20001-30000,yahoo,search.yahoo.com,Debt Arbitration,,conciliation credit,http://www.debtreductioninc.com/index8.html,debt,302252,1DC,CreditSolutions,1,1
2009-05-06 18:34:33.387,unknown,w-300250-DebtReduction1-1DC-CreditSolutions,TopLeft,DebtReductionInc,0.0,0.0,creditsolutions-branded-shortform,NY,30001-50000,google,www.google.com,Debt Credit Services,Credit services,credit services,http://www.debtreductioninc.com/index8.html,credit_general,300250,1DC,CreditSolutions,1,1
2009-07-20 01:30:05.387,unknown,w-302252-DebtReduction1-1DC-white,TopLeft,DebtReductionInc,5.0,2.0,Debt Settlement1 Master,NY,7500-15000,google,www.businessweek.com,Student Debt,,,http://www.debtreductioninc.com/index12.html,student_debt,302252,1DC,white,0,0
2009-07-20 01:31:04.887,unknown,w-302252-DebtReduction1-1DC-CreditSolutions,TopLeft,DebtReductionInc,1.0,2.0,creditsolutions-branded-shortform,NY,7500-15000,google,unknown,Student Debt,,,http://www.debtreductioninc.com/index12.html,student_debt,302252,1DC,CreditSolutions,0,0
2009-09-08 01:09:47.337,unknown,w-302252-DebtReduction1-1DC-CreditSolutions,TopLeft,DebtReductionInc,5.0,5.0,creditsolutions-branded-shortform,NY,20001-30000,google,search.aol.com,Holding Tank - Debt,Debt cures,debt cures,http://www.debtreductioninc.com/index8.html,debt,302252,1DC,CreditSolutions,0,0
2009-04-17 21:31:59.187,unknown,w-300250-DebtReduction1-2DC-CreditSolutions,TopLeft,DebtReductionInc,0.0,0.0,creditsolutions-branded-shortform,NY,20001-30000,yahoo,search.yahoo.com,Debt Negotiation,,credit debit negotiations,http://www.debtreductioninc.com/index8.html,debt,300250,2DC,CreditSolutions,1,1
2009-05-22 08:06:13.883,unknown,w-302252-DebtReduction1-1DC-CreditSolutions,TopLeft,DebtReductionInc,0.0,0.0,creditsolutions-branded-shortform,NY,15001-20000,google,unknown,Credit Card Debt - high volume,,,http://www.debtreductioninc.com/index8.html,credit_general,302252,1DC,CreditSolutions,1,1
2009-09-22 00:00:00.000,good,w-302252-DebtReduction1-1DC-yellowarrow-blue,TopLeft,DebtReductionInc,5.0,5.0,Debt Settlement1 Master,NY,20001-30000,google,www.google.com,Debt,Debt,my debt liberty,http://www.debtreductioninc.com/index8.html,debt,302252,1DC,yellowarrow-blue,0,0
2009-07-22 23:09:47.450,unknown,w-302252-DebtReduction1-1DC-CreditSolutions,TopLeft,DebtReductionInc,5.0,4.0,creditsolutions-branded-shortform,NY,70001-90000,google,www.debtreductioninc.com,Student Debt,,,http://www.debtreductioninc.com/index11.html,student_debt,302252,1DC,CreditSolutions,0,0
2009-05-13 21:44:32.750,unknown,w-302252-DebtReduction1-1DC,TopLeft,DebtReductionInc,0.0,0.0,Debt Settlement1 Master,NY,30001-50000,adknowledge,unknown,Consolidate,,,http://www.debtreductioninc.com/index8.html,consolidation,302252,1DC,default,1,1
2009-04-21 07:39:29.700,unknown,w-300250-DebtReduction1-2DC-BlueMeter,TopLeft,DebtReductionInc,0.0,0.0,Debt Settlement1 Master,MD,15001-20000,adknowledge,us.mc388.mail.yahoo.com,Consolidate,,,http://www.debtreductioninc.com/index8.html,consolidation,300250,2DC,BlueMeter,1,1
2009-05-21 12:01:20.843,unknown,w-302252-DebtReduction1-1DC-CreditSolutions,TopLeft,DebtReductionInc,0.0,0.0,creditsolutions-branded-shortform,FL,7500-15000,google,ezinearticles.com,Credit Card Debt - high volume,,,http://www.debtreductioninc.com/index8.html,credit_general,302252,1DC,CreditSolutions,1,1
2009-05-22 18:15:10.547,unknown,w-302252-DebtReduction1-1DC,TopLeft,DebtReductionInc,0.0,0.0,Debt Settlement1 Master,MD,7500-15000,google,www.google.com,Lower Payments,Credit card payments,www.chase.com creditcards payment,http://www.debtreductioninc.com/index8.html,lower_payment,302252,1DC,default,1,1
2009-07-28 12:49:15.487,unknown,w-302252-DebtReduction1-1DC-yellowarrow-dark,TopLeft,DebtReductionInc,5.0,2.0,Debt Settlement1 Master,MD,7500-15000,google,googleads.g.doubleclick.net,Debt Consolidation,Debt consolidation non profit,,http://www.debtreductioninc.com/index8.html,consolidation,302252,1DC,yellowarrow-dark,0,0
2009-07-29 20:44:03.800,unknown,w-302252-DebtReduction1-1DC-CreditSolutions,TopLeft,DebtReductionInc,5.0,5.0,creditsolutions-branded-shortform,MI,7500-15000,yahoo,www.toseeka.com,Chapter 13 Bankruptcy,,filing_chapter_13,http://www.debtreductioninc.com/index8.html,bankrup,302252,1DC,CreditSolutions,0,0
2009-05-02 00:39:05.493,unknown,w-300250-DebtReduction1-2DC-BlueMeter,TopLeft,DebtReductionInc,0.0,0.0,Debt Settlement1 Master,MD,7500-15000,yahoo,jointsuccession.com,Free Debt Consolidation,,,http://www.debtreductioninc.com/index8.html,consolidation,300250,2DC,BlueMeter,1,1
2009-07-03 12:12:58.403,unknown,w-302252-DebtReduction1-1DC-CreditSolutions,TopLeft,DebtReductionInc,0.0,4.0,creditsolutions-branded-shortform,VA,More_than_100000,google,www.ask.com,Holding Tank - Debt,Debt snowball,Debt Snowball,http://www.debtreductioninc.com/index8.html,debt,302252,1DC,CreditSolutions,1,0
2009-04-04 15:24:19.970,unknown,w-300250-DebtReduction1-1DC-white,TopLeft,DebtReductionInc,0.0,0.0,Debt Settlement1 Master,VA,70001-90000,yahoo,unknown,Chapter 7 Bankruptcy,,,http://www.debtreductioninc.com/index8.html,bankrup,300250,1DC,white,1,1
2009-05-20 17:47:33.000,bad,w-302252-DebtReduction1-1DC-white,TopLeft,DebtReductionInc,0.0,0.0,Debt Settlement1 Master,MT,7500-15000,yahoo,search.yahoo.com,File Bankruptcy,,how do i file bankruptcy in montana,http://www.debtreductioninc.com/index8.html,bankrup,302252,1DC,white,1,1
2009-04-24 14:31:19.213,unknown,w-300250-DebtReduction1-1DC,TopLeft,DebtReductionInc,0.0,0.0,Debt Settlement1 Master,MT,7500-15000,yahoo,search.yahoo.com,Debt Program,,free debt free programs,http://www.debtreductioninc.com/index8.html,debt,300250,1DC,default,1,1
2009-04-20 22:38:32.850,unknown,w-300250-DebtReduction1-2DC-CreditSolutions,TopLeft,DebtReductionInc,0.0,0.0,creditsolutions-branded-shortform,MT,30001-50000,google,unknown,How,debt,,http://www.debtreductioninc.com/index8.html,other,300250,2DC,CreditSolutions,1,1
2009-05-14 13:11:29.917,unknown,w-302252-DebtReduction1-1DC,TopLeft,DebtReductionInc,0.0,0.0,Debt Settlement1 Master,TX,7500-15000,adknowledge,us.mg2.mail.yahoo.com,Consolidate,,,http://www.debtreductioninc.com/index8.html,consolidation,302252,1DC,default,1,1
2009-07-13 20:11:57.000,bad,w-302252-DebtReduction1-1DC-white,TopLeft,DebtReductionInc,5.0,3.0,Debt Settlement1 Master,TX,7500-15000,google,www.lawguru.com,How Settle,How do i settle debt,,http://www.debtreductioninc.com/index8.html,settlement,302252,1DC,white,0,0
2009-06-16 22:22:41.540,unknown,w-302252-DebtReduction1-1DC-CreditSolutions,TopLeft,DebtReductionInc,0.0,0.0,creditsolutions-branded-shortform,MO,30001-50000,google,www.dogpile.com,How,How to fix your credit,,http://www.debtreductioninc.com/index12.html,other,302252,1DC,CreditSolutions,1,1
2009-06-10 00:00:00.000,good,w-302252-DebtReduction1-1DC-CreditSolutions,TopLeft,DebtReductionInc,0.0,0.0,creditsolutions-branded-shortform,TX,50001-70000,google,womeninbusiness.about.com,Debt,Debt,,http://www.debtreductioninc.com/index8.html,debt,302252,1DC,CreditSolutions,1,1
2009-08-14 11:13:41.277,unknown,w-302252-DebtReduction1-1DC-CreditSolutions,TopLeft,DebtReductionInc,5.0,4.0,creditsolutions-branded-shortform,TX,7500-15000,google,googleads.g.doubleclick.net,Credit Card Debt - high volume,,,http://www.debtreductioninc.com/index8.html,credit_general,302252,1DC,CreditSolutions,0,0
2009-09-04 11:45:11.667,unknown,w-302252-DebtReduction1-1DC-white,TopLeft,DebtReductionInc,5.0,5.0,Debt Settlement1 Master,CO,20001-30000,google,unknown,How,debt,,http://www.debtreductioninc.com/index8.html,other,302252,1DC,white,0,0
2009-08-10 11:05:24.000,bad,w-302252-DebtReduction1-1DC-yellowarrow-dark,TopLeft,DebtReductionInc,5.0,5.0,Debt Settlement1 Master,TX,7500-15000,yahoo,search.yahoo.com,Debt Consolidation,,Debt Consoidation - low interest rates,http://www.debtreductioninc.com/index8.html,consolidation,302252,1DC,yellowarrow-dark,0,0
2009-06-15 20:32:48.933,unknown,w-302252-DebtReduction1-1DC-white,TopLeft,DebtReductionInc,0.0,0.0,Debt Settlement1 Master,MO,15001-20000,yahoo,search.yahoo.com,Get Out Of Debt,,get out of debt calculator,http://www.debtreductioninc.com/index8.html,debt,302252,1DC,white,1,1
2009-04-28 09:21:34.853,unknown,w-300250-DebtReduction1-2DC-CreditSolutions,TopLeft,DebtReductionInc,0.0,0.0,creditsolutions-branded-shortform,TX,30001-50000,yahoo,search.viewpoint.com,Chapter 7 Bankruptcy,,,http://www.debtreductioninc.com/index8.html,bankrup,300250,2DC,CreditSolutions,1,1
2009-07-06 19:17:38.977,unknown,w-302252-DebtReduction1-1DC-CreditSolutions,TopLeft,DebtReductionInc,0.0,3.0,creditsolutions-branded-shortform,TX,7500-15000,google,googleads.g.doubleclick.net,Student Debt,,,http://www.debtreductioninc.com/index8.html,student_debt,302252,1DC,CreditSolutions,1,0
2009-07-26 09:48:26.467,unknown,w-302252-DebtReduction1-1DC-yellowarrow-dark,TopLeft,DebtReductionInc,4.0,5.0,Debt Settlement1 Master,MO,50001-70000,google,www.google.com,Holding Tank - Debt,Consumer debt initiative,Consumer Debt initiative,http://www.debtreductioninc.com/index8.html,debt,302252,1DC,yellowarrow-dark,0,0
2009-08-03 12:29:35.157,unknown,w-302252-DebtReduction1-1DC-CreditSolutions,TopLeft,DebtReductionInc,5.0,3.0,creditsolutions-branded-shortform,MO,15001-20000,google,search.hp.my.aol.com,Holding Tank - Debt,Debt choice,debt choice,http://www.debtreductioninc.com/index8.html,debt,302252,1DC,CreditSolutions,0,0
2009-04-10 15:18:02.690,unknown,w-300250-DebtReduction1-1DC-Head2,TopLeft,DebtReductionInc,0.0,0.0,Debt Settlement1 Master,TX,30001-50000,adknowledge,us.mc344.mail.yahoo.com,Consolidate,,,http://www.debtreductioninc.com/index8.html,consolidation,300250,1DC,Head2,1,1
2009-04-22 00:00:00.000,closed,w-300250-DebtReduction1-1DC-Head3,TopLeft,DebtReductionInc,0.0,0.0,Debt Settlement1 Master,TX,50001-70000,yahoo,search.yahoo.com,Debt Negotiation,,debt negotiators creditors,http://www.debtreductioninc.com/index8.html,debt,300250,1DC,Head3,1,1
2009-09-08 14:06:46.000,bad,w-302252-DebtReduction1-1DC-yellowarrow,TopLeft,DebtReductionInc,5.0,5.0,Debt Settlement1 Master,TX,50001-70000,google,www.google.com,Holding Tank - Debt,Debt cures,debt cures,http://www.debtreductioninc.com/index8.html,debt,302252,1DC,yellowarrow,0,0
2009-08-13 21:45:04.623,unknown,w-302252-DebtReduction1-1DC-yellowarrow-dark,TopLeft,DebtReductionInc,5.0,5.0,Debt Settlement1 Master,AR,70001-90000,google,www.google.com,Holding Tank - Debt,American debt,american debt association,http://www.debtreductioninc.com/index8.html,debt,302252,1DC,yellowarrow-dark,0,0
2009-06-16 10:16:45.503,unknown,w-302252-DebtReduction1-1DC-white,TopLeft,DebtReductionInc,0.0,0.0,Debt Settlement1 Master,CO,More_than_100000,yahoo,search.yahoo.com,Bankruptcy And Chapter 13,,chapter 13 bankruptcy colorado,http://www.debtreductioninc.com/index8.html,bankrup,302252,1DC,white,1,1
2009-09-18 18:24:41.187,unknown,w-302252-DebtReduction1-1DC-white,TopLeft,DebtReductionInc,5.0,5.0,Debt Settlement1 Master,CA,20001-30000,google,www.google.com,Holding Tank - Debt,Debtrescueusa,DebtRescueUSA,http://www.debtreductioninc.com/index8.html,debt,302252,1DC,white,0,0
2009-06-24 00:00:00.000,closed,w-302252-DebtReduction1-1DC-yellowarrow-blue,TopLeft,DebtReductionInc,0.0,0.0,Debt Settlement1 Master,CO,7500-15000,google,search.myway.com,Debt,Debt,,http://www.debtreductioninc.com/index8.html,debt,302252,1DC,yellowarrow-blue,1,1
2009-08-07 13:17:20.720,unknown,w-302252-DebtReduction1-1DC-yellowarrow-blue,TopLeft,DebtReductionInc,5.0,3.0,Debt Settlement1 Master,CO,More_than_100000,yahoo,search.yahoo.com,Lower Payments,,refinance to lower payment,http://www.debtreductioninc.com/index8.html,lower_payment,302252,1DC,yellowarrow-blue,0,0
2009-09-18 04:44:42.940,unknown,w-302252-DebtReduction1-1DC-white,TopLeft,DebtReductionInc,5.0,5.0,Debt Settlement1 Master,IL,7500-15000,yahoo,search.yahoo.com,Credit Card Consolidation,,debt consolidation,http://www.debtreductioninc.com/index8.html,credit_general,302252,1DC,white,0,0
2009-09-27 17:23:42.157,unknown,w-302252-DebtReduction1-1DC-CreditSolutions,TopLeft,DebtReductionInc,3.0,2.0,creditsolutions-branded-shortform,PA,15001-20000,yahoo,us.yhs.search.yahoo.com,Credit Card Consolidation,,debt consolidation,http://www.debtreductioninc.com/index8.html,credit_general,302252,1DC,CreditSolutions,0,0
2009-04-14 21:19:25.427,unknown,w-300250-DebtReduction1-1DC-Head2,TopLeft,DebtReductionInc,0.0,0.0,Debt Settlement1 Master,NY,15001-20000,google,credit.about.com,Stop Collections,,,http://www.debtreductioninc.com/index8.html,collection,300250,1DC,Head2,1,1
2009-09-01 00:00:00.000,closed,w-302252-DebtReduction1-1DC-CreditSolutions,TopLeft,DebtReductionInc,0.0,0.0,creditsolutions-branded-shortform,CA,15001-20000,google,search.aol.com,Debt,Debt,debt stimulus,http://www.debtreductioninc.com/index8.html,debt,302252,1DC,CreditSolutions,1,1
2009-08-18 20:33:13.323,unknown,w-302252-DebtReduction1-1DC-white,TopLeft,DebtReductionInc,5.0,2.0,Debt Settlement1 Master,CT,30001-50000,google,search23.info.com,Loan Default,Loan default help,,http://www.debtreductioninc.com/index8.html,loan,302252,1DC,white,0,0
2009-06-18 00:00:00.000,closed,w-302252-DebtReduction1-1DC,TopLeft,DebtReductionInc,0.0,0.0,Debt Settlement1 Master,AK,7500-15000,yahoo,search.yahoo.com,Debt Consolidation,,alaska usa DEBT CONSOLIDATION,http://www.debtreductioninc.com/index8.html,consolidation,302252,1DC,default,1,1
2009-07-24 08:26:39.420,unknown,w-302252-DebtReduction1-1DC-white,TopLeft,DebtReductionInc,5.0,4.0,Debt Settlement1 Master,FL,More_than_100000,google,collegesavings.about.com,Student Debt,,,http://www.debtreductioninc.com/index12.html,student_debt,302252,1DC,white,0,0
2009-09-06 20:23:56.000,bad,w-302252-DebtReduction1-1DC-yellowarrow-blue,TopLeft,DebtReductionInc,5.0,3.0,Debt Settlement1 Master,CA,7500-15000,adknowledge,unknown,Consolidate,,,http://www.debtreductioninc.com/index8.html,consolidation,302252,1DC,yellowarrow-blue,0,0
2009-04-26 15:16:47.320,unknown,w-300250-DebtReduction1-2DC-CreditSolutions,TopLeft,DebtReductionInc,0.0,0.0,creditsolutions-branded-shortform,CA,More_than_100000,google,www.google.com,Debt Negotiation,Debt negotiation letter,Debt Settlement Sample letters,http://www.debtreductioninc.com/index8.html,debt,300250,2DC,CreditSolutions,1,1
2009-07-27 17:34:17.770,unknown,w-302252-DebtReduction1-1DC-yellowarrow-dark,TopLeft,DebtReductionInc,5.0,5.0,Debt Settlement1 Master,CT,50001-70000,google,unknown,Student Debt,,,http://www.debtreductioninc.com/index11.html,student_debt,302252,1DC,yellowarrow-dark,0,0
2009-04-19 08:26:46.607,unknown,w-300250-DebtReduction1-1DC-Head3,TopLeft,DebtReductionInc,0.0,0.0,Debt Settlement1 Master,NY,15001-20000,adknowledge,us.mc01g.mail.yahoo.com,Consolidate,,,http://www.debtreductioninc.com/index8.html,consolidation,300250,1DC,Head3,1,1
2009-09-08 00:00:00.000,good,w-302252-DebtReduction1-1DC-CreditSolutions,TopLeft,DebtReductionInc,1.0,3.0,creditsolutions-branded-shortform,MO,More_than_100000,google,googleads.g.doubleclick.net,Credit Card Debt - high volume,,,http://www.debtreductioninc.com/index8.html,credit_general,302252,1DC,CreditSolutions,0,0
2009-05-08 00:00:00.000,closed,w-302252-DebtReduction1-1DC-CreditSolutions,TopLeft,DebtReductionInc,0.0,0.0,creditsolutions-branded-shortform,NY,30001-50000,google,www.google.com,Holding Tank - Debt,Abc debt relief,abc debt relief scam,http://www.debtreductioninc.com/index8.html,debt,302252,1DC,CreditSolutions,1,1
2009-07-05 18:06:45.457,unknown,w-302252-DebtReduction1-1DC-yellowarrow-blue,TopLeft,DebtReductionInc,0.0,5.0,Debt Settlement1 Master,CA,90000-100000,yahoo,search.yahoo.com,General Debt,,debt goverment relif,http://www.debtreductioninc.com/index8.html,debt,302252,1DC,yellowarrow-blue,1,0
2009-06-17 14:38:38.173,unknown,w-302252-DebtReduction1-1DC-yellowarrow-blue,TopLeft,DebtReductionInc,0.0,0.0,Debt Settlement1 Master,AL,15001-20000,yahoo,search.yahoo.com,Chapter 13 Bankruptcy,,chapter 11,http://www.debtreductioninc.com/index8.html,bankrup,302252,1DC,yellowarrow-blue,1,1
2009-04-05 02:47:15.157,unknown,w-300250-DebtReduction1-2DC-BlueMeter,TopLeft,DebtReductionInc,0.0,0.0,Debt Settlement1 Master,NY,7500-15000,yahoo,search.yahoo.com,Debt Program,,debt management programs pros and cons,http://www.debtreductioninc.com/index8.html,debt,300250,2DC,BlueMeter,1,1
2009-04-20 07:05:38.490,unknown,w-300250-DebtReduction1-1DC-Head3,TopLeft,DebtReductionInc,0.0,0.0,Debt Settlement1 Master,NY,15001-20000,google,googleads.g.doubleclick.net,Student Debt,,,http://www.debtreductioninc.com/index8.html,student_debt,300250,1DC,Head3,1,1
2009-04-29 18:29:27.187,unknown,w-300250-DebtReduction1-2DC-BlueMeter,TopLeft,DebtReductionInc,0.0,0.0,Debt Settlement1 Master,NY,30001-50000,yahoo,ww23.rr.com,Debt Collection,,,http://www.debtreductioninc.com/index8.html,collection,300250,2DC,BlueMeter,1,1
2009-09-17 09:40:48.907,unknown,w-302252-DebtReduction1-1DC-yellowarrow-dark,TopLeft,DebtReductionInc,2.0,3.0,Debt Settlement1 Master,IL,30001-50000,google,ezinearticles.com,Credit Card Debt - high volume,,,http://www.debtreductioninc.com/index8.html,credit_general,302252,1DC,yellowarrow-dark,0,0
2009-04-30 06:51:17.237,unknown,w-300250-DebtReduction1-1DC-Head3,TopLeft,DebtReductionInc,0.0,0.0,Debt Settlement1 Master,NY,7500-15000,yahoo,search.yahoo.com,Debt Consolidation,,gov consolidation loans,http://www.debtreductioninc.com/index8.html,consolidation,300250,1DC,Head3,1,1
2009-08-12 11:35:11.573,unknown,w-302252-DebtReduction1-1DC-yellowarrow,TopLeft,DebtReductionInc,5.0,5.0,Debt Settlement1 Master,IL,7500-15000,google,www.google.com,Debt,Debt,fix bad debt on my own,http://www.debtreductioninc.com/index8.html,debt,302252,1DC,yellowarrow,0,0
2009-06-30 15:37:41.497,unknown,w-302252-DebtReduction1-1DC-yellowarrow-dark,TopLeft,DebtReductionInc,0.0,5.0,Debt Settlement1 Master,IL,7500-15000,google,googleads.g.doubleclick.net,Lower Payments,,,http://www.debtreductioninc.com/index8.html,lower_payment,302252,1DC,yellowarrow-dark,1,0
2009-04-29 00:45:31.920,unknown,w-300250-DebtReduction1-2DC-BlueMeter,TopLeft,DebtReductionInc,0.0,0.0,Debt Settlement1 Master,IL,50001-70000,google,ezinearticles.com,Credit Card Debt - high volume,,,http://www.debtreductioninc.com/index8.html,credit_general,300250,2DC,BlueMeter,1,1
2009-08-28 14:54:55.837,unknown,w-302252-DebtReduction1-1DC-CreditSolutions,TopLeft,DebtReductionInc,0.0,0.0,creditsolutions-branded-shortform,OK,30001-50000,google,www.google.com,Holding Tank - Debt,Debt bailout,debt bailout,http://www.debtreductioninc.com/index8.html,debt,302252,1DC,CreditSolutions,1,1
2009-05-24 00:36:59.947,unknown,w-302252-DebtReduction1-1DC,TopLeft,DebtReductionInc,0.0,0.0,Debt Settlement1 Master,CA,20001-30000,yahoo,search.yahoo.com,Debt Negotiation,,www.credit.org,http://www.debtreductioninc.com/index8.html,debt,302252,1DC,default,1,1
2009-08-01 00:04:50.420,unknown,w-302252-DebtReduction1-1DC-CreditSolutions,TopLeft,DebtReductionInc,5.0,3.0,creditsolutions-branded-shortform,NV,30001-50000,yahoo,search.yahoo.com,Credit Card Debt Company,,credit card relief companies,http://www.debtreductioninc.com/index8.html,credit_general,302252,1DC,CreditSolutions,0,0
2009-09-17 21:02:46.400,unknown,w-302252-DebtReduction1-1DC-yellowarrow-blue,TopLeft,DebtReductionInc,5.0,4.0,Debt Settlement1 Master,CA,7500-15000,yahoo,www.att.net,Debt Consolidate,,,http://www.debtreductioninc.com/index8.html,consolidation,302252,1DC,yellowarrow-blue,0,0
2009-07-30 00:00:00.000,closed,w-302252-DebtReduction1-1DC-yellowarrow-blue,TopLeft,DebtReductionInc,5.0,5.0,Debt Settlement1 Master,CA,15001-20000,google,www.google.com,Holding Tank - Debt,Government debt relief,government debt relief,http://www.debtreductioninc.com/index8.html,debt,302252,1DC,yellowarrow-blue,0,0
2009-04-19 13:18:44.817,unknown,w-300250-DebtReduction1-1DC-Head3,TopLeft,DebtReductionInc,0.0,0.0,Debt Settlement1 Master,CA,15001-20000,google,www.google.com,Debt Credit Services,Credit services,credit services,http://www.debtreductioninc.com/index8.html,credit_general,300250,1DC,Head3,1,1
2009-08-19 00:31:11.110,unknown,w-302252-DebtReduction1-1DC-CreditSolutions,TopLeft,DebtReductionInc,5.0,5.0,creditsolutions-branded-shortform,CA,15001-20000,google,www.google.com,Holding Tank - Debt,Unsecured debt,unsecured debt,http://www.debtreductioninc.com/index8.html,debt,302252,1DC,CreditSolutions,0,0
2009-07-26 17:58:50.000,bad,w-302252-DebtReduction1-1DC-CreditSolutions,TopLeft,DebtReductionInc,5.0,3.0,creditsolutions-branded-shortform,CA,20001-30000,google,ezinearticles.com,Debt,Debt,,http://www.debtreductioninc.com/index8.html,debt,302252,1DC,CreditSolutions,0,0
2009-08-30 13:06:45.697,unknown,w-302252-DebtReduction1-1DC-white,TopLeft,DebtReductionInc,5.0,5.0,Debt Settlement1 Master,CA,20001-30000,adknowledge,micorreo.univision.com,Consolidate,,,http://www.debtreductioninc.com/index8.html,consolidation,302252,1DC,white,0,0
2009-06-15 23:19:48.063,unknown,w-302252-DebtReduction1-1DC-CreditSolutions,TopLeft,DebtReductionInc,0.0,0.0,creditsolutions-branded-shortform,CA,70001-90000,google,financialplan.about.com,Holding Tank - Debt,Debt loan,,http://www.debtreductioninc.com/index8.html,debt,302252,1DC,CreditSolutions,1,1
2009-04-16 00:35:42.000,bad,w-300250-DebtReduction1-2DC-CreditSolutions,TopLeft,DebtReductionInc,0.0,0.0,creditsolutions-branded-shortform,CA,30001-50000,yahoo,answers.yahoo.com,Bankruptcy - high volume,,disadvantages of filing bankruptcy?,http://www.debtreductioninc.com/index8.html,bankrup,300250,2DC,CreditSolutions,1,1
2009-06-27 15:50:51.190,unknown,w-302252-DebtReduction1-1DC-yellowarrow,TopLeft,DebtReductionInc,0.0,5.0,Debt Settlement1 Master,CA,30001-50000,google,www.google.com,Debt Negotiation,Debt negotiation lawyer,debt settlement attorneys.,http://www.debtreductioninc.com/index8.html,debt,302252,1DC,yellowarrow,1,0
2009-08-30 00:02:46.983,unknown,w-302252-DebtReduction1-1DC-CreditSolutions,TopLeft,DebtReductionInc,5.0,2.0,creditsolutions-branded-shortform,CA,30001-50000,google,googleads.g.doubleclick.net,How,debt,,http://www.debtreductioninc.com/index8.html,other,302252,1DC,CreditSolutions,0,0
2009-07-10 11:55:02.973,unknown,w-302252-DebtReduction1-1DC-CreditSolutions,TopLeft,DebtReductionInc,0.0,4.0,creditsolutions-branded-shortform,CA,50001-70000,google,www.life123.com,Student Debt,,,http://www.debtreductioninc.com/index12.html,student_debt,302252,1DC,CreditSolutions,1,0
2009-08-14 00:15:01.797,unknown,w-302252-DebtReduction1-1DC-CreditSolutions,TopLeft,DebtReductionInc,5.0,3.0,creditsolutions-branded-shortform,CA,20001-30000,google,unknown,Credit Card Reduction,Credit card interest reduction,,http://www.debtreductioninc.com/index11.html,credit_general,302252,1DC,CreditSolutions,0,0
2009-07-14 14:33:53.000,bad,w-302252-DebtReduction1-1DC-CreditSolutions,TopLeft,DebtReductionInc,0.0,0.0,creditsolutions-branded-shortform,CA,More_than_100000,google,googleads.g.doubleclick.net,Student Debt,,,http://www.debtreductioninc.com/index12.html,student_debt,302252,1DC,CreditSolutions,1,1
2009-04-14 00:00:00.000,closed,w-300250-DebtReduction1-1DC-Head2,TopLeft,DebtReductionInc,0.0,0.0,Debt Settlement1 Master,CA,7500-15000,google,googleads.g.doubleclick.net,Stop Collections,,,http://www.debtreductioninc.com/index8.html,collection,300250,1DC,Head2,1,1
2009-06-02 11:31:42.387,unknown,w-302252-DebtReduction1-1DC-white,TopLeft,DebtReductionInc,0.0,0.0,Debt Settlement1 Master,CA,15001-20000,google,googleads.g.doubleclick.net,Student Debt,,,http://www.debtreductioninc.com/index8.html,student_debt,302252,1DC,white,1,1
2009-05-12 17:52:38.560,unknown,w-302252-DebtReduction1-1DC,TopLeft,DebtReductionInc,0.0,0.0,Debt Settlement1 Master,NV,15001-20000,yahoo,www.findstuff.com,Debt Consolidation,,,http://www.debtreductioninc.com/index8.html,consolidation,302252,1DC,default,1,1
2009-05-23 14:32:03.133,unknown,w-302252-DebtReduction1-1DC-white,TopLeft,DebtReductionInc,0.0,0.0,Debt Settlement1 Master,CA,20001-30000,google,www.google.com,How,debt,,http://www.debtreductioninc.com/index8.html,other,302252,1DC,white,1,1
2009-08-31 23:44:33.877,unknown,w-302252-DebtReduction1-1DC-CreditSolutions,TopLeft,DebtReductionInc,5.0,5.0,creditsolutions-branded-shortform,CA,7500-15000,google,www.google.com,Holding Tank - Debt,How do i find out how much debt i owe,how do I find out how much debt I owe,http://www.debtreductioninc.com/index8.html,debt,302252,1DC,CreditSolutions,0,0
2009-08-18 21:44:12.993,unknown,w-302252-DebtReduction1-1DC-white,TopLeft,DebtReductionInc,5.0,3.0,Debt Settlement1 Master,CA,70001-90000,yahoo,search.yahoo.com,Get Out Of Debt,,get out of debt,http://www.debtreductioninc.com/index8.html,debt,302252,1DC,white,0,0
2009-08-29 00:21:53.340,unknown,w-302252-DebtReduction1-1DC-CreditSolutions,TopLeft,DebtReductionInc,5.0,3.0,creditsolutions-branded-shortform,CA,15001-20000,google,ezinearticles.com,Debt,Debt,,http://www.debtreductioninc.com/index8.html,debt,302252,1DC,CreditSolutions,0,0
2009-05-21 19:40:17.687,unknown,w-302252-DebtReduction1-1DC-CreditSolutions,TopLeft,DebtReductionInc,0.0,0.0,creditsolutions-branded-shortform,CA,15001-20000,yahoo,search.yahoo.com,Get Out Of Debt,,ways to get out of debt,http://www.debtreductioninc.com/index8.html,debt,302252,1DC,CreditSolutions,1,1
2009-05-14 17:42:29.157,unknown,w-302252-DebtReduction1-1DC,TopLeft,DebtReductionInc,0.0,0.0,Debt Settlement1 Master,CA,20001-30000,adknowledge,webmaila.netzero.net,Consolidate,,,http://www.debtreductioninc.com/index8.html,consolidation,302252,1DC,default,1,1
2009-06-13 00:00:00.000,closed,w-302252-DebtReduction1-1DC-white,TopLeft,DebtReductionInc,0.0,0.0,Debt Settlement1 Master,MO,30001-50000,yahoo,search.yahoo.com,Debt Reduction,,get free financial help,http://www.debtreductioninc.com/index8.html,debt,302252,1DC,white,1,1
2009-04-28 00:00:00.000,closed,w-300250-DebtReduction1-1DC-BlueMeter,TopLeft,DebtReductionInc,0.0,0.0,Debt Settlement1 Master,PA,20001-30000,yahoo,answers.yahoo.com,General Debt,,,http://www.debtreductioninc.com/index8.html,debt,300250,1DC,BlueMeter,1,1
2009-08-06 22:27:18.487,unknown,w-302252-DebtReduction1-1DC-CreditSolutions,TopLeft,DebtReductionInc,3.0,2.0,creditsolutions-branded-shortform,PA,7500-15000,google,www.google.com,How,How can i lower my interest rate,how can i lower my interest rates on all of my credit cards,http://www.debtreductioninc.com/index12.html,other,302252,1DC,CreditSolutions,0,0
2009-04-22 00:00:00.000,closed,w-300250-DebtReduction1-2DC-CreditSolutions,TopLeft,DebtReductionInc,0.0,0.0,creditsolutions-branded-shortform,VA,70001-90000,yahoo,search.yahoo.com,Credit Card Debt,,1800creditcarddebt,http://www.debtreductioninc.com/index8.html,credit_general,300250,2DC,CreditSolutions,1,1
2009-07-27 06:28:21.160,unknown,w-302252-DebtReduction1-1DC-yellowarrow-dark,TopLeft,DebtReductionInc,5.0,5.0,Debt Settlement1 Master,PA,7500-15000,google,ezinearticles.com,How,debt,,http://www.debtreductioninc.com/index8.html,other,302252,1DC,yellowarrow-dark,0,0
2009-07-03 19:50:56.163,unknown,w-302252-DebtReduction1-1DC-CreditSolutions,TopLeft,DebtReductionInc,0.0,3.0,creditsolutions-branded-shortform,MI,More_than_100000,yahoo,unknown,General Debt,,,http://www.debtreductioninc.com/index8.html,debt,302252,1DC,CreditSolutions,1,0
2009-07-07 08:40:35.057,unknown,w-302252-DebtReduction1-1DC,TopLeft,DebtReductionInc,0.0,4.0,Debt Settlement1 Master,FL,7500-15000,google,www.google.com,Debt Credit Services,Credit services,credit services,http://www.debtreductioninc.com/index12.html,credit_general,302252,1DC,default,1,0
2009-04-08 18:37:39.627,unknown,w-300250-DebtReduction1-2DC-BlueMeter,TopLeft,DebtReductionInc,0.0,0.0,Debt Settlement1 Master,MD,7500-15000,google,www.google.com,Stop Collections,,,http://www.debtreductioninc.com/index8.html,collection,300250,2DC,BlueMeter,1,1
2009-08-25 22:23:12.347,unknown,w-302252-DebtReduction1-1DC-CreditSolutions,TopLeft,DebtReductionInc,5.0,4.0,creditsolutions-branded-shortform,IN,30001-50000,google,search.comcast.net,Credit Card Debt - high volume,Credit card debt law,credit card debt new laws,http://www.debtreductioninc.com/index12.html,credit_general,302252,1DC,CreditSolutions,0,0
2009-08-31 18:34:35.133,unknown,w-302252-DebtReduction1-1DC-CreditSolutions,TopLeft,DebtReductionInc,5.0,5.0,creditsolutions-branded-shortform,IN,30001-50000,google,toolbar.inbox.com,Debt,Debt,,http://www.debtreductioninc.com/index8.html,debt,302252,1DC,CreditSolutions,0,0
2009-04-20 15:14:35.477,unknown,w-300250-DebtReduction1-2DC-CreditSolutions,TopLeft,DebtReductionInc,0.0,0.0,creditsolutions-branded-shortform,MI,15001-20000,google,www.ask.com,Student Debt,Student loan default,student loan default help,http://www.debtreductioninc.com/index8.html,student_debt,300250,2DC,CreditSolutions,1,1
2009-09-28 22:16:34.137,unknown,w-302252-DebtReduction1-1DC-yellowarrow-dark,TopLeft,DebtReductionInc,3.0,2.0,Debt Settlement1 Master,MI,7500-15000,google,www.google.com,Lower_Payments,Credit card payments,www.chase.com creditcards,http://www.debtreductioninc.com/index8.html,lower_payment,302252,1DC,yellowarrow-dark,0,0
2009-04-26 21:39:45.983,unknown,w-300250-DebtReduction1-2DC-CreditSolutions,TopLeft,DebtReductionInc,0.0,0.0,creditsolutions-branded-shortform,MI,More_than_100000,google,www.zimbio.com,Student Debt,,,http://www.debtreductioninc.com/index8.html,student_debt,300250,2DC,CreditSolutions,1,1
2009-08-29 07:07:51.573,unknown,w-302252-DebtReduction1-1DC-yellowarrow-dark,TopLeft,DebtReductionInc,5.0,2.0,Debt Settlement1 Master,MO,7500-15000,google,www.business.com,How,How to fix your credit,,http://www.debtreductioninc.com/index12.html,other,302252,1DC,yellowarrow-dark,0,0
2009-05-14 11:47:18.000,bad,w-302252-DebtReduction1-1DC-CreditSolutions,TopLeft,DebtReductionInc,0.0,0.0,creditsolutions-branded-shortform,PA,7500-15000,adknowledge,webmailb.juno.com,Consolidate,,,http://www.debtreductioninc.com/index8.html,consolidation,302252,1DC,CreditSolutions,1,1
2009-07-08 21:15:15.197,unknown,w-302252-DebtReduction1-1DC-yellowarrow-blue,TopLeft,DebtReductionInc,0.0,4.0,Debt Settlement1 Master,MD,30001-50000,google,wiki.answers.com,Student Debt,,,http://www.debtreductioninc.com/index12.html,student_debt,302252,1DC,yellowarrow-blue,1,0
2009-06-16 17:35:57.000,bad,w-302252-DebtReduction1-1DC,TopLeft,DebtReductionInc,0.0,0.0,Debt Settlement1 Master,MD,7500-15000,google,search6.info.com,Student Debt,Student loan default,,http://www.debtreductioninc.com/index8.html,student_debt,302252,1DC,default,1,1
2009-09-27 20:48:41.137,unknown,w-302252-DebtReduction1-1DC-CreditSolutions,TopLeft,DebtReductionInc,5.0,3.0,creditsolutions-branded-shortform,MD,7500-15000,yahoo,search.yahoo.com,Debt Consolidation,,government help with debt,http://www.debtreductioninc.com/index8.html,consolidation,302252,1DC,CreditSolutions,0,0
2009-06-17 14:35:38.617,unknown,w-302252-DebtReduction1-1DC,TopLeft,DebtReductionInc,0.0,0.0,Debt Settlement1 Master,MD,More_than_100000,google,googleads.g.doubleclick.net,Student Debt,,,http://www.debtreductioninc.com/index8.html,student_debt,302252,1DC,default,1,1
2009-07-23 20:41:42.663,unknown,w-302252-DebtReduction1-1DC-yellowarrow-dark,TopLeft,DebtReductionInc,3.0,3.0,Debt Settlement1 Master,MD,70001-90000,google,www.soyouwanna.com,Student Debt,,,http://www.debtreductioninc.com/index12.html,student_debt,302252,1DC,yellowarrow-dark,0,0
2009-05-05 20:17:38.607,unknown,w-300250-DebtReduction1-1DC-CreditSolutions,TopLeft,DebtReductionInc,0.0,0.0,creditsolutions-branded-shortform,NM,7500-15000,google,www.google.com,Lower Payments,Credit card payments,chase credit card payment,http://www.debtreductioninc.com/index8.html,lower_payment,300250,1DC,CreditSolutions,1,1
2009-04-26 23:17:46.220,unknown,w-300250-DebtReduction1-1DC-Head2,TopLeft,DebtReductionInc,0.0,0.0,Debt Settlement1 Master,NM,50001-70000,yahoo,unknown,Stop Collections,,,http://www.debtreductioninc.com/index8.html,collection,300250,1DC,Head2,1,1
2009-08-05 23:51:21.460,unknown,w-302252-DebtReduction1-1DC-white,TopLeft,DebtReductionInc,5.0,5.0,Debt Settlement1 Master,MD,20001-30000,google,search.mywebsearch.com,Debt,Debt,,http://www.debtreductioninc.com/index8.html,debt,302252,1DC,white,0,0
2009-07-26 11:35:26.470,unknown,w-302252-DebtReduction1-1DC-white,TopLeft,DebtReductionInc,3.0,3.0,Debt Settlement1 Master,MD,30001-50000,google,unknown,Student Debt,,,http://www.debtreductioninc.com/index11.html,student_debt,302252,1DC,white,0,0
2009-04-20 16:17:05.000,bad,w-300250-DebtReduction1-2DC-CreditSolutions,TopLeft,DebtReductionInc,0.0,0.0,creditsolutions-branded-shortform,SD,30001-50000,yahoo,unknown,General Debt,,,http://www.debtreductioninc.com/index8.html,debt,300250,2DC,CreditSolutions,1,1
2009-06-27 14:01:51.233,unknown,w-302252-DebtReduction1-1DC-white,TopLeft,DebtReductionInc,0.0,3.0,Debt Settlement1 Master,MO,7500-15000,yahoo,search.yahoo.com,Debt Services,,debt counseling,http://www.debtreductioninc.com/index8.html,debt,302252,1DC,white,1,0
2009-08-01 18:26:47.027,unknown,w-302252-DebtReduction1-1DC-yellowarrow-blue,TopLeft,DebtReductionInc,3.0,4.0,Debt Settlement1 Master,AR,30001-50000,yahoo,search.yahoo.com,Credit Card Debt,,how to get out of credit card debt,http://www.debtreductioninc.com/index8.html,credit_general,302252,1DC,yellowarrow-blue,0,0
2009-06-11 12:54:11.550,unknown,w-302252-DebtReduction1-1DC-CreditSolutions,TopLeft,DebtReductionInc,0.0,0.0,creditsolutions-branded-shortform,TX,7500-15000,yahoo,wwww23.entry-not-found.com,Bankruptcy,,,http://www.debtreductioninc.com/index8.html,bankrup,302252,1DC,CreditSolutions,1,1
2009-07-30 19:50:58.407,unknown,w-302252-DebtReduction1-1DC-CreditSolutions,TopLeft,DebtReductionInc,5.0,5.0,creditsolutions-branded-shortform,MI,20001-30000,google,www.ehow.com,Credit Card Debt - high volume,,,http://www.debtreductioninc.com/index8.html,credit_general,302252,1DC,CreditSolutions,0,0
2009-07-16 07:19:28.413,unknown,w-302252-DebtReduction1-1DC-CreditSolutions,TopLeft,DebtReductionInc,2.0,3.0,creditsolutions-branded-shortform,CT,7500-15000,adknowledge,webmail.aol.com,Consolidate,,,http://www.debtreductioninc.com/index8.html,consolidation,302252,1DC,CreditSolutions,0,0
2009-05-25 13:50:47.833,unknown,w-302252-DebtReduction1-1DC,TopLeft,DebtReductionInc,0.0,0.0,Debt Settlement1 Master,IL,7500-15000,google,googleads.g.doubleclick.net,Lower Payments,,,http://www.debtreductioninc.com/index8.html,lower_payment,302252,1DC,default,1,1
2009-04-14 13:08:27.767,unknown,w-300250-DebtReduction1-2DC-CreditSolutions,TopLeft,DebtReductionInc,0.0,0.0,creditsolutions-branded-shortform,IL,50001-70000,yahoo,search.yahoo.com,File Bankruptcy,,illinois bankrupcy,http://www.debtreductioninc.com/index8.html,bankrup,300250,2DC,CreditSolutions,1,1
2009-04-11 13:02:54.427,unknown,w-300250-DebtReduction1-1DC-Head3,TopLeft,DebtReductionInc,0.0,0.0,Debt Settlement1 Master,IL,20001-30000,google,googleads.g.doubleclick.net,Debt Reduction,,,http://www.debtreductioninc.com/index8.html,debt,300250,1DC,Head3,1,1
2009-05-12 16:32:38.663,unknown,w-302252-DebtReduction1-1DC,TopLeft,DebtReductionInc,0.0,0.0,Debt Settlement1 Master,TX,70001-90000,google,www.ehow.com,Student Debt,,,http://www.debtreductioninc.com/index8.html,student_debt,302252,1DC,default,1,1
2009-05-27 22:44:28.337,unknown,w-302252-DebtReduction1-1DC-CreditSolutions,TopLeft,DebtReductionInc,0.0,0.0,creditsolutions-branded-shortform,TX,7500-15000,google,www.google.com,How,How to fix credit,how to fix my credit,http://www.debtreductioninc.com/index12.html,other,302252,1DC,CreditSolutions,1,1
2009-06-16 18:50:59.000,bad,w-302252-DebtReduction1-1DC,TopLeft,DebtReductionInc,0.0,0.0,Debt Settlement1 Master,ND,More_than_100000,google,www.wisegeek.com,Credit Card Debt - high volume,,,http://www.debtreductioninc.com/index8.html,credit_general,302252,1DC,default,1,1
2009-06-16 18:49:42.460,unknown,w-302252-DebtReduction1-1DC-CreditSolutions,TopLeft,DebtReductionInc,0.0,0.0,creditsolutions-branded-shortform,TX,15001-20000,yahoo,search.yahoo.com,Bankruptcy - high volume,,how can i file for bankruptcy for free,http://www.debtreductioninc.com/index8.html,bankrup,302252,1DC,CreditSolutions,1,1
2009-05-16 00:00:00.000,good,w-302252-DebtReduction1-1DC,TopLeft,DebtReductionInc,0.0,0.0,Debt Settlement1 Master,FL,30001-50000,yahoo,unknown,Debt Credit Services,,,http://www.debtreductioninc.com/index8.html,credit_general,302252,1DC,default,1,1
2009-05-16 08:46:26.867,unknown,w-302252-DebtReduction1-1DC-white,TopLeft,DebtReductionInc,0.0,0.0,Debt Settlement1 Master,FL,30001-50000,yahoo,unknown,Debt Credit Services,,,http://www.debtreductioninc.com/index8.html,credit_general,302252,1DC,white,1,1
2009-04-07 10:49:51.987,unknown,w-300250-DebtReduction1-1DC-Head2,TopLeft,DebtReductionInc,0.0,0.0,Debt Settlement1 Master,IA,15001-20000,yahoo,ww15.sitefindservice.net,Debt Consolidation,,,http://www.debtreductioninc.com/index8.html,consolidation,300250,1DC,Head2,1,1
2009-06-02 13:44:51.000,bad,w-302252-DebtReduction1-1DC-white,TopLeft,DebtReductionInc,0.0,0.0,Debt Settlement1 Master,FL,20001-30000,google,womeninbusiness.about.com,How,debt,,http://www.debtreductioninc.com/index8.html,other,302252,1DC,white,1,1
2009-06-06 00:00:00.000,closed,w-302252-DebtReduction1-1DC-white,TopLeft,DebtReductionInc,0.0,0.0,Debt Settlement1 Master,CA,20001-30000,yahoo,search.yahoo.com,Debt Consolidation,,government debt consolidation,http://www.debtreductioninc.com/index8.html,consolidation,302252,1DC,white,1,1
2009-04-08 14:48:40.693,unknown,w-300250-DebtReduction1-1DC-Head3,TopLeft,DebtReductionInc,0.0,0.0,Debt Settlement1 Master,CA,20001-30000,yahoo,search.yahoo.com,Student Debt,,credit card crisis,http://www.debtreductioninc.com/index8.html,student_debt,300250,1DC,Head3,1,1
2009-04-27 21:08:41.593,unknown,w-300250-DebtReduction1-1DC-Head2,TopLeft,DebtReductionInc,0.0,0.0,Debt Settlement1 Master,CA,20001-30000,yahoo,search.netzero.net,Debt Reduction,,,http://www.debtreductioninc.com/index8.html,debt,300250,1DC,Head2,1,1
2009-06-16 09:34:46.217,unknown,w-302252-DebtReduction1-1DC,TopLeft,DebtReductionInc,0.0,0.0,Debt Settlement1 Master,AL,15001-20000,google,www.google.com,Lower Payments,,GE Money Bank Online Services,http://www.debtreductioninc.com/index12.html,lower_payment,302252,1DC,default,1,1
2009-09-19 23:03:32.270,unknown,w-302252-DebtReduction1-1DC-CreditSolutions,TopLeft,DebtReductionInc,2.0,4.0,creditsolutions-branded-shortform,NY,70001-90000,yahoo,helpersdebt.com,Debt Reduction,,,http://www.debtreductioninc.com/index8.html,debt,302252,1DC,CreditSolutions,0,0
2009-07-10 12:09:51.000,bad,w-302252-DebtReduction1-1DC-CreditSolutions,TopLeft,DebtReductionInc,0.0,5.0,creditsolutions-branded-shortform,AZ,7500-15000,google,www.webcrawler.com,Lower Payments,Credit card payments,,http://www.debtreductioninc.com/index8.html,lower_payment,302252,1DC,CreditSolutions,1,0
2009-06-28 23:46:42.097,unknown,w-302252-DebtReduction1-1DC,TopLeft,DebtReductionInc,0.0,2.0,Debt Settlement1 Master,OK,7500-15000,yahoo,unknown,Student Debt,,,http://www.debtreductioninc.com/index8.html,student_debt,302252,1DC,default,1,0
2009-07-08 13:12:28.830,unknown,w-302252-DebtReduction1-1DC-white,TopLeft,DebtReductionInc,0.0,5.0,Debt Settlement1 Master,NM,15001-20000,google,unknown,Student Debt,,,http://www.debtreductioninc.com/index11.html,student_debt,302252,1DC,white,1,0
2009-06-12 10:24:02.663,unknown,w-302252-DebtReduction1-1DC-CreditSolutions,TopLeft,DebtReductionInc,0.0,0.0,creditsolutions-branded-shortform,AZ,7500-15000,google,unknown,Student Debt,,,http://www.debtreductioninc.com/index11.html,student_debt,302252,1DC,CreditSolutions,1,1
2009-05-08 12:12:22.910,unknown,w-302252-DebtReduction1-1DC-CreditSolutions,TopLeft,DebtReductionInc,0.0,0.0,creditsolutions-branded-shortform,NY,30001-50000,google,www.google.com,Holding Tank - Debt,Rbt com,rbt.com,http://www.debtreductioninc.com/index8.html,debt,302252,1DC,CreditSolutions,1,1
2009-04-11 00:00:00.000,closed,w-300250-DebtReduction1-2DC-BlueMeter,TopLeft,DebtReductionInc,0.0,0.0,Debt Settlement1 Master,VA,7500-15000,adknowledge,us.mg2.mail.yahoo.com,Consolidate,,,http://www.debtreductioninc.com/index8.html,consolidation,300250,2DC,BlueMeter,1,1
2009-07-17 15:14:20.900,unknown,w-302252-DebtReduction1-1DC-white,TopLeft,DebtReductionInc,5.0,5.0,Debt Settlement1 Master,IL,50001-70000,yahoo,www.getoutofdebttoday.com,General Debt,,,http://www.debtreductioninc.com/index8.html,debt,302252,1DC,white,0,0
2009-08-29 13:13:51.913,unknown,w-302252-DebtReduction1-1DC-white,TopLeft,DebtReductionInc,1.0,4.0,Debt Settlement1 Master,WV,15001-20000,google,www.google.com,Lower Payments,Lower monthly bills,lower my monthly bills,http://www.debtreductioninc.com/index8.html,lower_payment,302252,1DC,white,0,0
2009-05-23 10:42:04.317,unknown,w-302252-DebtReduction1-1DC-CreditSolutions,TopLeft,DebtReductionInc,0.0,0.0,creditsolutions-branded-shortform,IL,7500-15000,google,www.ask.com,How,How to reduce credit card payments,how can you reduce your credit card payments,http://www.debtreductioninc.com/index8.html,other,302252,1DC,CreditSolutions,1,1
2009-09-30 19:18:21.497,unknown,w-302252-DebtReduction1-1DC-yellowarrow-dark,TopLeft,DebtReductionInc,5.0,5.0,Debt Settlement1 Master,WV,15001-20000,yahoo,search.yahoo.com,Credit Card Consolidation,,debt consolidation,http://www.debtreductioninc.com/index8.html,credit_general,302252,1DC,yellowarrow-dark,0,0
2009-04-16 20:13:08.190,unknown,w-300250-DebtReduction1-2DC-CreditSolutions,TopLeft,DebtReductionInc,0.0,0.0,creditsolutions-branded-shortform,NY,15001-20000,google,aim.search.aol.com,Loan Default,Loan default help,Sallie Mae defaulted loan help,http://www.debtreductioninc.com/index8.html,loan,300250,2DC,CreditSolutions,1,1
2009-08-29 11:47:42.000,bad,w-302252-DebtReduction1-1DC-yellowarrow-dark,TopLeft,DebtReductionInc,5.0,5.0,Debt Settlement1 Master,NY,15001-20000,google,unknown,Loan Default,Loan default help,,http://www.debtreductioninc.com/index8.html,loan,302252,1DC,yellowarrow-dark,0,0
2009-08-27 04:18:04.383,unknown,w-302252-DebtReduction1-1DC-white,TopLeft,DebtReductionInc,4.0,4.0,Debt Settlement1 Master,MD,7500-15000,yahoo,search.yahoo.com,Debt Program,,us government debt relief program,http://www.debtreductioninc.com/index8.html,debt,302252,1DC,white,0,0
2009-06-03 20:36:29.947,unknown,w-302252-DebtReduction1-1DC-CreditSolutions,TopLeft,DebtReductionInc,0.0,0.0,creditsolutions-branded-shortform,MD,70001-90000,yahoo,search.yahoo.com,Lower Payments,,how to reduce monthly payments,http://www.debtreductioninc.com/index8.html,lower_payment,302252,1DC,CreditSolutions,1,1
2009-05-27 20:58:29.323,unknown,w-302252-DebtReduction1-1DC-white,TopLeft,DebtReductionInc,0.0,0.0,Debt Settlement1 Master,TX,7500-15000,yahoo,search.yahoo.com,General Debt - high volume,,government debt solution,http://www.debtreductioninc.com/index8.html,debt,302252,1DC,white,1,1
2009-06-13 15:50:01.650,unknown,w-302252-DebtReduction1-1DC-CreditSolutions,TopLeft,DebtReductionInc,0.0,0.0,creditsolutions-branded-shortform,TX,15001-20000,google,www.ask.com,Holding Tank - Debt,Debt cures,debt cures,http://www.debtreductioninc.com/index8.html,debt,302252,1DC,CreditSolutions,1,1
2009-07-07 22:56:31.700,unknown,w-302252-DebtReduction1-1DC-CreditSolutions,TopLeft,DebtReductionInc,0.0,2.0,creditsolutions-branded-shortform,TX,15001-20000,yahoo,unknown,Credit Card Consolidation,,,http://www.debtreductioninc.com/index8.html,credit_general,302252,1DC,CreditSolutions,1,0
2009-05-26 20:18:37.620,unknown,w-302252-DebtReduction1-1DC-CreditSolutions,TopLeft,DebtReductionInc,0.0,0.0,creditsolutions-branded-shortform,TX,50001-70000,google,www.google.com,Holding Tank - Debt,National debt initiative program,national debt initiative program,http://www.debtreductioninc.com/index8.html,debt,302252,1DC,CreditSolutions,1,1
2009-06-07 12:31:59.577,unknown,w-302252-DebtReduction1-1DC-CreditSolutions,TopLeft,DebtReductionInc,0.0,0.0,creditsolutions-branded-shortform,TX,15001-20000,google,search.conduit.com,How,How to fix credit,do it yourself credit repair,http://www.debtreductioninc.com/index12.html,other,302252,1DC,CreditSolutions,1,1
2009-04-23 04:19:00.000,bad,w-300250-DebtReduction1-1DC,TopLeft,DebtReductionInc,0.0,0.0,Debt Settlement1 Master,TX,15001-20000,yahoo,unknown,Debt Reduction,,,http://www.debtreductioninc.com/index8.html,debt,300250,1DC,default,1,1
2009-09-13 00:00:00.000,good,w-302252-DebtReduction1-1DC-yellowarrow,TopLeft,DebtReductionInc,5.0,3.0,Debt Settlement1 Master,FL,20001-30000,google,www.doityourself.com,Credit Card Debt - high volume,,,http://www.debtreductioninc.com/index8.html,credit_general,302252,1DC,yellowarrow,0,0
2009-06-07 05:39:18.000,bad,w-302252-DebtReduction1-1DC-white,TopLeft,DebtReductionInc,0.0,0.0,Debt Settlement1 Master,TX,70001-90000,google,www.google.com,Debt Reduction,Education debt reduction program,education debt reduction program,http://www.debtreductioninc.com/index8.html,debt,302252,1DC,white,1,1
2009-08-03 14:03:34.980,unknown,w-302252-DebtReduction1-1DC-white,TopLeft,DebtReductionInc,5.0,5.0,Debt Settlement1 Master,TX,7500-15000,google,www.google.com,Holding Tank - Debt,True debt advisor,true debt advisor scam,http://www.debtreductioninc.com/index8.html,debt,302252,1DC,white,0,0
2009-07-21 21:51:53.847,unknown,w-302252-DebtReduction1-1DC-white,TopLeft,DebtReductionInc,5.0,5.0,Debt Settlement1 Master,FL,7500-15000,google,www.google.com,Loan Default,Loan default help,student loan default assistance,http://www.debtreductioninc.com/index8.html,loan,302252,1DC,white,0,0
2009-07-26 04:48:27.307,unknown,w-302252-DebtReduction1-1DC-CreditSolutions,TopLeft,DebtReductionInc,5.0,2.0,creditsolutions-branded-shortform,TX,7500-15000,google,unknown,Student Debt,,,http://www.debtreductioninc.com/index11.html,student_debt,302252,1DC,CreditSolutions,0,0
2009-08-10 18:22:22.000,bad,w-302252-DebtReduction1-1DC-CreditSolutions,TopLeft,DebtReductionInc,5.0,2.0,creditsolutions-branded-shortform,TX,20001-30000,yahoo,search.yahoo.com,Debt Program,,national debt initiative program,http://www.debtreductioninc.com/index8.html,debt,302252,1DC,CreditSolutions,0,0
2009-06-28 09:27:46.037,unknown,w-302252-DebtReduction1-1DC-CreditSolutions,TopLeft,DebtReductionInc,0.0,3.0,creditsolutions-branded-shortform,TX,70001-90000,google,unknown,Holding Tank - Debt,American debt,,http://www.debtreductioninc.com/index8.html,debt,302252,1DC,CreditSolutions,1,0
2009-04-07 20:34:48.003,unknown,w-300250-DebtReduction1-1DC-Head2,TopLeft,DebtReductionInc,0.0,0.0,Debt Settlement1 Master,FL,15001-20000,adknowledge,us.mc01g.mail.yahoo.com,Consolidate,,,http://www.debtreductioninc.com/index8.html,consolidation,300250,1DC,Head2,1,1
2009-07-03 00:00:00.000,good,w-302252-DebtReduction1-1DC-yellowarrow-dark,TopLeft,DebtReductionInc,0.0,5.0,Debt Settlement1 Master,FL,20001-30000,yahoo,search.yahoo.com,General Debt,,consumer debt advocate/apply 2 save,http://www.debtreductioninc.com/index8.html,debt,302252,1DC,yellowarrow-dark,1,0
2009-06-30 20:05:13.000,bad,w-302252-DebtReduction1-1DC-CreditSolutions,TopLeft,DebtReductionInc,0.0,2.0,creditsolutions-branded-shortform,OK,20001-30000,yahoo,search.yahoo.com,Lower Payments,,how to reduce car payment,http://www.debtreductioninc.com/index8.html,lower_payment,302252,1DC,CreditSolutions,1,0
2009-06-23 00:00:00.000,good,w-302252-DebtReduction1-1DC-yellowarrow-blue,TopLeft,DebtReductionInc,0.0,0.0,Debt Settlement1 Master,MO,30001-50000,yahoo,search.yahoo.com,Credit Card Debt (LV),,end credit card debt,http://www.debtreductioninc.com/index8.html,credit_general,302252,1DC,yellowarrow-blue,1,1
2009-04-08 20:12:38.727,unknown,w-300250-DebtReduction1-1DC,TopLeft,DebtReductionInc,0.0,0.0,Debt Settlement1 Master,MO,7500-15000,yahoo,search.yahoo.com,Loan Default,,cash loan defaul help,http://www.debtreductioninc.com/index8.html,loan,300250,1DC,default,1,1
2009-08-17 21:29:02.000,bad,w-302252-DebtReduction1-1DC-CreditSolutions,TopLeft,DebtReductionInc,5.0,5.0,creditsolutions-branded-shortform,IL,15001-20000,yahoo,www.getoutofdebt.com,Get Out Of Debt,,,http://www.debtreductioninc.com/index8.html,debt,302252,1DC,CreditSolutions,0,0
2009-04-26 07:47:50.120,unknown,w-300250-DebtReduction1-2DC-BlueMeter,TopLeft,DebtReductionInc,0.0,0.0,Debt Settlement1 Master,IL,20001-30000,yahoo,search.yahoo.com,General Debt,,federal debt relief system,http://www.debtreductioninc.com/index8.html,debt,300250,2DC,BlueMeter,1,1
2009-04-30 15:41:30.510,unknown,w-300250-DebtReduction1-1DC-BlueMeter,TopLeft,DebtReductionInc,0.0,0.0,Debt Settlement1 Master,TX,7500-15000,yahoo,search.yahoo.com,Credit Card Debt,,eliminate credit card debt legally,http://www.debtreductioninc.com/index8.html,credit_general,300250,1DC,BlueMeter,1,1
2009-07-23 00:00:00.000,closed,w-302252-DebtReduction1-1DC,TopLeft,DebtReductionInc,5.0,3.0,Debt Settlement1 Master,CA,50001-70000,google,www.fastbrowsersearch.com,Debt,Debt,,http://www.debtreductioninc.com/index8.html,debt,302252,1DC,default,0,0
2009-07-21 00:00:00.000,closed,w-302252-DebtReduction1-1DC-CreditSolutions,TopLeft,DebtReductionInc,5.0,5.0,creditsolutions-branded-shortform,TX,70001-90000,google,googleads.g.doubleclick.net,Debt Reduction,,,http://www.debtreductioninc.com/index8.html,debt,302252,1DC,CreditSolutions,0,0
2009-05-13 22:56:40.677,unknown,w-302252-DebtReduction1-1DC,TopLeft,DebtReductionInc,0.0,0.0,Debt Settlement1 Master,TX,7500-15000,adknowledge,us.mg2.mail.yahoo.com,Consolidate,,,http://www.debtreductioninc.com/index8.html,consolidation,302252,1DC,default,1,1
2009-07-29 07:24:06.613,unknown,w-302252-DebtReduction1-1DC-CreditSolutions,TopLeft,DebtReductionInc,5.0,5.0,creditsolutions-branded-shortform,OK,20001-30000,google,googleads.g.doubleclick.net,Credit Card Debt - high volume,,,http://www.debtreductioninc.com/index8.html,credit_general,302252,1DC,CreditSolutions,0,0
2009-09-16 21:45:52.223,unknown,w-302252-DebtReduction1-1DC-white,TopLeft,DebtReductionInc,5.0,5.0,Debt Settlement1 Master,OK,30001-50000,yahoo,search.yahoo.com,Credit Card Consolidation,,debt consolidation,http://www.debtreductioninc.com/index8.html,credit_general,302252,1DC,white,0,0
2009-08-10 20:42:18.313,unknown,w-302252-DebtReduction1-1DC-CreditSolutions,TopLeft,DebtReductionInc,5.0,2.0,creditsolutions-branded-shortform,AL,7500-15000,yahoo,search.yahoo.com,Debt Consolidation,,need help with debt consolidation,http://www.debtreductioninc.com/index8.html,consolidation,302252,1DC,CreditSolutions,0,0
2009-07-23 21:46:41.323,unknown,w-302252-DebtReduction1-1DC-CreditSolutions,TopLeft,DebtReductionInc,5.0,2.0,creditsolutions-branded-shortform,AL,30001-50000,yahoo,search.yahoo.com,Debt Consolidation,,government backed debt consolidatiom,http://www.debtreductioninc.com/index8.html,consolidation,302252,1DC,CreditSolutions,0,0
2009-09-28 10:47:37.303,unknown,w-302252-DebtReduction1-1DC-CreditSolutions,TopLeft,DebtReductionInc,5.0,4.0,creditsolutions-branded-shortform,FL,70001-90000,yahoo,search.yahoo.com,Credit Card Consolidation,,debt consolidation,http://www.debtreductioninc.com/index8.html,credit_general,302252,1DC,CreditSolutions,0,0
2009-05-05 15:07:41.807,unknown,w-300250-DebtReduction1-1DC-CreditSolutions,TopLeft,DebtReductionInc,0.0,0.0,creditsolutions-branded-shortform,FL,7500-15000,yahoo,search.yahoo.com,Debt Consolidation,,government consolidation loans,http://www.debtreductioninc.com/index8.html,consolidation,300250,1DC,CreditSolutions,1,1
2009-04-07 21:38:47.577,unknown,w-300250-DebtReduction1-1DC,TopLeft,DebtReductionInc,0.0,0.0,Debt Settlement1 Master,FL,15001-20000,google,search1.info.com,Holding Tank - Debt,Debts,,http://www.debtreductioninc.com/index8.html,debt,300250,1DC,default,1,1
2009-04-24 10:00:19.933,unknown,w-300250-DebtReduction1-2DC-BlueMeter,TopLeft,DebtReductionInc,0.0,0.0,Debt Settlement1 Master,FL,90000-100000,google,www.google.com,Holding Tank - Debt,Debt reduction calculator,debt reduction calculator,http://www.debtreductioninc.com/index8.html,debt,300250,2DC,BlueMeter,1,1
2009-07-27 00:02:22.090,unknown,w-302252-DebtReduction1-1DC-CreditSolutions,TopLeft,DebtReductionInc,5.0,5.0,creditsolutions-branded-shortform,LA,30001-50000,google,www.soyouwanna.com,Student Debt,,,http://www.debtreductioninc.com/index12.html,student_debt,302252,1DC,CreditSolutions,0,0
2009-05-31 09:37:58.903,unknown,w-302252-DebtReduction1-1DC-white,TopLeft,DebtReductionInc,0.0,0.0,Debt Settlement1 Master,LA,20001-30000,yahoo,search.yahoo.com,General Debt - high volume,,debt collection,http://www.debtreductioninc.com/index8.html,debt,302252,1DC,white,1,1
2009-04-25 09:16:11.950,unknown,w-300250-DebtReduction1-2DC-CreditSolutions,TopLeft,DebtReductionInc,0.0,0.0,creditsolutions-branded-shortform,NY,30001-50000,yahoo,directory.ConsumerOnly.com,Chapter 7 Bankruptcy,,,http://www.debtreductioninc.com/index8.html,bankrup,300250,2DC,CreditSolutions,1,1
2009-06-30 00:23:18.000,bad,w-302252-DebtReduction1-1DC-yellowarrow-blue,TopLeft,DebtReductionInc,0.0,3.0,Debt Settlement1 Master,VA,30001-50000,google,www.google.com,Holding Tank - Debt,American debt specialists,american debt specialists,http://www.debtreductioninc.com/index8.html,debt,302252,1DC,yellowarrow-blue,1,0
2009-07-14 18:57:30.687,unknown,w-302252-DebtReduction1-1DC-yellowarrow-blue,TopLeft,DebtReductionInc,5.0,5.0,Debt Settlement1 Master,VA,70001-90000,google,ezinearticles.com,Credit Card Debt - high volume,,,http://www.debtreductioninc.com/index8.html,credit_general,302252,1DC,yellowarrow-blue,0,0
2009-09-24 23:59:01.410,unknown,w-302252-DebtReduction1-1DC-yellowarrow,TopLeft,DebtReductionInc,5.0,5.0,Debt Settlement1 Master,VA,7500-15000,yahoo,search.yahoo.com,Credit Card Consolidation,,free debt consolidation,http://www.debtreductioninc.com/index8.html,credit_general,302252,1DC,yellowarrow,0,0
2009-09-07 10:44:53.050,unknown,w-302252-DebtReduction1-1DC-yellowarrow,TopLeft,DebtReductionInc,5.0,5.0,Debt Settlement1 Master,VA,20001-30000,google,www.crawler.com,Holding Tank - Debt,Credit counselor,creditconceling,http://www.debtreductioninc.com/index8.html,debt,302252,1DC,yellowarrow,0,0
2009-05-08 09:58:23.667,unknown,w-302252-DebtReduction1-1DC,TopLeft,DebtReductionInc,0.0,0.0,Debt Settlement1 Master,VA,20001-30000,yahoo,search.yahoo.com,Chapter 7 Bankruptcy,,bankruptcy laws,http://www.debtreductioninc.com/index8.html,bankrup,302252,1DC,default,1,1
2009-05-17 08:37:18.950,unknown,w-302252-DebtReduction1-1DC-CreditSolutions,TopLeft,DebtReductionInc,0.0,0.0,creditsolutions-branded-shortform,VA,20001-30000,yahoo,www.findstuff.com,Debt Consolidation,,,http://www.debtreductioninc.com/index8.html,consolidation,302252,1DC,CreditSolutions,1,1
2009-05-31 03:37:00.980,unknown,w-302252-DebtReduction1-1DC,TopLeft,DebtReductionInc,0.0,0.0,Debt Settlement1 Master,VA,20001-30000,google,unknown,Credit Card Debt - high volume,,,http://www.debtreductioninc.com/index8.html,credit_general,302252,1DC,default,1,1
2009-09-01 00:00:00.000,good,w-302252-DebtReduction1-1DC-CreditSolutions,TopLeft,DebtReductionInc,5.0,5.0,creditsolutions-branded-shortform,AZ,15001-20000,yahoo,search.yahoo.com,Debt Consolidation,,government debt consolidation,http://www.debtreductioninc.com/index8.html,consolidation,302252,1DC,CreditSolutions,0,0
2009-08-11 00:30:19.737,unknown,w-302252-DebtReduction1-1DC-yellowarrow-dark,TopLeft,DebtReductionInc,5.0,4.0,Debt Settlement1 Master,AZ,7500-15000,google,www.buzzle.com,Credit Card Debt - high volume,,,http://www.debtreductioninc.com/index8.html,credit_general,302252,1DC,yellowarrow-dark,0,0
2009-05-06 17:12:21.000,bad,w-300250-DebtReduction1-1DC,TopLeft,DebtReductionInc,0.0,0.0,Debt Settlement1 Master,NE,30001-50000,google,www.google.com,Student Debt,Student loan default,help with repayment of student loans in default,http://www.debtreductioninc.com/index8.html,student_debt,300250,1DC,default,1,1
2009-05-05 12:57:40.597,unknown,w-300250-DebtReduction1-2DC-BlueMeter,TopLeft,DebtReductionInc,0.0,0.0,Debt Settlement1 Master,CA,20001-30000,google,www.google.com,Holding Tank - Debt,American debt resources,AMERICAN DEBT RESOURCES,http://www.debtreductioninc.com/index8.html,debt,300250,2DC,BlueMeter,1,1
2009-04-24 07:33:20.823,unknown,w-300250-DebtReduction1-1DC-BlueMeter,TopLeft,DebtReductionInc,0.0,0.0,Debt Settlement1 Master,VA,30001-50000,google,www.mcall.com,Credit Card Debt - high volume,,,http://www.debtreductioninc.com/index8.html,credit_general,300250,1DC,BlueMeter,1,1
2009-04-25 22:22:52.633,unknown,w-300250-DebtReduction1-1DC-Head2,TopLeft,DebtReductionInc,0.0,0.0,Debt Settlement1 Master,MD,30001-50000,yahoo,unknown,Debt Consolidation,,,http://www.debtreductioninc.com/index8.html,consolidation,300250,1DC,Head2,1,1
2009-06-16 22:26:41.557,unknown,w-302252-DebtReduction1-1DC-CreditSolutions,TopLeft,DebtReductionInc,0.0,0.0,creditsolutions-branded-shortform,NV,50001-70000,yahoo,search.yahoo.com,Debt Consolidation - high volume,,,http://www.debtreductioninc.com/index8.html,consolidation,302252,1DC,CreditSolutions,1,1
2009-05-13 01:13:35.830,unknown,w-302252-DebtReduction1-1DC-CreditSolutions,TopLeft,DebtReductionInc,0.0,0.0,creditsolutions-branded-shortform,AZ,7500-15000,yahoo,search.yahoo.com,Stop Collections,,fdcpa laws debt collection practices,http://www.debtreductioninc.com/index8.html,collection,302252,1DC,CreditSolutions,1,1
2009-04-29 21:16:26.473,unknown,w-300250-DebtReduction1-1DC-Head3,TopLeft,DebtReductionInc,0.0,0.0,Debt Settlement1 Master,LA,More_than_100000,yahoo,search.yahoo.com,Lower Payments,,how to reduce mortage,http://www.debtreductioninc.com/index8.html,lower_payment,300250,1DC,Head3,1,1
2009-07-09 23:20:05.967,unknown,w-302252-DebtReduction1-1DC-white,TopLeft,DebtReductionInc,0.0,3.0,Debt Settlement1 Master,NV,7500-15000,google,www.ehow.com,Student Debt,,,http://www.debtreductioninc.com/index8.html,student_debt,302252,1DC,white,1,0
2009-08-29 00:00:00.000,closed,w-302252-DebtReduction1-1DC-yellowarrow,TopLeft,DebtReductionInc,5.0,4.0,Debt Settlement1 Master,NV,15001-20000,google,www.google.com,Holding Tank - Debt,Debtrescueusa,debtrescueusa.com,http://www.debtreductioninc.com/index8.html,debt,302252,1DC,yellowarrow,0,0
2009-06-27 07:52:52.617,unknown,w-302252-DebtReduction1-1DC-CreditSolutions,TopLeft,DebtReductionInc,0.0,3.0,creditsolutions-branded-shortform,VA,7500-15000,yahoo,search.yahoo.com,General Debt,,government debt relief,http://www.debtreductioninc.com/index8.html,debt,302252,1DC,CreditSolutions,1,0
2009-04-30 21:17:26.243,unknown,w-300250-DebtReduction1-1DC-BlueMeter,TopLeft,DebtReductionInc,0.0,0.0,Debt Settlement1 Master,VA,30001-50000,google,www.google.com,Loan Default,Loans in default,student loans in default and i want to go back to school,http://www.debtreductioninc.com/index8.html,loan,300250,1DC,BlueMeter,1,1
2009-08-29 20:33:47.913,unknown,w-302252-DebtReduction1-1DC-CreditSolutions,TopLeft,DebtReductionInc,5.0,5.0,creditsolutions-branded-shortform,AZ,30001-50000,yahoo,search.yahoo.com,Debt Consolidation,,goverment help with debt,http://www.debtreductioninc.com/index8.html,consolidation,302252,1DC,CreditSolutions,0,0
2009-04-28 22:45:36.067,unknown,w-300250-DebtReduction1-1DC-BlueMeter,TopLeft,DebtReductionInc,0.0,0.0,Debt Settlement1 Master,MI,30001-50000,google,googleads.g.doubleclick.net,Credit Card Debt - high volume,,http://www.mycalculators.com,http://www.debtreductioninc.com/index8.html,credit_general,300250,1DC,BlueMeter,1,1
2009-05-01 01:33:25.917,unknown,w-300250-DebtReduction1-1DC-Head3,TopLeft,DebtReductionInc,0.0,0.0,Debt Settlement1 Master,CA,7500-15000,yahoo,search.yahoo.com,Debt Consolidation,,debt consolidation for secured debt,http://www.debtreductioninc.com/index8.html,consolidation,300250,1DC,Head3,1,1
2009-07-13 12:16:37.220,unknown,w-302252-DebtReduction1-1DC-CreditSolutions,TopLeft,DebtReductionInc,5.0,4.0,creditsolutions-branded-shortform,VA,20001-30000,google,www.webcrawler.com,Lower Payments,Credit card payments,,http://www.debtreductioninc.com/index8.html,lower_payment,302252,1DC,CreditSolutions,0,0
2009-05-26 08:30:41.370,unknown,w-302252-DebtReduction1-1DC,TopLeft,DebtReductionInc,0.0,0.0,Debt Settlement1 Master,NV,More_than_100000,google,ezinearticles.com,Student Debt,,,http://www.debtreductioninc.com/index8.html,student_debt,302252,1DC,default,1,1
2009-06-19 18:28:28.000,bad,w-302252-DebtReduction1-1DC-CreditSolutions,TopLeft,DebtReductionInc,0.0,0.0,creditsolutions-branded-shortform,NV,50001-70000,yahoo,search.yahoo.com,Debt Consolidation (LV),,federal debt consolidation,http://www.debtreductioninc.com/index8.html,consolidation,302252,1DC,CreditSolutions,1,1
2009-06-16 23:22:41.220,unknown,w-302252-DebtReduction1-1DC-CreditSolutions,TopLeft,DebtReductionInc,0.0,0.0,creditsolutions-branded-shortform,NV,15001-20000,yahoo,www.findstuff.com,Debt Consolidation,,,http://www.debtreductioninc.com/index8.html,consolidation,302252,1DC,CreditSolutions,1,1
2009-06-05 13:33:51.000,bad,w-302252-DebtReduction1-1DC-CreditSolutions,TopLeft,DebtReductionInc,0.0,0.0,creditsolutions-branded-shortform,NV,70001-90000,yahoo,finder.cox.net,Bankruptcy - high volume,,,http://www.debtreductioninc.com/index8.html,bankrup,302252,1DC,CreditSolutions,1,1
2009-04-19 10:20:45.977,unknown,w-300250-DebtReduction1-1DC-Head2,TopLeft,DebtReductionInc,0.0,0.0,Debt Settlement1 Master,CA,70001-90000,google,www.google.com,Holding Tank - Debt,Debt cures,debt cures,http://www.debtreductioninc.com/index8.html,debt,300250,1DC,Head2,1,1
2009-06-23 10:16:52.927,unknown,w-302252-DebtReduction1-1DC-yellowarrow-blue,TopLeft,DebtReductionInc,0.0,0.0,Debt Settlement1 Master,AR,7500-15000,google,financialplan.about.com,Credit Card Debt - high volume,,,http://www.debtreductioninc.com/index8.html,credit_general,302252,1DC,yellowarrow-blue,1,1
2009-04-18 09:07:54.857,unknown,w-300250-DebtReduction1-2DC-CreditSolutions,TopLeft,DebtReductionInc,0.0,0.0,creditsolutions-branded-shortform,CA,70001-90000,yahoo,search.yahoo.com,File Bankruptcy,,self file bankruptcy forms in california,http://www.debtreductioninc.com/index8.html,bankrup,300250,2DC,CreditSolutions,1,1
2009-06-12 00:00:00.000,closed,w-302252-DebtReduction1-1DC-CreditSolutions,TopLeft,DebtReductionInc,0.0,0.0,creditsolutions-branded-shortform,VA,More_than_100000,yahoo,us.yhs.search.yahoo.com,General Debt,,debtfree.com,http://www.debtreductioninc.com/index8.html,debt,302252,1DC,CreditSolutions,1,1
2009-05-23 22:35:00.830,unknown,w-302252-DebtReduction1-1DC-CreditSolutions,TopLeft,DebtReductionInc,0.0,0.0,creditsolutions-branded-shortform,NE,7500-15000,google,ad.doubleclick.net,Credit Card Debt - high volume,,,http://www.debtreductioninc.com/index8.html,credit_general,302252,1DC,CreditSolutions,1,1
2009-06-15 14:40:04.000,bad,w-302252-DebtReduction1-1DC,TopLeft,DebtReductionInc,0.0,0.0,Debt Settlement1 Master,LA,7500-15000,yahoo,us.yhs.search.yahoo.com,Get Out Of Debt,,get rid of debt problems,http://www.debtreductioninc.com/index8.html,debt,302252,1DC,default,1,1
2009-06-02 18:46:39.830,unknown,w-302252-DebtReduction1-1DC,TopLeft,DebtReductionInc,0.0,0.0,Debt Settlement1 Master,OK,30001-50000,adknowledge,us.mc827.mail.yahoo.com,Consolidate,,,http://www.debtreductioninc.com/index8.html,consolidation,302252,1DC,default,1,1
2009-04-14 07:59:29.850,unknown,w-300250-DebtReduction1-1DC-Head2,TopLeft,DebtReductionInc,0.0,0.0,Debt Settlement1 Master,LA,50001-70000,google,www.google.com,Holding Tank - Debt,Debt cures,debt cures,http://www.debtreductioninc.com/index8.html,debt,300250,1DC,Head2,1,1
2009-09-01 21:12:28.883,unknown,w-302252-DebtReduction1-1DC-yellowarrow-dark,TopLeft,DebtReductionInc,1.0,5.0,Debt Settlement1 Master,OK,7500-15000,yahoo,search.yahoo.com,Get Out Of Debt,,how to get debt free,http://www.debtreductioninc.com/index8.html,debt,302252,1DC,yellowarrow-dark,0,0
2009-09-29 14:52:46.000,bad,w-302252-DebtReduction1-1DC-yellowarrow-blue,TopLeft,DebtReductionInc,2.0,4.0,Debt Settlement1 Master,NY,7500-15000,google,searchportal.information.com,Lower_Payments,Credit card payments,,http://www.debtreductioninc.com/index8.html,lower_payment,302252,1DC,yellowarrow-blue,0,0
2009-06-07 16:48:58.680,unknown,w-302252-DebtReduction1-1DC-white,TopLeft,DebtReductionInc,0.0,0.0,Debt Settlement1 Master,AZ,7500-15000,yahoo,search.yahoo.com,Get Out Of Debt,,how to get out of debt quickly,http://www.debtreductioninc.com/index8.html,debt,302252,1DC,white,1,1
2009-07-18 14:32:35.000,bad,w-302252-DebtReduction1-1DC-yellowarrow-blue,TopLeft,DebtReductionInc,3.0,2.0,Debt Settlement1 Master,FL,7500-15000,google,www.google.com,Lower Payments,Lower monthly bills,lower monthly bills,http://www.debtreductioninc.com/index8.html,lower_payment,302252,1DC,yellowarrow-blue,0,0
2009-05-31 17:23:56.463,unknown,w-302252-DebtReduction1-1DC-CreditSolutions,TopLeft,DebtReductionInc,0.0,0.0,creditsolutions-branded-shortform,TX,30001-50000,google,ezinearticles.com,Student Debt,,,http://www.debtreductioninc.com/index8.html,student_debt,302252,1DC,CreditSolutions,1,1
2009-07-07 19:55:08.000,bad,w-302252-DebtReduction1-1DC-yellowarrow-blue,TopLeft,DebtReductionInc,0.0,3.0,Debt Settlement1 Master,NY,7500-15000,google,search.earthlink.net,Holding Tank - Debt,Debt cures they dont want you to know about,debt cures they dont want you to know about,http://www.debtreductioninc.com/index8.html,debt,302252,1DC,yellowarrow-blue,1,0
2009-05-17 19:49:15.103,unknown,w-302252-DebtReduction1-1DC-CreditSolutions,TopLeft,DebtReductionInc,0.0,0.0,creditsolutions-branded-shortform,IL,7500-15000,google,www.google.com,Get Out Of Debt,Get rid of debt,help me get rid of my debts,http://www.debtreductioninc.com/index8.html,debt,302252,1DC,CreditSolutions,1,1
2009-05-22 22:39:27.080,unknown,w-302252-DebtReduction1-1DC-white,TopLeft,DebtReductionInc,0.0,0.0,Debt Settlement1 Master,NE,30001-50000,google,ezinearticles.com,How,debt,,http://www.debtreductioninc.com/index8.html,other,302252,1DC,white,1,1
2009-04-07 09:56:52.370,unknown,w-300250-DebtReduction1-1DC-Head2,TopLeft,DebtReductionInc,0.0,0.0,Debt Settlement1 Master,MD,30001-50000,google,www.buzzle.com,Student Debt,,,http://www.debtreductioninc.com/index8.html,student_debt,300250,1DC,Head2,1,1
2009-09-23 22:20:08.187,unknown,w-302252-DebtReduction1-1DC-yellowarrow-blue,TopLeft,DebtReductionInc,1.0,3.0,Debt Settlement1 Master,TX,15001-20000,google,www.google.com,Debt,Debt,legally wipe your debt as seen on msnbc,http://www.debtreductioninc.com/index8.html,debt,302252,1DC,yellowarrow-blue,0,0
2009-04-08 00:00:00.000,closed,w-300250-DebtReduction1-2DC-CreditSolutions,TopLeft,DebtReductionInc,0.0,0.0,creditsolutions-branded-shortform,VA,30001-50000,google,googleads.g.doubleclick.net,Stop Collections,,,http://www.debtreductioninc.com/index8.html,collection,300250,2DC,CreditSolutions,1,1
2009-08-09 00:30:19.663,unknown,w-302252-DebtReduction1-1DC-white,TopLeft,DebtReductionInc,3.0,4.0,Debt Settlement1 Master,MD,30001-50000,yahoo,answers.yahoo.com,Chapter 7 Bankruptcy,,how to file chapter 7 inexpensively,http://www.debtreductioninc.com/index8.html,bankrup,302252,1DC,white,0,0
2009-04-21 10:09:58.000,bad,w-300250-DebtReduction1-1DC,TopLeft,DebtReductionInc,0.0,0.0,Debt Settlement1 Master,TX,20001-30000,google,www.google.com,Holding Tank - Debt,Consumer debt initiative,"Consumer Debt Initiative, Washington, DC",http://www.debtreductioninc.com/index8.html,debt,300250,1DC,default,1,1
2009-04-12 11:07:46.113,unknown,w-300250-DebtReduction1-1DC-Head3,TopLeft,DebtReductionInc,0.0,0.0,Debt Settlement1 Master,TX,20001-30000,google,www.ask.com,Loan Default,Loans in default,if I am in default of my student loans what can I do,http://www.debtreductioninc.com/index8.html,loan,300250,1DC,Head3,1,1
2009-07-27 18:31:17.840,unknown,w-302252-DebtReduction1-1DC-CreditSolutions,TopLeft,DebtReductionInc,5.0,4.0,creditsolutions-branded-shortform,AR,More_than_100000,google,googleads.g.doubleclick.net,Student Debt,,,http://www.debtreductioninc.com/index12.html,student_debt,302252,1DC,CreditSolutions,0,0
2009-04-27 22:17:41.657,unknown,w-300250-DebtReduction1-1DC-BlueMeter,TopLeft,DebtReductionInc,0.0,0.0,Debt Settlement1 Master,FL,20001-30000,yahoo,search.yahoo.com,Student Debt - high volume,,pay off student loans,http://www.debtreductioninc.com/index8.html,student_debt,300250,1DC,BlueMeter,1,1
2009-08-15 08:24:35.827,unknown,w-302252-DebtReduction1-1DC-CreditSolutions,TopLeft,DebtReductionInc,5.0,5.0,creditsolutions-branded-shortform,MI,7500-15000,google,googleads.g.doubleclick.net,Credit Card Debt - high volume,,,http://www.debtreductioninc.com/index8.html,credit_general,302252,1DC,CreditSolutions,0,0
2009-06-19 23:56:27.000,bad,w-302252-DebtReduction1-1DC-yellowarrow-blue,TopLeft,DebtReductionInc,0.0,0.0,Debt Settlement1 Master,IL,7500-15000,yahoo,search.yahoo.com,General Debt (LV),,pay off debt,http://www.debtreductioninc.com/index8.html,debt,302252,1DC,yellowarrow-blue,1,1
2009-08-30 19:58:42.190,unknown,w-302252-DebtReduction1-1DC-yellowarrow-blue,TopLeft,DebtReductionInc,1.0,5.0,Debt Settlement1 Master,AR,90000-100000,yahoo,search.yahoo.com,Chapter 7 Bankruptcy,,NOT SURE IF i SHOULD FILE CHAPTER 7,http://www.debtreductioninc.com/index8.html,bankrup,302252,1DC,yellowarrow-blue,0,0
2009-09-18 00:00:00.000,good,w-302252-DebtReduction1-1DC-white,TopLeft,DebtReductionInc,5.0,5.0,Debt Settlement1 Master,AR,7500-15000,yahoo,search.yahoo.com,Credit Card Consolidation,,debt consolidation,http://www.debtreductioninc.com/index8.html,credit_general,302252,1DC,white,0,0
2009-04-13 01:50:40.577,unknown,w-300250-DebtReduction1-1DC-BlueMeter,TopLeft,DebtReductionInc,0.0,0.0,Debt Settlement1 Master,OK,20001-30000,yahoo,search.yahoo.com,Debt Consolidation,,military consolidation loans,http://www.debtreductioninc.com/index8.html,consolidation,300250,1DC,BlueMeter,1,1
2009-09-09 13:44:40.000,bad,w-302252-DebtReduction1-1DC-yellowarrow-dark,TopLeft,DebtReductionInc,5.0,5.0,Debt Settlement1 Master,OK,7500-15000,yahoo,search.yahoo.com,Debt Consolidation,,government consolidate debt,http://www.debtreductioninc.com/index8.html,consolidation,302252,1DC,yellowarrow-dark,0,0
2009-05-01 14:55:18.267,unknown,w-300250-DebtReduction1-2DC-BlueMeter,TopLeft,DebtReductionInc,0.0,0.0,Debt Settlement1 Master,TX,7500-15000,google,www.studentloanhelper.com,Student Debt,Student loan default,,http://www.debtreductioninc.com/index8.html,student_debt,300250,2DC,BlueMeter,1,1
2009-04-05 18:11:08.747,unknown,w-300250-DebtReduction1-2DC-BlueMeter,TopLeft,DebtReductionInc,0.0,0.0,Debt Settlement1 Master,TX,20001-30000,yahoo,search.yahoo.com,File Bankruptcy,,how to file for bankrupcy in texas,http://www.debtreductioninc.com/index8.html,bankrup,300250,2DC,BlueMeter,1,1
2009-05-11 22:11:46.683,unknown,w-302252-DebtReduction1-1DC-white,TopLeft,DebtReductionInc,0.0,0.0,Debt Settlement1 Master,TX,7500-15000,google,www.orchandbank.com,Lower Payments,Credit card payments,,http://www.debtreductioninc.com/index8.html,lower_payment,302252,1DC,white,1,1
2009-06-18 21:35:28.497,unknown,w-302252-DebtReduction1-1DC-CreditSolutions,TopLeft,DebtReductionInc,0.0,0.0,creditsolutions-branded-shortform,MO,7500-15000,yahoo,search.yahoo.com,Debt Consolidation,,us government debt help,http://www.debtreductioninc.com/index8.html,consolidation,302252,1DC,CreditSolutions,1,1
2009-05-28 18:10:22.280,unknown,w-302252-DebtReduction1-1DC-white,TopLeft,DebtReductionInc,0.0,0.0,Debt Settlement1 Master,TX,20001-30000,yahoo,search.yahoo.com,Lower Payments,,ways to lower your car payment,http://www.debtreductioninc.com/index8.html,lower_payment,302252,1DC,white,1,1
2009-07-28 00:00:00.000,closed,w-302252-DebtReduction1-1DC-white,TopLeft,DebtReductionInc,1.0,5.0,Debt Settlement1 Master,TX,7500-15000,google,unknown,Lower Payments,,,http://www.debtreductioninc.com/index11.html,lower_payment,302252,1DC,white,0,0
2009-09-02 15:39:23.470,unknown,w-302252-DebtReduction1-1DC-CreditSolutions,TopLeft,DebtReductionInc,2.0,3.0,creditsolutions-branded-shortform,TX,20001-30000,yahoo,search.yahoo.com,Lower Payments,,how to lower your mortgage payments,http://www.debtreductioninc.com/index8.html,lower_payment,302252,1DC,CreditSolutions,0,0
2009-07-30 10:55:02.687,unknown,w-302252-DebtReduction1-1DC-white,TopLeft,DebtReductionInc,5.0,5.0,Debt Settlement1 Master,MO,30001-50000,google,search.cnn.com,Get Out Of Debt,Get me out of debt,,http://www.debtreductioninc.com/index8.html,debt,302252,1DC,white,0,0
2009-04-11 15:57:17.000,bad,w-300250-DebtReduction1-1DC-Head3,TopLeft,DebtReductionInc,0.0,0.0,Debt Settlement1 Master,MO,15001-20000,adknowledge,us.mg3.mail.yahoo.com,Consolidate,,,http://www.debtreductioninc.com/index8.html,consolidation,300250,1DC,Head3,1,1
2009-04-06 00:00:00.000,closed,w-300250-DebtReduction1-1DC,TopLeft,DebtReductionInc,0.0,0.0,Debt Settlement1 Master,MO,20001-30000,adknowledge,us.mc823.mail.yahoo.com,Consolidate,,,http://www.debtreductioninc.com/index8.html,consolidation,300250,1DC,default,1,1
2009-05-09 00:00:00.000,good,w-302252-DebtReduction1-1DC-white,TopLeft,DebtReductionInc,0.0,0.0,Debt Settlement1 Master,TX,90000-100000,google,www.soyouwanna.com,Student Debt,,,http://www.debtreductioninc.com/index8.html,student_debt,302252,1DC,white,1,1
2009-05-19 08:22:02.770,unknown,w-302252-DebtReduction1-1DC-CreditSolutions,TopLeft,DebtReductionInc,0.0,0.0,creditsolutions-branded-shortform,MO,7500-15000,google,googleads.g.doubleclick.net,Credit Card Debt - high volume,,,http://www.debtreductioninc.com/index8.html,credit_general,302252,1DC,CreditSolutions,1,1
2009-07-11 00:00:00.000,closed,w-302252-DebtReduction1-1DC,TopLeft,DebtReductionInc,5.0,5.0,Debt Settlement1 Master,TX,30001-50000,google,www.google.com,Holding Tank - Debt,Debt cures they don t want you to know about,debt cures they don't want you to know about,http://www.debtreductioninc.com/index8.html,debt,302252,1DC,default,0,0
2009-07-25 18:59:29.520,unknown,w-302252-DebtReduction1-1DC-CreditSolutions,TopLeft,DebtReductionInc,5.0,5.0,creditsolutions-branded-shortform,TX,90000-100000,yahoo,www.kevintradeau.com,Lower Payments,,,http://www.debtreductioninc.com/index8.html,lower_payment,302252,1DC,CreditSolutions,0,0
2009-09-19 02:10:37.410,unknown,w-302252-DebtReduction1-1DC-yellowarrow-blue,TopLeft,DebtReductionInc,5.0,5.0,Debt Settlement1 Master,TX,7500-15000,google,www.google.com,Holding Tank - Debt,Visa debt,visa debt,http://www.debtreductioninc.com/index8.html,debt,302252,1DC,yellowarrow-blue,0,0
2009-06-27 21:40:50.113,unknown,w-302252-DebtReduction1-1DC-CreditSolutions,TopLeft,DebtReductionInc,0.0,5.0,creditsolutions-branded-shortform,MO,30001-50000,yahoo,unknown,Debt Consolidation,,,http://www.debtreductioninc.com/index8.html,consolidation,302252,1DC,CreditSolutions,1,0
2009-09-29 11:23:29.883,unknown,w-302252-DebtReduction1-1DC-CreditSolutions,TopLeft,DebtReductionInc,5.0,5.0,creditsolutions-branded-shortform,TX,20001-30000,yahoo,search.yahoo.com,Credit Card Consolidation,,credit dept,http://www.debtreductioninc.com/index8.html,credit_general,302252,1DC,CreditSolutions,0,0
2009-04-24 00:00:00.000,closed,w-300250-DebtReduction1-1DC-CreditSolutions,TopLeft,DebtReductionInc,0.0,0.0,creditsolutions-branded-shortform,OK,50001-70000,yahoo,search.yahoo.com,Chapter 13 Bankruptcy,,bankrupcy and income,http://www.debtreductioninc.com/index8.html,bankrup,300250,1DC,CreditSolutions,1,1
2009-09-02 05:36:25.617,unknown,w-302252-DebtReduction1-1DC-CreditSolutions,TopLeft,DebtReductionInc,5.0,5.0,creditsolutions-branded-shortform,TX,7500-15000,adknowledge,us.mg201.mail.yahoo.com,Consolidate,,,http://www.debtreductioninc.com/index8.html,consolidation,302252,1DC,CreditSolutions,0,0
2009-05-23 13:16:03.650,unknown,w-302252-DebtReduction1-1DC,TopLeft,DebtReductionInc,0.0,0.0,Debt Settlement1 Master,OK,15001-20000,yahoo,search.yahoo.com,Get Out Of Debt,,get out of debt free,http://www.debtreductioninc.com/index8.html,debt,302252,1DC,default,1,1
2009-05-25 22:39:45.320,unknown,w-302252-DebtReduction1-1DC,TopLeft,DebtReductionInc,0.0,0.0,Debt Settlement1 Master,TX,7500-15000,advertise.com,www.abcjmp.com,debt,,,http://www.debtreductioninc.com/index8.html,debt,302252,1DC,default,1,1
2009-07-05 20:16:20.000,bad,w-302252-DebtReduction1-1DC-CreditSolutions,TopLeft,DebtReductionInc,0.0,2.0,creditsolutions-branded-shortform,TX,7500-15000,google,unknown,Student Debt,,,http://www.debtreductioninc.com/index8.html,student_debt,302252,1DC,CreditSolutions,1,0
2009-06-07 11:14:00.597,unknown,w-302252-DebtReduction1-1DC-white,TopLeft,DebtReductionInc,0.0,0.0,Debt Settlement1 Master,TX,7500-15000,google,www.google.com,Holding Tank - Debt,Loan debt,loan debt,http://www.debtreductioninc.com/index8.html,debt,302252,1DC,white,1,1
2009-08-08 19:32:18.087,unknown,w-302252-DebtReduction1-1DC-CreditSolutions,TopLeft,DebtReductionInc,5.0,5.0,creditsolutions-branded-shortform,NY,7500-15000,google,googleads.g.doubleclick.net,Credit Card Debt - high volume,,,http://www.debtreductioninc.com/index8.html,credit_general,302252,1DC,CreditSolutions,0,0
2009-07-05 00:00:00.000,closed,w-302252-DebtReduction1-1DC-yellowarrow-blue,TopLeft,DebtReductionInc,0.0,5.0,Debt Settlement1 Master,CA,90000-100000,yahoo,fultonweb.info,Debt Company,,,http://www.debtreductioninc.com/index8.html,debt,302252,1DC,yellowarrow-blue,1,0
2009-08-26 12:14:59.000,bad,w-302252-DebtReduction1-1DC-white,TopLeft,DebtReductionInc,5.0,3.0,Debt Settlement1 Master,MO,15001-20000,yahoo,studentdebtconsolidate.org,Student Debt - high volume,,,http://www.debtreductioninc.com/index8.html,student_debt,302252,1DC,white,0,0
2009-08-11 00:37:21.000,bad,w-302252-DebtReduction1-1DC-white,TopLeft,DebtReductionInc,5.0,5.0,Debt Settlement1 Master,AZ,More_than_100000,yahoo,www.toseeka.com,Stop Collections,,bill collector,http://www.debtreductioninc.com/index8.html,collection,302252,1DC,white,0,0
2009-04-13 16:07:35.737,unknown,w-300250-DebtReduction1-1DC-Head2,TopLeft,DebtReductionInc,0.0,0.0,Debt Settlement1 Master,CO,30001-50000,google,search.earthlink.net,Holding Tank - Debt,Paying off debt,paying off debt,http://www.debtreductioninc.com/index8.html,debt,300250,1DC,Head2,1,1
2009-06-02 11:05:41.863,unknown,w-302252-DebtReduction1-1DC-CreditSolutions,TopLeft,DebtReductionInc,0.0,0.0,creditsolutions-branded-shortform,CO,50001-70000,google,www.debtreductioninc.com,Student Debt,,,http://www.debtreductioninc.com/index11.html,student_debt,302252,1DC,CreditSolutions,1,1
2009-04-19 17:30:12.000,bad,w-300250-DebtReduction1-2DC-CreditSolutions,TopLeft,DebtReductionInc,0.0,0.0,creditsolutions-branded-shortform,NE,90000-100000,yahoo,search.yahoo.com,Bankruptcy And Chapter 7,,nebraska bankruptcy,http://www.debtreductioninc.com/index8.html,bankrup,300250,2DC,CreditSolutions,1,1
2009-05-21 22:42:17.107,unknown,w-302252-DebtReduction1-1DC-CreditSolutions,TopLeft,DebtReductionInc,0.0,0.0,creditsolutions-branded-shortform,AZ,15001-20000,yahoo,webhelp.qwest.net,General Debt,,,http://www.debtreductioninc.com/index8.html,debt,302252,1DC,CreditSolutions,1,1
2009-06-17 00:00:00.000,good,w-302252-DebtReduction1-1DC-CreditSolutions,TopLeft,DebtReductionInc,0.0,0.0,creditsolutions-branded-shortform,PA,7500-15000,yahoo,search.yahoo.com,Debt Consolidation,,free debt consolidation agencies,http://www.debtreductioninc.com/index8.html,consolidation,302252,1DC,CreditSolutions,1,1
2009-06-18 10:24:31.607,unknown,w-302252-DebtReduction1-1DC-CreditSolutions,TopLeft,DebtReductionInc,0.0,0.0,creditsolutions-branded-shortform,PA,20001-30000,google,ezinearticles.com,Credit Card Debt,,,http://www.debtreductioninc.com/index8.html,credit_general,302252,1DC,CreditSolutions,1,1
2009-06-27 16:51:50.307,unknown,w-302252-DebtReduction1-1DC-CreditSolutions,TopLeft,DebtReductionInc,0.0,3.0,creditsolutions-branded-shortform,MO,7500-15000,yahoo,search.yahoo.com,Bill Consolidation,,bill consolidation loans,http://www.debtreductioninc.com/index8.html,consolidation,302252,1DC,CreditSolutions,1,0
2009-06-20 22:03:21.000,bad,w-302252-DebtReduction1-1DC-yellowarrow-blue,TopLeft,DebtReductionInc,0.0,0.0,Debt Settlement1 Master,FL,More_than_100000,google,googleads.g.doubleclick.net,Student Debt,,,http://www.debtreductioninc.com/index8.html,student_debt,302252,1DC,yellowarrow-blue,1,1
2009-05-11 11:02:43.540,unknown,w-302252-DebtReduction1-1DC-CreditSolutions,TopLeft,DebtReductionInc,0.0,0.0,creditsolutions-branded-shortform,MI,20001-30000,adknowledge,us.mg2.mail.yahoo.com,Consolidate,,,http://www.debtreductioninc.com/index8.html,consolidation,302252,1DC,CreditSolutions,1,1
2009-09-26 13:28:49.483,unknown,w-302252-DebtReduction1-1DC-yellowarrow-dark,TopLeft,DebtReductionInc,5.0,5.0,Debt Settlement1 Master,MI,7500-15000,google,googleads.g.doubleclick.net,Credit Card Debt - high volume,,,http://www.debtreductioninc.com/index8.html,credit_general,302252,1DC,yellowarrow-dark,0,0
2009-04-17 00:00:00.000,closed,w-300250-DebtReduction1-1DC-CreditSolutions,TopLeft,DebtReductionInc,0.0,0.0,creditsolutions-branded-shortform,MI,15001-20000,yahoo,www.fairdebtcollectionpractices.com,Stop Collections,,,http://www.debtreductioninc.com/index8.html,collection,300250,1DC,CreditSolutions,1,1
2009-04-09 14:05:31.057,unknown,w-300250-DebtReduction1-1DC-CreditSolutions,TopLeft,DebtReductionInc,0.0,0.0,creditsolutions-branded-shortform,FL,15001-20000,yahoo,search.yahoo.com,Lower Payments,,help with car payments,http://www.debtreductioninc.com/index8.html,lower_payment,300250,1DC,CreditSolutions,1,1
2009-06-09 17:49:41.840,unknown,w-302252-DebtReduction1-1DC-CreditSolutions,TopLeft,DebtReductionInc,0.0,0.0,creditsolutions-branded-shortform,FL,20001-30000,google,googleads.g.doubleclick.net,Credit Card Debt - high volume,,,http://www.debtreductioninc.com/index8.html,credit_general,302252,1DC,CreditSolutions,1,1
2009-06-30 00:00:00.000,good,w-302252-DebtReduction1-1DC-CreditSolutions,TopLeft,DebtReductionInc,0.0,3.0,creditsolutions-branded-shortform,CA,70001-90000,yahoo,www.findstuff.com,Debt Consolidation,,,http://www.debtreductioninc.com/index8.html,consolidation,302252,1DC,CreditSolutions,1,0
2009-05-31 13:51:57.750,unknown,w-302252-DebtReduction1-1DC-CreditSolutions,TopLeft,DebtReductionInc,0.0,0.0,creditsolutions-branded-shortform,CA,More_than_100000,google,googleads.g.doubleclick.net,Consolidation,Student debt consolidation,,http://www.debtreductioninc.com/index8.html,consolidation,302252,1DC,CreditSolutions,1,1
2009-05-20 15:28:53.163,unknown,w-302252-DebtReduction1-1DC,TopLeft,DebtReductionInc,0.0,0.0,Debt Settlement1 Master,CA,50001-70000,yahoo,www.findstuff.com,Debt Consolidation,,,http://www.debtreductioninc.com/index8.html,consolidation,302252,1DC,default,1,1
2009-07-21 04:13:17.000,bad,w-302252-DebtReduction1-1DC-CreditSolutions,TopLeft,DebtReductionInc,5.0,5.0,creditsolutions-branded-shortform,CA,15001-20000,yahoo,pages.us.com,Debt Reduction,,,http://www.debtreductioninc.com/index8.html,debt,302252,1DC,CreditSolutions,0,0
2009-09-10 01:28:38.000,bad,w-302252-DebtReduction1-1DC-CreditSolutions,TopLeft,DebtReductionInc,3.0,4.0,creditsolutions-branded-shortform,CA,90000-100000,google,www.ehow.com,Credit Card Debt - high volume,,,http://www.debtreductioninc.com/index8.html,credit_general,302252,1DC,CreditSolutions,0,0
2009-05-09 16:15:20.533,unknown,w-302252-DebtReduction1-1DC,TopLeft,DebtReductionInc,0.0,0.0,Debt Settlement1 Master,CA,30001-50000,yahoo,unknown,Credit Bill Consolidation,,,http://www.debtreductioninc.com/index8.html,credit_general,302252,1DC,default,1,1
2009-05-27 13:08:38.000,bad,w-302252-DebtReduction1-1DC-white,TopLeft,DebtReductionInc,0.0,0.0,Debt Settlement1 Master,CA,7500-15000,google,www.google.com,Lower Payments,Credit card payments,www.chase.com creditcards payment,http://www.debtreductioninc.com/index8.html,lower_payment,302252,1DC,white,1,1
2009-07-31 00:40:56.273,unknown,w-302252-DebtReduction1-1DC-CreditSolutions,TopLeft,DebtReductionInc,1.0,4.0,creditsolutions-branded-shortform,CA,15001-20000,yahoo,search.yahoo.com,Consolidation Program,,www.debtconsolidation.com,http://www.debtreductioninc.com/index8.html,consolidation,302252,1DC,CreditSolutions,0,0
2009-05-04 20:34:46.900,unknown,w-300250-DebtReduction1-1DC-Head3,TopLeft,DebtReductionInc,0.0,0.0,Debt Settlement1 Master,CA,7500-15000,yahoo,search.yahoo.com,Credit Card Debt,,pay off credit cards,http://www.debtreductioninc.com/index8.html,credit_general,300250,1DC,Head3,1,1
2009-04-22 20:49:16.707,unknown,w-300250-DebtReduction1-2DC-BlueMeter,TopLeft,DebtReductionInc,0.0,0.0,Debt Settlement1 Master,IL,15001-20000,yahoo,wwww11.charter.net,Debt Consolidation,,,http://www.debtreductioninc.com/index8.html,consolidation,300250,2DC,BlueMeter,1,1
2009-08-11 22:31:13.980,unknown,w-302252-DebtReduction1-1DC-yellowarrow-dark,TopLeft,DebtReductionInc,1.0,4.0,Debt Settlement1 Master,CA,7500-15000,google,www.webcrawler.com,Lower Payments,Credit card payments,,http://www.debtreductioninc.com/index8.html,lower_payment,302252,1DC,yellowarrow-dark,0,0
2009-07-01 10:18:28.120,unknown,w-302252-DebtReduction1-1DC-CreditSolutions,TopLeft,DebtReductionInc,0.0,3.0,creditsolutions-branded-shortform,CA,15001-20000,yahoo,answers.yahoo.com,Debt Payment,,,http://www.debtreductioninc.com/index8.html,debt,302252,1DC,CreditSolutions,1,0
2009-05-05 11:43:40.327,unknown,w-300250-DebtReduction1-1DC-BlueMeter,TopLeft,DebtReductionInc,0.0,0.0,Debt Settlement1 Master,CA,7500-15000,google,pagead2.googlesyndication.com,How,debt,,http://www.debtreductioninc.com/index8.html,other,300250,1DC,BlueMeter,1,1
2009-04-09 20:59:28.487,unknown,w-300250-DebtReduction1-2DC-BlueMeter,TopLeft,DebtReductionInc,0.0,0.0,Debt Settlement1 Master,CA,20001-30000,yahoo,search.yahoo.com,General Debt,,MY RIGHTS WHEN IN DEBT,http://www.debtreductioninc.com/index8.html,debt,300250,2DC,BlueMeter,1,1
2009-05-12 12:05:38.497,unknown,w-302252-DebtReduction1-1DC-CreditSolutions,TopLeft,DebtReductionInc,0.0,0.0,creditsolutions-branded-shortform,OR,20001-30000,yahoo,search.yahoo.com,Debt Program,,National Debt Initiative Program,http://www.debtreductioninc.com/index8.html,debt,302252,1DC,CreditSolutions,1,1
2009-09-27 00:00:00.000,good,w-302252-DebtReduction1-1DC-yellowarrow-dark,TopLeft,DebtReductionInc,5.0,5.0,Debt Settlement1 Master,OR,More_than_100000,yahoo,search.yahoo.com,Lower Payments,,How to lower mortgage payments 800-284-8011,http://www.debtreductioninc.com/index8.html,lower_payment,302252,1DC,yellowarrow-dark,0,0
2009-06-18 00:33:50.000,bad,w-302252-DebtReduction1-1DC-CreditSolutions,TopLeft,DebtReductionInc,0.0,0.0,creditsolutions-branded-shortform,OR,15001-20000,yahoo,www.attourney.com,Chapter 13 Bankruptcy,,,http://www.debtreductioninc.com/index8.html,bankrup,302252,1DC,CreditSolutions,1,1
2009-08-16 18:41:26.817,unknown,w-302252-DebtReduction1-1DC-yellowarrow-blue,TopLeft,DebtReductionInc,5.0,5.0,Debt Settlement1 Master,OR,7500-15000,google,moneyfor20s.about.com,Lower Payments,,,http://www.debtreductioninc.com/index12.html,lower_payment,302252,1DC,yellowarrow-blue,0,0
2009-04-12 00:00:00.000,closed,w-300250-DebtReduction1-1DC-BlueMeter,TopLeft,DebtReductionInc,0.0,0.0,Debt Settlement1 Master,IL,30001-50000,yahoo,search.yahoo.com,Credit Card Reduction,,ways to decrease interest on credit cards,http://www.debtreductioninc.com/index8.html,credit_general,300250,1DC,BlueMeter,1,1
2009-04-24 23:32:15.697,unknown,w-300250-DebtReduction1-2DC-BlueMeter,TopLeft,DebtReductionInc,0.0,0.0,Debt Settlement1 Master,TX,30001-50000,yahoo,search.yahoo.com,Get Out Of Debt,,debrt calulators,http://www.debtreductioninc.com/index8.html,debt,300250,2DC,BlueMeter,1,1
2009-08-22 04:40:17.683,unknown,w-302252-DebtReduction1-1DC-CreditSolutions,TopLeft,DebtReductionInc,5.0,2.0,creditsolutions-branded-shortform,VA,20001-30000,google,www.google.com,Debt,Debt,stimulus debt loan for homeowners,http://www.debtreductioninc.com/index8.html,debt,302252,1DC,CreditSolutions,0,0
2009-09-18 18:30:38.953,unknown,w-302252-DebtReduction1-1DC-CreditSolutions,TopLeft,DebtReductionInc,5.0,3.0,creditsolutions-branded-shortform,VA,30001-50000,google,ezinearticles.com,Credit Card Debt - high volume,,,http://www.debtreductioninc.com/index8.html,credit_general,302252,1DC,CreditSolutions,0,0
2009-05-07 16:05:18.000,bad,w-302252-DebtReduction1-1DC-white,TopLeft,DebtReductionInc,0.0,0.0,Debt Settlement1 Master,TX,50001-70000,google,www.google.com,Loan Default,Loan default help,help for defaulted student loans,http://www.debtreductioninc.com/index8.html,loan,302252,1DC,white,1,1
2009-06-07 19:43:16.000,bad,w-302252-DebtReduction1-1DC-CreditSolutions,TopLeft,DebtReductionInc,0.0,0.0,creditsolutions-branded-shortform,MI,15001-20000,yahoo,search.yahoo.com,General Debt,,debt buster,http://www.debtreductioninc.com/index8.html,debt,302252,1DC,CreditSolutions,1,1
2009-07-28 14:33:13.050,unknown,w-302252-DebtReduction1-1DC-CreditSolutions,TopLeft,DebtReductionInc,5.0,5.0,creditsolutions-branded-shortform,IN,7500-15000,google,www.google.com,Debt,Debt,what to do if you cant pay adebt do to no work,http://www.debtreductioninc.com/index8.html,debt,302252,1DC,CreditSolutions,0,0
2009-04-12 07:16:47.533,unknown,w-300250-DebtReduction1-1DC-Head2,TopLeft,DebtReductionInc,0.0,0.0,Debt Settlement1 Master,OR,30001-50000,adknowledge,us.mg201.mail.yahoo.com,Consolidate,,,http://www.debtreductioninc.com/index8.html,consolidation,300250,1DC,Head2,1,1
2009-06-27 21:27:49.597,unknown,w-302252-DebtReduction1-1DC-yellowarrow-blue,TopLeft,DebtReductionInc,0.0,4.0,Debt Settlement1 Master,OR,30001-50000,google,googleads.g.doubleclick.net,Student Debt,,,http://www.debtreductioninc.com/index8.html,student_debt,302252,1DC,yellowarrow-blue,1,0
2009-07-05 21:17:43.537,unknown,w-302252-DebtReduction1-1DC-CreditSolutions,TopLeft,DebtReductionInc,0.0,3.0,creditsolutions-branded-shortform,AL,30001-50000,google,www.google.com,Debt,Debt,debt consolidation stimulus 2009,http://www.debtreductioninc.com/index8.html,debt,302252,1DC,CreditSolutions,1,0
2009-07-27 00:03:21.963,unknown,w-302252-DebtReduction1-1DC-CreditSolutions,TopLeft,DebtReductionInc,5.0,5.0,creditsolutions-branded-shortform,AL,30001-50000,google,www.google.com,Holding Tank - Debt,Credit counseling services reviews,credit consumer counseling services,http://www.debtreductioninc.com/index8.html,debt,302252,1DC,CreditSolutions,0,0
2009-06-08 06:56:06.000,bad,w-302252-DebtReduction1-1DC-CreditSolutions,TopLeft,DebtReductionInc,0.0,0.0,creditsolutions-branded-shortform,NY,50001-70000,google,googleads.g.doubleclick.net,Credit Card Debt - high volume,,,http://www.debtreductioninc.com/index8.html,credit_general,302252,1DC,CreditSolutions,1,1
2009-04-14 20:43:25.567,unknown,w-300250-DebtReduction1-1DC,TopLeft,DebtReductionInc,0.0,0.0,Debt Settlement1 Master,MA,7500-15000,google,ezinearticles.com,Stop Collections,,,http://www.debtreductioninc.com/index8.html,collection,300250,1DC,default,1,1
2009-07-22 17:47:13.000,bad,w-302252-DebtReduction1-1DC,TopLeft,DebtReductionInc,5.0,5.0,Debt Settlement1 Master,NY,20001-30000,google,www.soyouwanna.com,Student Debt,,,http://www.debtreductioninc.com/index12.html,student_debt,302252,1DC,default,0,0
2009-04-05 15:30:09.723,unknown,w-300250-DebtReduction1-1DC-BlueMeter,TopLeft,DebtReductionInc,0.0,0.0,Debt Settlement1 Master,PA,15001-20000,adknowledge,unknown,Consolidate,,,http://www.debtreductioninc.com/index8.html,consolidation,300250,1DC,BlueMeter,1,1
2009-06-13 17:40:01.503,unknown,w-302252-DebtReduction1-1DC-CreditSolutions,TopLeft,DebtReductionInc,0.0,0.0,creditsolutions-branded-shortform,MA,20001-30000,google,www.google.com,Holding Tank - Debt,National debt initiative program,National Debt Initiative Program,http://www.debtreductioninc.com/index8.html,debt,302252,1DC,CreditSolutions,1,1
2009-05-05 14:06:39.470,unknown,w-300250-DebtReduction1-2DC-CreditSolutions,TopLeft,DebtReductionInc,0.0,0.0,creditsolutions-branded-shortform,DC,More_than_100000,yahoo,search.yahoo.com,Chapter 7 Bankruptcy,,federal bankruptcy rules,http://www.debtreductioninc.com/index8.html,bankrup,300250,2DC,CreditSolutions,1,1
2009-04-09 08:40:33.060,unknown,w-300250-DebtReduction1-1DC,TopLeft,DebtReductionInc,0.0,0.0,Debt Settlement1 Master,CA,30001-50000,google,en.allexperts.com,How,debt,,http://www.debtreductioninc.com/index8.html,other,300250,1DC,default,1,1
2009-09-15 21:22:06.000,bad,w-302252-DebtReduction1-1DC-yellowarrow-dark,TopLeft,DebtReductionInc,5.0,3.0,Debt Settlement1 Master,CA,7500-15000,yahoo,search.yahoo.com,Credit Card Consolidation,,debt consolidation,http://www.debtreductioninc.com/index8.html,credit_general,302252,1DC,yellowarrow-dark,0,0
2009-09-19 02:35:38.133,unknown,w-302252-DebtReduction1-1DC-white,TopLeft,DebtReductionInc,5.0,5.0,Debt Settlement1 Master,CA,15001-20000,google,pagead2.googlesyndication.com,Debt,Debt,,http://www.debtreductioninc.com/index8.html,debt,302252,1DC,white,0,0
2009-04-29 00:00:00.000,closed,w-300250-DebtReduction1-1DC-Head3,TopLeft,DebtReductionInc,0.0,0.0,Debt Settlement1 Master,CA,15001-20000,yahoo,search.yahoo.com,Chapter 7 Bankruptcy,,bankruptcy laws,http://www.debtreductioninc.com/index8.html,bankrup,300250,1DC,Head3,1,1
2009-06-01 16:00:49.037,unknown,w-302252-DebtReduction1-1DC-white,TopLeft,DebtReductionInc,0.0,0.0,Debt Settlement1 Master,CA,20001-30000,yahoo,search.yahoo.com,Credit Card Consolidation,,credit card consolidation loans,http://www.debtreductioninc.com/index8.html,credit_general,302252,1DC,white,1,1
2009-06-26 22:57:55.727,unknown,w-302252-DebtReduction1-1DC-CreditSolutions,TopLeft,DebtReductionInc,0.0,5.0,creditsolutions-branded-shortform,CA,More_than_100000,google,www.google.com,Lower Payments,Lower mortgage payments,HELP TO REDUCE MORTGAGE PAYMENT,http://www.debtreductioninc.com/index8.html,lower_payment,302252,1DC,CreditSolutions,1,0
2009-06-09 14:43:43.127,unknown,w-302252-DebtReduction1-1DC-CreditSolutions,TopLeft,DebtReductionInc,0.0,0.0,creditsolutions-branded-shortform,TX,7500-15000,yahoo,search.yahoo.com,Debt Consolidation Loan,,consolidation loan calculator,http://www.debtreductioninc.com/index8.html,consolidation,302252,1DC,CreditSolutions,1,1
2009-05-07 22:26:28.547,unknown,w-302252-DebtReduction1-1DC,TopLeft,DebtReductionInc,0.0,0.0,Debt Settlement1 Master,NV,15001-20000,google,www.google.com,Student Debt,Student loan default,help with student loans in default,http://www.debtreductioninc.com/index8.html,student_debt,302252,1DC,default,1,1
2009-08-31 21:07:34.643,unknown,w-302252-DebtReduction1-1DC-white,TopLeft,DebtReductionInc,5.0,5.0,Debt Settlement1 Master,CA,7500-15000,yahoo,search.yahoo.com,Lower Payments,,lower mortgage payment,http://www.debtreductioninc.com/index8.html,lower_payment,302252,1DC,white,0,0
2009-06-08 18:15:50.120,unknown,w-302252-DebtReduction1-1DC-CreditSolutions,TopLeft,DebtReductionInc,0.0,0.0,creditsolutions-branded-shortform,CA,7500-15000,yahoo,www.findstuff.com,Debt Consolidation,,,http://www.debtreductioninc.com/index8.html,consolidation,302252,1DC,CreditSolutions,1,1
2009-06-14 00:00:00.000,good,w-302252-DebtReduction1-1DC-CreditSolutions,TopLeft,DebtReductionInc,0.0,0.0,creditsolutions-branded-shortform,CA,30001-50000,yahoo,www.findstuff.com,Debt Consolidation,,,http://www.debtreductioninc.com/index8.html,consolidation,302252,1DC,CreditSolutions,1,1
2009-09-26 15:36:48.963,unknown,w-302252-DebtReduction1-1DC-CreditSolutions,TopLeft,DebtReductionInc,5.0,5.0,creditsolutions-branded-shortform,CA,15001-20000,yahoo,search.yahoo.com,Credit Card Consolidation,,debt consolidation,http://www.debtreductioninc.com/index8.html,credit_general,302252,1DC,CreditSolutions,0,0
2009-09-25 17:28:54.780,unknown,w-302252-DebtReduction1-1DC-CreditSolutions,TopLeft,DebtReductionInc,2.0,5.0,creditsolutions-branded-shortform,CA,15001-20000,google,wiki.answers.com,Debt,Debt,,http://www.debtreductioninc.com/index8.html,debt,302252,1DC,CreditSolutions,0,0
2009-07-08 00:00:00.000,closed,w-302252-DebtReduction1-1DC-white,TopLeft,DebtReductionInc,0.0,5.0,Debt Settlement1 Master,CA,20001-30000,google,unknown,Credit Card Debt,National credit card debt,,http://www.debtreductioninc.com/index11.html,credit_general,302252,1DC,white,1,0
2009-05-03 00:00:00.000,good,w-300250-DebtReduction1-2DC-BlueMeter,TopLeft,DebtReductionInc,0.0,0.0,Debt Settlement1 Master,OK,30001-50000,google,unknown,Credit Card Debt - high volume,,,http://www.debtreductioninc.com/index8.html,credit_general,300250,2DC,BlueMeter,1,1
2009-05-11 13:31:06.000,bad,w-302252-DebtReduction1-1DC-CreditSolutions,TopLeft,DebtReductionInc,0.0,0.0,creditsolutions-branded-shortform,CA,7500-15000,yahoo,search.yahoo.com,Debt Program,,"relief ""debt management program""",http://www.debtreductioninc.com/index8.html,debt,302252,1DC,CreditSolutions,1,1
2009-06-19 09:24:25.327,unknown,w-302252-DebtReduction1-1DC-white,TopLeft,DebtReductionInc,0.0,0.0,Debt Settlement1 Master,FL,30001-50000,google,www.ehow.com,Credit Card Debt - high volume,,,http://www.debtreductioninc.com/index8.html,credit_general,302252,1DC,white,1,1
2009-05-14 19:50:16.000,bad,w-302252-DebtReduction1-1DC-CreditSolutions,TopLeft,DebtReductionInc,0.0,0.0,creditsolutions-branded-shortform,CA,20001-30000,yahoo,cbs2.com,Lower Payments,,,http://www.debtreductioninc.com/index8.html,lower_payment,302252,1DC,CreditSolutions,1,1
2009-06-03 10:45:44.000,bad,w-302252-DebtReduction1-1DC-white,TopLeft,DebtReductionInc,0.0,0.0,Debt Settlement1 Master,VA,20001-30000,google,www.ask.com,How,How do i lower credit cards,how to get credit cards lowered,http://www.debtreductioninc.com/index12.html,other,302252,1DC,white,1,1
2009-05-28 21:56:20.660,unknown,w-302252-DebtReduction1-1DC-CreditSolutions,TopLeft,DebtReductionInc,0.0,0.0,creditsolutions-branded-shortform,PA,20001-30000,google,search.money.cnn.com,Holding Tank - Debt,Debt rescue usa,,http://www.debtreductioninc.com/index8.html,debt,302252,1DC,CreditSolutions,1,1
2009-07-24 09:07:03.000,bad,w-302252-DebtReduction1-1DC-CreditSolutions,TopLeft,DebtReductionInc,5.0,3.0,creditsolutions-branded-shortform,MA,20001-30000,google,unknown,Student Debt,,,http://www.debtreductioninc.com/index11.html,student_debt,302252,1DC,CreditSolutions,0,0
2009-07-16 07:31:28.303,unknown,w-302252-DebtReduction1-1DC-white,TopLeft,DebtReductionInc,5.0,3.0,Debt Settlement1 Master,MA,30001-50000,adknowledge,www.bing.com,Consolidate,,debt away usa,http://www.debtreductioninc.com/index8.html,consolidation,302252,1DC,white,0,0
2009-06-26 05:11:24.000,bad,w-302252-DebtReduction1-1DC-CreditSolutions,TopLeft,DebtReductionInc,0.0,2.0,creditsolutions-branded-shortform,MA,30001-50000,google,search.aol.com,Credit Services,Credit services ma,,http://www.debtreductioninc.com/index12.html,credit_general,302252,1DC,CreditSolutions,1,0
2009-05-31 00:00:00.000,closed,w-302252-DebtReduction1-1DC-CreditSolutions,TopLeft,DebtReductionInc,0.0,0.0,creditsolutions-branded-shortform,MD,30001-50000,advertise.com,www.abcjmp.com,debt,,,http://www.debtreductioninc.com/index8.html,debt,302252,1DC,CreditSolutions,1,1
2009-05-04 19:56:46.983,unknown,w-300250-DebtReduction1-1DC,TopLeft,DebtReductionInc,0.0,0.0,Debt Settlement1 Master,MD,7500-15000,yahoo,search.yahoo.com,Get Out Of Debt,,how to get out of debt,http://www.debtreductioninc.com/index8.html,debt,300250,1DC,default,1,1
2009-05-10 16:02:51.853,unknown,w-302252-DebtReduction1-1DC,TopLeft,DebtReductionInc,0.0,0.0,Debt Settlement1 Master,MD,50001-70000,yahoo,www.findstuff.com,Debt Consolidation,,,http://www.debtreductioninc.com/index8.html,consolidation,302252,1DC,default,1,1
2009-05-09 14:14:18.833,unknown,w-302252-DebtReduction1-1DC-CreditSolutions,TopLeft,DebtReductionInc,0.0,0.0,creditsolutions-branded-shortform,MD,20001-30000,yahoo,www.findstuff.com,Debt Consolidation,,,http://www.debtreductioninc.com/index8.html,consolidation,302252,1DC,CreditSolutions,1,1
2009-06-28 10:05:45.787,unknown,w-302252-DebtReduction1-1DC-CreditSolutions,TopLeft,DebtReductionInc,0.0,5.0,creditsolutions-branded-shortform,NY,15001-20000,google,googleads.g.doubleclick.net,Credit Card Debt - high volume,,,http://www.debtreductioninc.com/index8.html,credit_general,302252,1DC,CreditSolutions,1,0
2009-09-26 21:52:46.897,unknown,w-302252-DebtReduction1-1DC-CreditSolutions,TopLeft,DebtReductionInc,3.0,2.0,creditsolutions-branded-shortform,CA,20001-30000,yahoo,search.yahoo.com,Credit Card Consolidation,,debt consolidation,http://www.debtreductioninc.com/index8.html,credit_general,302252,1DC,CreditSolutions,0,0
2009-04-29 16:25:43.000,bad,w-300250-DebtReduction1-1DC-Head3,TopLeft,DebtReductionInc,0.0,0.0,Debt Settlement1 Master,MD,More_than_100000,yahoo,search.yahoo.com,Chapter 7 Bankruptcy,,bankruptcy laws,http://www.debtreductioninc.com/index8.html,bankrup,300250,1DC,Head3,1,1
2009-07-14 23:24:28.313,unknown,w-302252-DebtReduction1-1DC-CreditSolutions,TopLeft,DebtReductionInc,5.0,4.0,creditsolutions-branded-shortform,NY,15001-20000,google,googleads.g.doubleclick.net,How,debt,,http://www.debtreductioninc.com/index8.html,other,302252,1DC,CreditSolutions,0,0
2009-07-04 11:17:30.000,bad,w-302252-DebtReduction1-1DC,TopLeft,DebtReductionInc,0.0,3.0,Debt Settlement1 Master,NY,70001-90000,google,ads.cnn.com,Student Debt,,,http://www.debtreductioninc.com/index8.html,student_debt,302252,1DC,default,1,0
2009-07-26 17:40:50.000,bad,w-302252-DebtReduction1-1DC-CreditSolutions,TopLeft,DebtReductionInc,3.0,4.0,creditsolutions-branded-shortform,NY,30001-50000,google,unknown,Student Debt,,,http://www.debtreductioninc.com/index11.html,student_debt,302252,1DC,CreditSolutions,0,0
2009-06-18 09:22:31.640,unknown,w-302252-DebtReduction1-1DC-CreditSolutions,TopLeft,DebtReductionInc,0.0,0.0,creditsolutions-branded-shortform,NY,7500-15000,yahoo,search.yahoo.com,Debt Consolidation - high volume,,debt calculator,http://www.debtreductioninc.com/index8.html,consolidation,302252,1DC,CreditSolutions,1,1
2009-04-08 00:00:00.000,closed,w-300250-DebtReduction1-1DC-Head2,TopLeft,DebtReductionInc,0.0,0.0,Debt Settlement1 Master,TX,15001-20000,google,googleads.g.doubleclick.net,Debt,Debt,,http://www.debtreductioninc.com/index8.html,debt,300250,1DC,Head2,1,1
2009-04-29 00:38:31.827,unknown,w-300250-DebtReduction1-1DC-Head3,TopLeft,DebtReductionInc,0.0,0.0,Debt Settlement1 Master,VA,7500-15000,yahoo,www.usa-debt-solutions.com,Credit Card Debt,,,http://www.debtreductioninc.com/index8.html,credit_general,300250,1DC,Head3,1,1
2009-06-30 17:03:32.140,unknown,w-302252-DebtReduction1-1DC-yellowarrow,TopLeft,DebtReductionInc,0.0,5.0,Debt Settlement1 Master,IN,7500-15000,adknowledge,www.bing.com,Consolidate,,debt settlement comp,http://www.debtreductioninc.com/index8.html,consolidation,302252,1DC,yellowarrow,1,0
2009-06-16 14:03:58.000,bad,w-302252-DebtReduction1-1DC-white,TopLeft,DebtReductionInc,0.0,0.0,Debt Settlement1 Master,VA,7500-15000,google,googleads.g.doubleclick.net,How,debt,,http://www.debtreductioninc.com/index8.html,other,302252,1DC,white,1,1
2009-09-24 10:13:03.023,unknown,w-302252-DebtReduction1-1DC-CreditSolutions,TopLeft,DebtReductionInc,5.0,3.0,creditsolutions-branded-shortform,PA,50001-70000,google,googleads.g.doubleclick.net,Credit Card Debt - high volume,,,http://www.debtreductioninc.com/index8.html,credit_general,302252,1DC,CreditSolutions,0,0
2009-04-03 00:00:00.000,closed,w-300250-DebtReduction1-1DC,TopLeft,DebtReductionInc,0.0,0.0,Debt Settlement1 Master,MD,7500-15000,yahoo,search.yahoo.com,Lower Payments,,credit card to reduce payment,http://www.debtreductioninc.com/index8.html,lower_payment,300250,1DC,default,1,1
2009-04-11 13:44:54.103,unknown,w-300250-DebtReduction1-1DC-Head3,TopLeft,DebtReductionInc,0.0,0.0,Debt Settlement1 Master,VA,7500-15000,google,googleads.g.doubleclick.net,How,debt,,http://www.debtreductioninc.com/index8.html,other,300250,1DC,Head3,1,1
2009-09-02 20:07:20.000,bad,w-302252-DebtReduction1-1DC-CreditSolutions,TopLeft,DebtReductionInc,2.0,5.0,creditsolutions-branded-shortform,MD,20001-30000,adknowledge,netmail.verizon.net,Consolidate,,,http://www.debtreductioninc.com/index8.html,consolidation,302252,1DC,CreditSolutions,0,0
2009-06-18 18:40:31.903,unknown,w-302252-DebtReduction1-1DC-CreditSolutions,TopLeft,DebtReductionInc,0.0,0.0,creditsolutions-branded-shortform,DC,7500-15000,yahoo,search.yahoo.com,Stop Collections,,how to stop people from calling,http://www.debtreductioninc.com/index8.html,collection,302252,1DC,CreditSolutions,1,1
2009-04-26 15:36:47.757,unknown,w-300250-DebtReduction1-1DC,TopLeft,DebtReductionInc,0.0,0.0,Debt Settlement1 Master,DC,7500-15000,google,www.google.com,Holding Tank - Debt,Debtchoice,debtchoice,http://www.debtreductioninc.com/index8.html,debt,300250,1DC,default,1,1
2009-09-09 00:00:00.000,good,w-302252-DebtReduction1-1DC-CreditSolutions,TopLeft,DebtReductionInc,5.0,5.0,creditsolutions-branded-shortform,MD,20001-30000,google,int.ask.com,Debt,Debt,debt one financial,http://www.debtreductioninc.com/index8.html,debt,302252,1DC,CreditSolutions,0,0
2009-06-18 12:29:47.000,bad,w-302252-DebtReduction1-1DC-white,TopLeft,DebtReductionInc,0.0,0.0,Debt Settlement1 Master,FL,30001-50000,google,googleads.g.doubleclick.net,Student Debt,,,http://www.debtreductioninc.com/index8.html,student_debt,302252,1DC,white,1,1
2009-07-12 14:50:40.957,unknown,w-302252-DebtReduction1-1DC-CreditSolutions,TopLeft,DebtReductionInc,5.0,5.0,creditsolutions-branded-shortform,PA,20001-30000,google,www.ehow.com,Credit Card Debt - high volume,,,http://www.debtreductioninc.com/index8.html,credit_general,302252,1DC,CreditSolutions,0,0
2009-08-13 13:52:04.627,unknown,w-302252-DebtReduction1-1DC-CreditSolutions,TopLeft,DebtReductionInc,3.0,3.0,creditsolutions-branded-shortform,PA,7500-15000,google,www.google.com,Holding Tank - Debt,Debt calculator,debt calculator,http://www.debtreductioninc.com/index8.html,debt,302252,1DC,CreditSolutions,0,0
2009-09-18 22:18:38.113,unknown,w-302252-DebtReduction1-1DC-white,TopLeft,DebtReductionInc,3.0,4.0,Debt Settlement1 Master,WV,7500-15000,yahoo,www.tvlegalhelp.com,Credit Card Consolidation,,,http://www.debtreductioninc.com/index8.html,credit_general,302252,1DC,white,0,0
2009-09-18 22:23:37.803,unknown,w-302252-DebtReduction1-1DC-yellowarrow-blue,TopLeft,DebtReductionInc,5.0,5.0,Debt Settlement1 Master,WV,90000-100000,yahoo,www.tvlegalhelp.com,Credit Card Consolidation,,,http://www.debtreductioninc.com/index8.html,credit_general,302252,1DC,yellowarrow-blue,0,0
2009-06-07 19:10:58.067,unknown,w-302252-DebtReduction1-1DC-white,TopLeft,DebtReductionInc,0.0,0.0,Debt Settlement1 Master,WV,7500-15000,yahoo,search.yahoo.com,Credit Card Debt,,paying off credit card bills,http://www.debtreductioninc.com/index8.html,credit_general,302252,1DC,white,1,1
2009-04-26 00:00:00.000,closed,w-300250-DebtReduction1-1DC-CreditSolutions,TopLeft,DebtReductionInc,0.0,0.0,creditsolutions-branded-shortform,WV,90000-100000,google,www.google.com,Holding Tank - Debt,Debtrescueusa,debtrescueusa,http://www.debtreductioninc.com/index8.html,debt,300250,1DC,CreditSolutions,1,1
2009-04-24 21:01:16.093,unknown,w-300250-DebtReduction1-2DC-CreditSolutions,TopLeft,DebtReductionInc,0.0,0.0,creditsolutions-branded-shortform,NY,7500-15000,google,www.google.com,How,How do i lower credit cards,how do i get credit cards to lower my interest,http://www.debtreductioninc.com/index8.html,other,300250,2DC,CreditSolutions,1,1
2009-07-03 07:59:59.427,unknown,w-302252-DebtReduction1-1DC,TopLeft,DebtReductionInc,0.0,2.0,Debt Settlement1 Master,NY,90000-100000,google,search.alot.com,Get Out Of Debt,Get out of debt,GET OUT OF DEBT,http://www.debtreductioninc.com/index8.html,debt,302252,1DC,default,1,0
2009-09-09 22:05:35.887,unknown,w-302252-DebtReduction1-1DC-CreditSolutions,TopLeft,DebtReductionInc,5.0,3.0,creditsolutions-branded-shortform,MA,20001-30000,adknowledge,us.mc322.mail.yahoo.com,Consolidate,,,http://www.debtreductioninc.com/index8.html,consolidation,302252,1DC,CreditSolutions,0,0
2009-07-26 08:09:25.693,unknown,w-302252-DebtReduction1-1DC-yellowarrow-blue,TopLeft,DebtReductionInc,5.0,5.0,Debt Settlement1 Master,MA,90000-100000,google,ezinearticles.com,Lower Payments,,,http://www.debtreductioninc.com/index8.html,lower_payment,302252,1DC,yellowarrow-blue,0,0
2009-09-01 00:59:34.353,unknown,w-302252-DebtReduction1-1DC-white,TopLeft,DebtReductionInc,5.0,3.0,Debt Settlement1 Master,PA,20001-30000,google,www.wikihow.com,Credit Card Debt - high volume,,,http://www.debtreductioninc.com/index8.html,credit_general,302252,1DC,white,0,0
2009-09-04 12:33:10.000,bad,w-302252-DebtReduction1-1DC-CreditSolutions,TopLeft,DebtReductionInc,5.0,3.0,creditsolutions-branded-shortform,PA,7500-15000,google,search.aol.com,Debt Services,Superior debt service,Superior Dept Service,http://www.debtreductioninc.com/index8.html,debt,302252,1DC,CreditSolutions,0,0
2009-07-28 17:36:11.037,unknown,w-302252-DebtReduction1-1DC-CreditSolutions,TopLeft,DebtReductionInc,4.0,5.0,creditsolutions-branded-shortform,PA,7500-15000,google,finance.kosmix.com,Lower Payments,Credit card payments,,http://www.debtreductioninc.com/index8.html,lower_payment,302252,1DC,CreditSolutions,0,0
2009-04-02 19:43:36.853,unknown,w-300250-DebtReduction1-1DC,TopLeft,DebtReductionInc,0.0,0.0,Debt Settlement1 Master,NY,7500-15000,adknowledge,us.mc01g.mail.yahoo.com,Consolidate,,,http://www.debtreductioninc.com/index8.html,consolidation,300250,1DC,default,1,1
2009-09-08 00:00:00.000,good,w-302252-DebtReduction1-1DC-white,TopLeft,DebtReductionInc,0.0,0.0,Debt Settlement1 Master,NY,15001-20000,google,mws.ask.com,Holding Tank - Debt,Debt bailout,,http://www.debtreductioninc.com/index8.html,debt,302252,1DC,white,1,1
2009-07-19 00:00:00.000,closed,w-302252-DebtReduction1-1DC-white,TopLeft,DebtReductionInc,5.0,4.0,Debt Settlement1 Master,IN,50001-70000,google,ezinearticles.com,Credit Card Debt - high volume,,,http://www.debtreductioninc.com/index8.html,credit_general,302252,1DC,white,0,0
2009-09-20 07:18:30.177,unknown,w-302252-DebtReduction1-1DC-yellowarrow-blue,TopLeft,DebtReductionInc,5.0,5.0,Debt Settlement1 Master,IN,50001-70000,google,www.google.com,Holding Tank - Debt,Transforming debt into wealth,transforming debt into wealth,http://www.debtreductioninc.com/index8.html,debt,302252,1DC,yellowarrow-blue,0,0
2009-05-19 09:39:02.557,unknown,w-302252-DebtReduction1-1DC,TopLeft,DebtReductionInc,0.0,0.0,Debt Settlement1 Master,NY,7500-15000,yahoo,search.yahoo.com,Get Out Of Debt,,get out of debt free,http://www.debtreductioninc.com/index8.html,debt,302252,1DC,default,1,1
2009-05-01 00:00:00.000,closed,w-300250-DebtReduction1-1DC-BlueMeter,TopLeft,DebtReductionInc,0.0,0.0,Debt Settlement1 Master,CA,50001-70000,yahoo,search.yahoo.com,File Bankruptcy,,how to file bankruptcy in california,http://www.debtreductioninc.com/index8.html,bankrup,300250,1DC,BlueMeter,1,1
2009-07-26 23:59:21.670,unknown,w-302252-DebtReduction1-1DC-CreditSolutions,TopLeft,DebtReductionInc,5.0,5.0,creditsolutions-branded-shortform,CA,More_than_100000,yahoo,search.yahoo.com,Get Out Of Debt,,how to get out of debt,http://www.debtreductioninc.com/index8.html,debt,302252,1DC,CreditSolutions,0,0
2009-05-04 14:21:46.287,unknown,w-300250-DebtReduction1-2DC-CreditSolutions,TopLeft,DebtReductionInc,0.0,0.0,creditsolutions-branded-shortform,NY,7500-15000,google,en.allexperts.com,How,debt,,http://www.debtreductioninc.com/index8.html,other,300250,2DC,CreditSolutions,1,1
2009-06-05 13:02:16.493,unknown,w-302252-DebtReduction1-1DC,TopLeft,DebtReductionInc,0.0,0.0,Debt Settlement1 Master,NY,7500-15000,google,www.webcrawler.com,Lower Payments,Credit card payments,,http://www.debtreductioninc.com/index8.html,lower_payment,302252,1DC,default,1,1
2009-05-20 19:34:51.727,unknown,w-302252-DebtReduction1-1DC-white,TopLeft,DebtReductionInc,0.0,0.0,Debt Settlement1 Master,MD,30001-50000,yahoo,www.fairhavengroup.com,Debt Consolidation,,,http://www.debtreductioninc.com/index8.html,consolidation,302252,1DC,white,1,1
2009-05-14 07:13:33.350,unknown,w-302252-DebtReduction1-1DC,TopLeft,DebtReductionInc,0.0,0.0,Debt Settlement1 Master,MD,20001-30000,google,googleads.g.doubleclick.net,Credit Card Debt - high volume,,,http://www.debtreductioninc.com/index8.html,credit_general,302252,1DC,default,1,1
2009-05-15 18:48:07.000,bad,w-302252-DebtReduction1-1DC-CreditSolutions,TopLeft,DebtReductionInc,0.0,0.0,creditsolutions-branded-shortform,MA,7500-15000,google,googleads.g.doubleclick.net,Credit Card Debt - high volume,,,http://www.debtreductioninc.com/index8.html,credit_general,302252,1DC,CreditSolutions,1,1
2009-06-23 23:04:49.270,unknown,w-302252-DebtReduction1-1DC-CreditSolutions,TopLeft,DebtReductionInc,0.0,0.0,creditsolutions-branded-shortform,IL,70001-90000,google,ezinearticles.com,Student Debt,,,http://www.debtreductioninc.com/index12.html,student_debt,302252,1DC,CreditSolutions,1,1
2009-06-16 19:42:43.137,unknown,w-302252-DebtReduction1-1DC,TopLeft,DebtReductionInc,0.0,0.0,Debt Settlement1 Master,CA,7500-15000,yahoo,search.yahoo.com,Bankruptcy And Chapter 7,,filing bankruptcy california,http://www.debtreductioninc.com/index8.html,bankrup,302252,1DC,default,1,1
2009-04-17 02:53:06.013,unknown,w-300250-DebtReduction1-2DC-BlueMeter,TopLeft,DebtReductionInc,0.0,0.0,Debt Settlement1 Master,FL,7500-15000,yahoo,spectrumhomeloan.com,Be Debt Free,,,http://www.debtreductioninc.com/index8.html,debt,300250,2DC,BlueMeter,1,1
2009-05-03 05:23:56.330,unknown,w-300250-DebtReduction1-1DC-Head2,TopLeft,DebtReductionInc,0.0,0.0,Debt Settlement1 Master,FL,30001-50000,google,googleads.g.doubleclick.net,Credit Card Debt - high volume,,,http://www.debtreductioninc.com/index8.html,credit_general,300250,1DC,Head2,1,1
2009-09-12 00:00:00.000,closed,w-302252-DebtReduction1-1DC-yellowarrow-blue,TopLeft,DebtReductionInc,5.0,5.0,Debt Settlement1 Master,NV,30001-50000,yahoo,search.yahoo.com,About Debt Consolidation,,southern nevada debt consolidation,http://www.debtreductioninc.com/index8.html,consolidation,302252,1DC,yellowarrow-blue,0,0
2009-08-26 16:46:08.180,unknown,w-302252-DebtReduction1-1DC-CreditSolutions,TopLeft,DebtReductionInc,5.0,2.0,creditsolutions-branded-shortform,WA,30001-50000,google,www.orhardbank.com,Lower Payments,,,http://www.debtreductioninc.com/index12.html,lower_payment,302252,1DC,CreditSolutions,0,0
2009-09-19 00:51:37.423,unknown,w-302252-DebtReduction1-1DC-CreditSolutions,TopLeft,DebtReductionInc,5.0,3.0,creditsolutions-branded-shortform,NV,20001-30000,google,www.ehow.com,Credit Card Debt - high volume,,,http://www.debtreductioninc.com/index8.html,credit_general,302252,1DC,CreditSolutions,0,0
2009-08-19 09:30:10.160,unknown,w-302252-DebtReduction1-1DC-yellowarrow-dark,TopLeft,DebtReductionInc,5.0,4.0,Debt Settlement1 Master,FL,7500-15000,google,googleads.g.doubleclick.net,Debt Negotiation,,,http://www.debtreductioninc.com/index8.html,debt,302252,1DC,yellowarrow-dark,0,0
2009-06-10 23:29:13.827,unknown,w-302252-DebtReduction1-1DC-CreditSolutions,TopLeft,DebtReductionInc,0.0,0.0,creditsolutions-branded-shortform,FL,7500-15000,google,www.google.com,Lower Payments,Credit card payments,www.chase.com creditcards payment,http://www.debtreductioninc.com/index8.html,lower_payment,302252,1DC,CreditSolutions,1,1
2009-09-03 14:53:17.103,unknown,w-302252-DebtReduction1-1DC-CreditSolutions,TopLeft,DebtReductionInc,1.0,4.0,creditsolutions-branded-shortform,IL,20001-30000,google,googleads.g.doubleclick.net,Credit Card Debt - high volume,,,http://www.debtreductioninc.com/index8.html,credit_general,302252,1DC,CreditSolutions,0,0
2009-08-11 22:47:13.707,unknown,w-302252-DebtReduction1-1DC-CreditSolutions,TopLeft,DebtReductionInc,5.0,3.0,creditsolutions-branded-shortform,CA,7500-15000,google,www.fastbrowsersearch.com,Holding Tank - Debt,Legally erase your debt,,http://www.debtreductioninc.com/index8.html,debt,302252,1DC,CreditSolutions,0,0
2009-06-14 21:29:53.780,unknown,w-302252-DebtReduction1-1DC-CreditSolutions,TopLeft,DebtReductionInc,0.0,0.0,creditsolutions-branded-shortform,CA,30001-50000,google,www.google.com,Holding Tank - Debt,Debt free book,Debt free book,http://www.debtreductioninc.com/index8.html,debt,302252,1DC,CreditSolutions,1,1
2009-04-19 01:39:49.133,unknown,w-300250-DebtReduction1-2DC-CreditSolutions,TopLeft,DebtReductionInc,0.0,0.0,creditsolutions-branded-shortform,VA,7500-15000,yahoo,search.yahoo.com,Chapter 13,,filing chapter 13 in virginia,http://www.debtreductioninc.com/index8.html,bankrup,300250,2DC,CreditSolutions,1,1
2009-06-16 18:17:57.000,bad,w-302252-DebtReduction1-1DC-yellowarrow-blue,TopLeft,DebtReductionInc,0.0,0.0,Debt Settlement1 Master,FL,7500-15000,google,googleads.g.doubleclick.net,Student Debt,,,http://www.debtreductioninc.com/index8.html,student_debt,302252,1DC,yellowarrow-blue,1,1
2009-07-25 12:52:57.000,bad,w-302252-DebtReduction1-1DC-yellowarrow-dark,TopLeft,DebtReductionInc,5.0,4.0,Debt Settlement1 Master,MI,30001-50000,google,googleads.g.doubleclick.net,Student Debt,,,http://www.debtreductioninc.com/index12.html,student_debt,302252,1DC,yellowarrow-dark,0,0
2009-06-19 21:40:27.000,bad,w-302252-DebtReduction1-1DC-yellowarrow-blue,TopLeft,DebtReductionInc,0.0,0.0,Debt Settlement1 Master,MD,7500-15000,google,www.google.com,Lower Payments,Credit card payments,chase credit card payment,http://www.debtreductioninc.com/index8.html,lower_payment,302252,1DC,yellowarrow-blue,1,1
2009-06-17 09:35:39.157,unknown,w-302252-DebtReduction1-1DC-CreditSolutions,TopLeft,DebtReductionInc,0.0,0.0,creditsolutions-branded-shortform,VA,90000-100000,yahoo,unknown,Credit Card Debt,,,http://www.debtreductioninc.com/index8.html,credit_general,302252,1DC,CreditSolutions,1,1
2009-07-10 16:01:01.677,unknown,w-302252-DebtReduction1-1DC-CreditSolutions,TopLeft,DebtReductionInc,0.0,3.0,creditsolutions-branded-shortform,AL,30001-50000,google,googleads.g.doubleclick.net,Student Debt,,,http://www.debtreductioninc.com/index12.html,student_debt,302252,1DC,CreditSolutions,1,0
2009-06-19 00:00:00.000,closed,w-302252-DebtReduction1-1DC-CreditSolutions,TopLeft,DebtReductionInc,0.0,0.0,creditsolutions-branded-shortform,AL,50001-70000,google,search.comcast.net,Lower Payments,Credit card payments,Chase Credit Card Payment,http://www.debtreductioninc.com/index8.html,lower_payment,302252,1DC,CreditSolutions,1,1
2009-08-03 00:00:00.000,closed,w-302252-DebtReduction1-1DC-yellowarrow-dark,TopLeft,DebtReductionInc,5.0,5.0,Debt Settlement1 Master,AL,7500-15000,google,www.google.com,Debt,Debt,www.national debt counsler.com,http://www.debtreductioninc.com/index8.html,debt,302252,1DC,yellowarrow-dark,0,0
2009-09-04 18:28:09.000,bad,w-302252-DebtReduction1-1DC-CreditSolutions,TopLeft,DebtReductionInc,5.0,3.0,creditsolutions-branded-shortform,PA,20001-30000,adknowledge,us.mc431.mail.yahoo.com,Consolidate,,,http://www.debtreductioninc.com/index8.html,consolidation,302252,1DC,CreditSolutions,0,0
2009-04-07 21:19:47.617,unknown,w-300250-DebtReduction1-1DC,TopLeft,DebtReductionInc,0.0,0.0,Debt Settlement1 Master,AZ,20001-30000,google,www.google.com,Lower Payments,Credit card payments,credit card payments,http://www.debtreductioninc.com/index8.html,lower_payment,300250,1DC,default,1,1
2009-09-03 05:03:19.430,unknown,w-302252-DebtReduction1-1DC-CreditSolutions,TopLeft,DebtReductionInc,5.0,5.0,creditsolutions-branded-shortform,TX,15001-20000,google,googleads.g.doubleclick.net,Credit Card Debt - high volume,,,http://www.debtreductioninc.com/index8.html,credit_general,302252,1DC,CreditSolutions,0,0
2009-05-23 02:36:07.617,unknown,w-302252-DebtReduction1-1DC-white,TopLeft,DebtReductionInc,0.0,0.0,Debt Settlement1 Master,OR,More_than_100000,yahoo,search.yahoo.com,Chapter 13,,chapter 13 in oregon,http://www.debtreductioninc.com/index8.html,bankrup,302252,1DC,white,1,1
2009-06-01 00:00:00.000,closed,w-302252-DebtReduction1-1DC,TopLeft,DebtReductionInc,0.0,0.0,Debt Settlement1 Master,MT,20001-30000,yahoo,www.linkroll.com,Credit Card Debt Reduction,,,http://www.debtreductioninc.com/index8.html,credit_general,302252,1DC,default,1,1
2009-09-30 12:34:37.000,bad,w-302252-DebtReduction1-1DC-white,TopLeft,DebtReductionInc,5.0,3.0,Debt Settlement1 Master,MT,7500-15000,google,www.google.com,Credit Card Reduction,Credit card interest reduction,credit card interest rate reduction,http://www.debtreductioninc.com/index8.html,credit_general,302252,1DC,white,0,0
2009-09-21 00:00:00.000,closed,w-302252-DebtReduction1-1DC-CreditSolutions,TopLeft,DebtReductionInc,5.0,3.0,creditsolutions-branded-shortform,CO,7500-15000,google,www.google.com,Loan Default,Loan payment default,default loan repayment,http://www.debtreductioninc.com/index8.html,loan,302252,1DC,CreditSolutions,0,0
2009-09-14 16:53:07.917,unknown,w-302252-DebtReduction1-1DC-yellowarrow-dark,TopLeft,DebtReductionInc,5.0,3.0,Debt Settlement1 Master,CO,20001-30000,google,www.debtreductioninc.com,Lower Payments,,,http://www.debtreductioninc.com/index11.html,lower_payment,302252,1DC,yellowarrow-dark,0,0
2009-04-05 19:56:07.890,unknown,w-300250-DebtReduction1-1DC-Head3,TopLeft,DebtReductionInc,0.0,0.0,Debt Settlement1 Master,AZ,15001-20000,yahoo,search.yahoo.com,Credit Card Debt,,Paying down credit card debt,http://www.debtreductioninc.com/index8.html,credit_general,300250,1DC,Head3,1,1
2009-06-03 17:57:30.777,unknown,w-302252-DebtReduction1-1DC,TopLeft,DebtReductionInc,0.0,0.0,Debt Settlement1 Master,NM,30001-50000,yahoo,search.yahoo.com,Debt Consolidation,,small business bill consolidation loans,http://www.debtreductioninc.com/index8.html,consolidation,302252,1DC,default,1,1
2009-04-20 00:00:00.000,good,w-300250-DebtReduction1-1DC-Head2,TopLeft,DebtReductionInc,0.0,0.0,Debt Settlement1 Master,IA,More_than_100000,yahoo,search.yahoo.com,Stop Collections,,collecton laws,http://www.debtreductioninc.com/index8.html,collection,300250,1DC,Head2,1,1
2009-05-28 20:32:28.000,bad,w-302252-DebtReduction1-1DC-CreditSolutions,TopLeft,DebtReductionInc,0.0,0.0,creditsolutions-branded-shortform,CO,30001-50000,yahoo,studentdebtconsolidate.org,Student Debt Consolidation,,,http://www.debtreductioninc.com/index8.html,student_debt,302252,1DC,CreditSolutions,1,1
2009-07-02 23:50:01.080,unknown,w-302252-DebtReduction1-1DC-CreditSolutions,TopLeft,DebtReductionInc,0.0,5.0,creditsolutions-branded-shortform,MT,70001-90000,yahoo,search.yahoo.com,General Debt,,debt relief,http://www.debtreductioninc.com/index8.html,debt,302252,1DC,CreditSolutions,1,0
2009-08-19 12:07:08.957,unknown,w-302252-DebtReduction1-1DC-yellowarrow-blue,TopLeft,DebtReductionInc,5.0,5.0,Debt Settlement1 Master,CO,7500-15000,google,ezinearticles.com,Credit Card Debt - high volume,,,http://www.debtreductioninc.com/index8.html,credit_general,302252,1DC,yellowarrow-blue,0,0
2009-06-29 00:00:00.000,closed,w-302252-DebtReduction1-1DC-white,TopLeft,DebtReductionInc,0.0,3.0,Debt Settlement1 Master,CO,50001-70000,yahoo,webhelp.qwest.net,General Debt,,,http://www.debtreductioninc.com/index8.html,debt,302252,1DC,white,1,0
2009-08-01 00:00:00.000,closed,w-302252-DebtReduction1-1DC-yellowarrow-dark,TopLeft,DebtReductionInc,5.0,3.0,Debt Settlement1 Master,CO,70001-90000,yahoo,unknown,Credit Card Consolidation,,,http://www.debtreductioninc.com/index8.html,credit_general,302252,1DC,yellowarrow-dark,0,0
2009-08-07 17:02:18.400,unknown,w-302252-DebtReduction1-1DC-CreditSolutions,TopLeft,DebtReductionInc,5.0,4.0,creditsolutions-branded-shortform,OR,7500-15000,yahoo,www.justclicklocal.com,Debt Consolidation,,,http://www.debtreductioninc.com/index8.html,consolidation,302252,1DC,CreditSolutions,0,0
2009-07-03 22:35:55.453,unknown,w-302252-DebtReduction1-1DC-CreditSolutions,TopLeft,DebtReductionInc,0.0,3.0,creditsolutions-branded-shortform,CO,30001-50000,google,www.google.com,Holding Tank - Debt,Debt relief,"debt relief group in pueblo,co.",http://www.debtreductioninc.com/index8.html,debt,302252,1DC,CreditSolutions,1,0
2009-04-15 16:49:47.000,bad,w-300250-DebtReduction1-2DC-BlueMeter,TopLeft,DebtReductionInc,0.0,0.0,Debt Settlement1 Master,NM,More_than_100000,google,www.google.com,Student Debt,Student loan default,student loan default consolidation,http://www.debtreductioninc.com/index8.html,student_debt,300250,2DC,BlueMeter,1,1
2009-08-15 00:30:19.000,bad,w-302252-DebtReduction1-1DC-yellowarrow-blue,TopLeft,DebtReductionInc,1.0,5.0,Debt Settlement1 Master,AZ,7500-15000,google,www.google.com,Loan Default,Loan default help,student loan default help,http://www.debtreductioninc.com/index8.html,loan,302252,1DC,yellowarrow-blue,0,0
2009-08-06 18:45:18.247,unknown,w-302252-DebtReduction1-1DC-CreditSolutions,TopLeft,DebtReductionInc,5.0,5.0,creditsolutions-branded-shortform,PA,30001-50000,google,pubads.g.doubleclick.net,Lower Payments,,,http://www.debtreductioninc.com/index12.html,lower_payment,302252,1DC,CreditSolutions,0,0
2009-06-20 12:11:06.720,unknown,w-302252-DebtReduction1-1DC-CreditSolutions,TopLeft,DebtReductionInc,0.0,0.0,creditsolutions-branded-shortform,FL,20001-30000,google,www.google.com,Lower Payments,Credit card payments,chase.com creditcards payment,http://www.debtreductioninc.com/index8.html,lower_payment,302252,1DC,CreditSolutions,1,1
2009-06-20 01:37:09.400,unknown,w-302252-DebtReduction1-1DC-CreditSolutions,TopLeft,DebtReductionInc,0.0,0.0,creditsolutions-branded-shortform,FL,30001-50000,google,collegesavings.about.com,Student Debt,,,http://www.debtreductioninc.com/index8.html,student_debt,302252,1DC,CreditSolutions,1,1
2009-09-20 22:37:28.283,unknown,w-302252-DebtReduction1-1DC-yellowarrow,TopLeft,DebtReductionInc,3.0,3.0,Debt Settlement1 Master,WA,7500-15000,yahoo,search.yahoo.com,Credit Card Consolidation,,debt consolidation,http://www.debtreductioninc.com/index8.html,credit_general,302252,1DC,yellowarrow,0,0
2009-09-28 18:24:36.310,unknown,w-302252-DebtReduction1-1DC-yellowarrow-blue,TopLeft,DebtReductionInc,5.0,5.0,Debt Settlement1 Master,MA,30001-50000,google,www.google.com,Loan Default,Loan default help,student loan default help,http://www.debtreductioninc.com/index8.html,loan,302252,1DC,yellowarrow-blue,0,0
2009-06-27 12:30:51.550,unknown,w-302252-DebtReduction1-1DC-white,TopLeft,DebtReductionInc,0.0,3.0,Debt Settlement1 Master,CT,7500-15000,adknowledge,www.bing.com,Consolidate,,debt con,http://www.debtreductioninc.com/index8.html,consolidation,302252,1DC,white,1,0
2009-04-06 18:10:59.603,unknown,w-300250-DebtReduction1-2DC-BlueMeter,TopLeft,DebtReductionInc,0.0,0.0,Debt Settlement1 Master,PA,50001-70000,google,search.cnn.com,Debt Credit Services,Credit services,,http://www.debtreductioninc.com/index8.html,credit_general,300250,2DC,BlueMeter,1,1
2009-08-03 00:00:00.000,good,w-302252-DebtReduction1-1DC-yellowarrow-blue,TopLeft,DebtReductionInc,2.0,3.0,Debt Settlement1 Master,CO,15001-20000,google,googleads.g.doubleclick.net,Credit Card Debt - high volume,,,http://www.debtreductioninc.com/index8.html,credit_general,302252,1DC,yellowarrow-blue,0,0
2009-08-13 13:23:06.207,unknown,w-302252-DebtReduction1-1DC-yellowarrow-blue,TopLeft,DebtReductionInc,5.0,4.0,Debt Settlement1 Master,OR,7500-15000,google,finance.kosmix.com,Lower Payments,Credit card payments,,http://www.debtreductioninc.com/index8.html,lower_payment,302252,1DC,yellowarrow-blue,0,0
2009-06-04 21:51:24.157,unknown,w-302252-DebtReduction1-1DC-CreditSolutions,TopLeft,DebtReductionInc,0.0,0.0,creditsolutions-branded-shortform,CO,7500-15000,google,www.google.com,Student Debt,Student loan default,pay my default student loan for me please,http://www.debtreductioninc.com/index8.html,student_debt,302252,1DC,CreditSolutions,1,1
2009-07-26 08:54:25.887,unknown,w-302252-DebtReduction1-1DC-CreditSolutions,TopLeft,DebtReductionInc,5.0,5.0,creditsolutions-branded-shortform,MI,50001-70000,google,unknown,Student Debt,,,http://www.debtreductioninc.com/index11.html,student_debt,302252,1DC,CreditSolutions,0,0
2009-04-19 00:00:00.000,closed,w-300250-DebtReduction1-1DC-Head2,TopLeft,DebtReductionInc,0.0,0.0,Debt Settlement1 Master,MI,90000-100000,google,www.google.com,Holding Tank - Debt,Visa debt,visa debt,http://www.debtreductioninc.com/index8.html,debt,300250,1DC,Head2,1,1
2009-08-23 17:35:26.580,unknown,w-302252-DebtReduction1-1DC-white,TopLeft,DebtReductionInc,5.0,2.0,Debt Settlement1 Master,IL,7500-15000,google,www.google.com,Lower Payments,Lower monthly bills,lowering monthly bills,http://www.debtreductioninc.com/index8.html,lower_payment,302252,1DC,white,0,0
2009-06-12 11:36:09.560,unknown,w-302252-DebtReduction1-1DC-white,TopLeft,DebtReductionInc,0.0,0.0,Debt Settlement1 Master,IL,15001-20000,adknowledge,www.bing.com,Consolidate,,debt stoppers,http://www.debtreductioninc.com/index8.html,consolidation,302252,1DC,white,1,1
2009-04-05 17:43:16.000,bad,w-300250-DebtReduction1-1DC-Head3,TopLeft,DebtReductionInc,0.0,0.0,Debt Settlement1 Master,IL,50001-70000,yahoo,directory.consumeronly.com,Lower Payments,,,http://www.debtreductioninc.com/index8.html,lower_payment,300250,1DC,Head3,1,1
2009-07-24 04:05:39.857,unknown,w-302252-DebtReduction1-1DC-white,TopLeft,DebtReductionInc,4.0,4.0,Debt Settlement1 Master,IL,7500-15000,google,unknown,Student Debt,,,http://www.debtreductioninc.com/index11.html,student_debt,302252,1DC,white,0,0
2009-07-28 22:20:09.750,unknown,w-302252-DebtReduction1-1DC-white,TopLeft,DebtReductionInc,5.0,3.0,Debt Settlement1 Master,IL,15001-20000,yahoo,firsnationalcc.com,Credit Card Consolidation,,,http://www.debtreductioninc.com/index8.html,credit_general,302252,1DC,white,0,0
2009-07-10 13:07:02.423,unknown,w-302252-DebtReduction1-1DC-CreditSolutions,TopLeft,DebtReductionInc,0.0,3.0,creditsolutions-branded-shortform,PA,20001-30000,google,ezinearticles.com,Credit Card Debt - high volume,,,http://www.debtreductioninc.com/index8.html,credit_general,302252,1DC,CreditSolutions,1,0
2009-07-25 15:03:30.700,unknown,w-302252-DebtReduction1-1DC-yellowarrow-blue,TopLeft,DebtReductionInc,5.0,5.0,Debt Settlement1 Master,PA,7500-15000,google,finance.kosmix.com,Lower Payments,Credit card payments,,http://www.debtreductioninc.com/index8.html,lower_payment,302252,1DC,yellowarrow-blue,0,0
2009-06-28 10:55:45.237,unknown,w-302252-DebtReduction1-1DC-yellowarrow-blue,TopLeft,DebtReductionInc,0.0,3.0,Debt Settlement1 Master,VA,15001-20000,google,wiki.answers.com,Student Debt,,,http://www.debtreductioninc.com/index8.html,student_debt,302252,1DC,yellowarrow-blue,1,0
2009-04-27 22:36:40.103,unknown,w-300250-DebtReduction1-2DC-CreditSolutions,TopLeft,DebtReductionInc,0.0,0.0,creditsolutions-branded-shortform,CA,50001-70000,yahoo,search.yahoo.com,Chapter 7 Bankruptcy,,bankruptcy laws,http://www.debtreductioninc.com/index8.html,bankrup,300250,2DC,CreditSolutions,1,1
2009-05-16 09:04:26.757,unknown,w-302252-DebtReduction1-1DC-white,TopLeft,DebtReductionInc,0.0,0.0,Debt Settlement1 Master,IL,7500-15000,yahoo,search.yahoo.com,Credit Card Debt,,negotiating credit card debt,http://www.debtreductioninc.com/index8.html,credit_general,302252,1DC,white,1,1
2009-05-21 06:34:22.163,unknown,w-302252-DebtReduction1-1DC-CreditSolutions,TopLeft,DebtReductionInc,0.0,0.0,creditsolutions-branded-shortform,IL,7500-15000,yahoo,search.yahoo.com,Get Out Of Debt,,ways to get out of debt,http://www.debtreductioninc.com/index8.html,debt,302252,1DC,CreditSolutions,1,1
2009-06-12 20:54:19.000,bad,w-302252-DebtReduction1-1DC,TopLeft,DebtReductionInc,0.0,0.0,Debt Settlement1 Master,MD,20001-30000,google,www.google.com,Holding Tank - Debt,Debt cures,debt cures,http://www.debtreductioninc.com/index8.html,debt,302252,1DC,default,1,1
2009-06-19 01:16:44.000,bad,w-302252-DebtReduction1-1DC,TopLeft,DebtReductionInc,0.0,0.0,Debt Settlement1 Master,MD,20001-30000,google,www.google.com,Holding Tank - Debt,Debt cures,debt cures written by woman,http://www.debtreductioninc.com/index8.html,debt,302252,1DC,default,1,1
2009-04-11 11:32:54.937,unknown,w-300250-DebtReduction1-1DC-BlueMeter,TopLeft,DebtReductionInc,0.0,0.0,Debt Settlement1 Master,MD,70001-90000,google,ezinearticles.com,Stop Collections,,,http://www.debtreductioninc.com/index8.html,collection,300250,1DC,BlueMeter,1,1
2009-07-21 17:44:54.740,unknown,w-302252-DebtReduction1-1DC-CreditSolutions,TopLeft,DebtReductionInc,5.0,3.0,creditsolutions-branded-shortform,NY,7500-15000,google,www.google.com,Holding Tank - Debt,Settling credit card debt,settling credit card debt,http://www.debtreductioninc.com/index8.html,debt,302252,1DC,CreditSolutions,0,0
2009-04-21 08:34:29.367,unknown,w-300250-DebtReduction1-1DC-BlueMeter,TopLeft,DebtReductionInc,0.0,0.0,Debt Settlement1 Master,NY,15001-20000,google,www.google.com,Holding Tank - Debt,Debt letters,debt  letters or templates,http://www.debtreductioninc.com/index8.html,debt,300250,1DC,BlueMeter,1,1
2009-05-20 17:07:52.520,unknown,w-302252-DebtReduction1-1DC,TopLeft,DebtReductionInc,0.0,0.0,Debt Settlement1 Master,VA,More_than_100000,google,unknown,Credit Card Debt - high volume,,,http://www.debtreductioninc.com/index8.html,credit_general,302252,1DC,default,1,1
2009-07-26 08:26:25.717,unknown,w-302252-DebtReduction1-1DC-CreditSolutions,TopLeft,DebtReductionInc,5.0,3.0,creditsolutions-branded-shortform,NY,30001-50000,google,www.google.com,Holding Tank - Debt,Www debtfree com,www.debtfree.com,http://www.debtreductioninc.com/index8.html,debt,302252,1DC,CreditSolutions,0,0
2009-05-15 13:58:21.603,unknown,w-302252-DebtReduction1-1DC-CreditSolutions,TopLeft,DebtReductionInc,0.0,0.0,creditsolutions-branded-shortform,VA,More_than_100000,adknowledge,unknown,Consolidate,,,http://www.debtreductioninc.com/index8.html,consolidation,302252,1DC,CreditSolutions,1,1
2009-06-10 08:59:50.000,bad,w-302252-DebtReduction1-1DC-CreditSolutions,TopLeft,DebtReductionInc,0.0,0.0,creditsolutions-branded-shortform,VA,30001-50000,yahoo,wwwwz.websearch.verizon.net,Debt Program,,,http://www.debtreductioninc.com/index8.html,debt,302252,1DC,CreditSolutions,1,1
2009-04-17 07:44:04.347,unknown,w-300250-DebtReduction1-1DC,TopLeft,DebtReductionInc,0.0,0.0,Debt Settlement1 Master,VA,7500-15000,google,searchportal.information.com,Lower Payments,Credit card payments,,http://www.debtreductioninc.com/index8.html,lower_payment,300250,1DC,default,1,1
2009-07-13 18:18:57.000,bad,w-302252-DebtReduction1-1DC-CreditSolutions,TopLeft,DebtReductionInc,0.0,0.0,creditsolutions-branded-shortform,MD,15001-20000,google,www.verizon.net,Holding Tank - Debt,Consumer debt advocate,,http://www.debtreductioninc.com/index8.html,debt,302252,1DC,CreditSolutions,1,1
2009-06-01 19:21:47.083,unknown,w-302252-DebtReduction1-1DC-CreditSolutions,TopLeft,DebtReductionInc,0.0,0.0,creditsolutions-branded-shortform,TX,7500-15000,google,www.google.com,Holding Tank - Debt,Consumer debt initiative,Consumer Debt Initiative,http://www.debtreductioninc.com/index8.html,debt,302252,1DC,CreditSolutions,1,1
2009-05-21 10:17:22.283,unknown,w-302252-DebtReduction1-1DC,TopLeft,DebtReductionInc,0.0,0.0,Debt Settlement1 Master,FL,20001-30000,google,www.google.com,Holding Tank - Debt,National debt relief initiative,national debt relief initiative,http://www.debtreductioninc.com/index8.html,debt,302252,1DC,default,1,1
2009-06-28 12:00:45.077,unknown,w-302252-DebtReduction1-1DC-white,TopLeft,DebtReductionInc,0.0,4.0,Debt Settlement1 Master,MT,30001-50000,google,googleads.g.doubleclick.net,How,debt,,http://www.debtreductioninc.com/index8.html,other,302252,1DC,white,1,0
2009-07-02 07:24:02.000,bad,w-302252-DebtReduction1-1DC-CreditSolutions,TopLeft,DebtReductionInc,0.0,5.0,creditsolutions-branded-shortform,CO,50001-70000,google,unknown,Student Debt,,,http://www.debtreductioninc.com/index8.html,student_debt,302252,1DC,CreditSolutions,1,0
2009-06-18 07:24:48.000,bad,w-302252-DebtReduction1-1DC,TopLeft,DebtReductionInc,0.0,0.0,Debt Settlement1 Master,CO,7500-15000,yahoo,search.yahoo.com,Debt Consolidation,,debt consolidation,http://www.debtreductioninc.com/index8.html,consolidation,302252,1DC,default,1,1
2009-07-22 20:50:47.800,unknown,w-302252-DebtReduction1-1DC-CreditSolutions,TopLeft,DebtReductionInc,5.0,5.0,creditsolutions-branded-shortform,AZ,20001-30000,yahoo,us.yhs.search.yahoo.com,Debt Consolidation,,non prophet debt consolidators,http://www.debtreductioninc.com/index8.html,consolidation,302252,1DC,CreditSolutions,0,0
2009-07-21 17:37:54.720,unknown,w-302252-DebtReduction1-1DC-CreditSolutions,TopLeft,DebtReductionInc,5.0,5.0,creditsolutions-branded-shortform,AZ,20001-30000,google,www.google.com,Holding Tank - Debt,Consumer debt initiative,consumer debt initiative,http://www.debtreductioninc.com/index8.html,debt,302252,1DC,CreditSolutions,0,0
2009-04-20 00:00:00.000,closed,w-300250-DebtReduction1-1DC-CreditSolutions,TopLeft,DebtReductionInc,0.0,0.0,creditsolutions-branded-shortform,NM,20001-30000,google,www.google.com,Holding Tank - Debt,Consumer debt initiative,consumer debt initiative,http://www.debtreductioninc.com/index8.html,debt,300250,1DC,CreditSolutions,1,1
2009-08-04 09:52:30.877,unknown,w-302252-DebtReduction1-1DC-CreditSolutions,TopLeft,DebtReductionInc,5.0,2.0,creditsolutions-branded-shortform,TX,50001-70000,google,www.ehow.com,Credit Card Debt - high volume,,,http://www.debtreductioninc.com/index8.html,credit_general,302252,1DC,CreditSolutions,0,0
2009-09-15 07:35:01.067,unknown,w-302252-DebtReduction1-1DC-CreditSolutions,TopLeft,DebtReductionInc,1.0,3.0,creditsolutions-branded-shortform,TX,30001-50000,yahoo,search.yahoo.com,Debt Consolidate,,consolidate bills,http://www.debtreductioninc.com/index8.html,consolidation,302252,1DC,CreditSolutions,0,0
2009-04-08 15:01:40.643,unknown,w-300250-DebtReduction1-2DC-BlueMeter,TopLeft,DebtReductionInc,0.0,0.0,Debt Settlement1 Master,FL,20001-30000,google,www.google.com,Student Debt,Student loan default,defaultedstudentloans,http://www.debtreductioninc.com/index8.html,student_debt,300250,2DC,BlueMeter,1,1
2009-04-17 15:11:29.000,bad,w-300250-DebtReduction1-1DC,TopLeft,DebtReductionInc,0.0,0.0,Debt Settlement1 Master,NV,50001-70000,yahoo,search.yahoo.com,Chapter 7 Bankruptcy,,bankruptcy laws,http://www.debtreductioninc.com/index8.html,bankrup,300250,1DC,default,1,1
2009-08-14 20:35:38.927,unknown,w-302252-DebtReduction1-1DC-white,TopLeft,DebtReductionInc,5.0,2.0,Debt Settlement1 Master,NV,15001-20000,google,unknown,Loan Default,Loans in default,,http://www.debtreductioninc.com/index8.html,loan,302252,1DC,white,0,0
2009-09-22 21:43:13.130,unknown,w-302252-DebtReduction1-1DC-CreditSolutions,TopLeft,DebtReductionInc,5.0,5.0,creditsolutions-branded-shortform,MO,20001-30000,google,search.aol.com,Holding Tank - Debt,Pacific debt,pacific debt inc,http://www.debtreductioninc.com/index8.html,debt,302252,1DC,CreditSolutions,0,0
2009-04-10 17:56:24.000,bad,w-300250-DebtReduction1-1DC-Head3,TopLeft,DebtReductionInc,0.0,0.0,Debt Settlement1 Master,MO,7500-15000,google,pagead2.googlesyndication.com,Student Debt,,,http://www.debtreductioninc.com/index8.html,student_debt,300250,1DC,Head3,1,1
2009-06-28 23:14:42.463,unknown,w-302252-DebtReduction1-1DC-white,TopLeft,DebtReductionInc,0.0,5.0,Debt Settlement1 Master,TX,50001-70000,google,googleads.g.doubleclick.net,Student Debt,,,http://www.debtreductioninc.com/index8.html,student_debt,302252,1DC,white,1,0
2009-04-22 22:04:16.357,unknown,w-300250-DebtReduction1-1DC-Head2,TopLeft,DebtReductionInc,0.0,0.0,Debt Settlement1 Master,NV,More_than_100000,yahoo,search.yahoo.com,Get Out Of Debt,,get out of debt free,http://www.debtreductioninc.com/index8.html,debt,300250,1DC,Head2,1,1
2009-05-14 17:52:29.260,unknown,w-302252-DebtReduction1-1DC-white,TopLeft,DebtReductionInc,0.0,0.0,Debt Settlement1 Master,FL,7500-15000,yahoo,search.yahoo.com,Debt Arbitration,,professional debt reduction services,http://www.debtreductioninc.com/index8.html,debt,302252,1DC,white,1,1
2009-06-29 21:38:19.000,bad,w-302252-DebtReduction1-1DC-CreditSolutions,TopLeft,DebtReductionInc,0.0,3.0,creditsolutions-branded-shortform,MO,20001-30000,google,googleads.g.doubleclick.net,How,debt,,http://www.debtreductioninc.com/index8.html,other,302252,1DC,CreditSolutions,1,0
2009-04-11 23:05:50.387,unknown,w-300250-DebtReduction1-1DC-CreditSolutions,TopLeft,DebtReductionInc,0.0,0.0,creditsolutions-branded-shortform,PA,90000-100000,adknowledge,us.mc01g.mail.yahoo.com,Consolidate,,,http://www.debtreductioninc.com/index8.html,consolidation,300250,1DC,CreditSolutions,1,1
2009-07-29 21:04:03.677,unknown,w-302252-DebtReduction1-1DC-CreditSolutions,TopLeft,DebtReductionInc,5.0,5.0,creditsolutions-branded-shortform,OR,7500-15000,google,googleads.g.doubleclick.net,Credit Card Debt - high volume,,,http://www.debtreductioninc.com/index8.html,credit_general,302252,1DC,CreditSolutions,0,0
2009-09-07 13:34:51.343,unknown,w-302252-DebtReduction1-1DC-CreditSolutions,TopLeft,DebtReductionInc,5.0,5.0,creditsolutions-branded-shortform,WV,20001-30000,yahoo,search.yahoo.com,Credit Card Consolidation,,credit card debt consolidation,http://www.debtreductioninc.com/index8.html,credit_general,302252,1DC,CreditSolutions,0,0
2009-06-13 16:39:14.000,bad,w-302252-DebtReduction1-1DC-CreditSolutions,TopLeft,DebtReductionInc,0.0,0.0,creditsolutions-branded-shortform,WV,50001-70000,google,www.ehow.com,Student Debt,,,http://www.debtreductioninc.com/index8.html,student_debt,302252,1DC,CreditSolutions,1,1
2009-04-16 21:45:07.777,unknown,w-300250-DebtReduction1-1DC-CreditSolutions,TopLeft,DebtReductionInc,0.0,0.0,creditsolutions-branded-shortform,VA,More_than_100000,google,pagead2.googlesyndication.com,How,debt,,http://www.debtreductioninc.com/index8.html,other,300250,1DC,CreditSolutions,1,1
2009-05-25 18:30:45.920,unknown,w-302252-DebtReduction1-1DC-CreditSolutions,TopLeft,DebtReductionInc,0.0,0.0,creditsolutions-branded-shortform,VA,7500-15000,yahoo,search.yahoo.com,Get Out Of Debt,,best way to get out of credit card debt,http://www.debtreductioninc.com/index8.html,debt,302252,1DC,CreditSolutions,1,1
2009-08-20 14:27:01.590,unknown,w-302252-DebtReduction1-1DC-white,TopLeft,DebtReductionInc,5.0,5.0,Debt Settlement1 Master,VA,30001-50000,yahoo,search.yahoo.com,Debt Program,,national debt initiative program,http://www.debtreductioninc.com/index8.html,debt,302252,1DC,white,0,0
2009-05-29 13:31:15.603,unknown,w-302252-DebtReduction1-1DC,TopLeft,DebtReductionInc,0.0,0.0,Debt Settlement1 Master,CA,50001-70000,google,unknown,Student Debt,,,http://www.debtreductioninc.com/index12.html,student_debt,302252,1DC,default,1,1
2009-08-03 21:56:02.000,bad,w-302252-DebtReduction1-1DC-yellowarrow-dark,TopLeft,DebtReductionInc,5.0,3.0,Debt Settlement1 Master,CA,70001-90000,yahoo,search.yahoo.com,Bankruptcy - high volume,,free bankruptcy filing,http://www.debtreductioninc.com/index8.html,bankrup,302252,1DC,yellowarrow-dark,0,0
2009-08-11 18:00:17.000,bad,w-302252-DebtReduction1-1DC-CreditSolutions,TopLeft,DebtReductionInc,4.0,3.0,creditsolutions-branded-shortform,CA,7500-15000,google,www.google.com,Holding Tank - Debt,Debt cures,debt cures,http://www.debtreductioninc.com/index8.html,debt,302252,1DC,CreditSolutions,0,0
2009-06-20 17:04:05.437,unknown,w-302252-DebtReduction1-1DC-white,TopLeft,DebtReductionInc,0.0,0.0,Debt Settlement1 Master,MI,7500-15000,yahoo,search.yahoo.com,Debt Consolidation - high volume (LV),,debit consolidation,http://www.debtreductioninc.com/index8.html,consolidation,302252,1DC,white,1,1
2009-04-21 22:45:54.000,bad,w-300250-DebtReduction1-1DC-Head2,TopLeft,DebtReductionInc,0.0,0.0,Debt Settlement1 Master,VA,20001-30000,yahoo,search.yahoo.com,Get Out Of Debt,,ways to get out of debt,http://www.debtreductioninc.com/index8.html,debt,300250,1DC,Head2,1,1
2009-06-22 22:36:56.907,unknown,w-302252-DebtReduction1-1DC-yellowarrow-blue,TopLeft,DebtReductionInc,0.0,0.0,Debt Settlement1 Master,MA,20001-30000,google,www.google.com,Student Debt,Defaulted student loans,free legal advice on default student loans,http://www.debtreductioninc.com/index8.html,student_debt,302252,1DC,yellowarrow-blue,1,1
2009-06-19 23:02:11.940,unknown,w-302252-DebtReduction1-1DC-white,TopLeft,DebtReductionInc,0.0,0.0,Debt Settlement1 Master,CA,7500-15000,yahoo,search.yahoo.com,Bill Consolidation Loan (HV),,low interest loans,http://www.debtreductioninc.com/index8.html,consolidation,302252,1DC,white,1,1
2009-05-01 03:02:24.590,unknown,w-300250-DebtReduction1-2DC-BlueMeter,TopLeft,DebtReductionInc,0.0,0.0,Debt Settlement1 Master,AL,7500-15000,google,search.mywebsearch.com,How,How to lower credit card interest rates,,http://www.debtreductioninc.com/index8.html,other,300250,2DC,BlueMeter,1,1
2009-09-27 00:00:00.000,good,w-302252-DebtReduction1-1DC-CreditSolutions,TopLeft,DebtReductionInc,5.0,4.0,creditsolutions-branded-shortform,WA,7500-15000,yahoo,search.yahoo.com,Debt Consolidation,,debt consolidation programs goverment,http://www.debtreductioninc.com/index8.html,consolidation,302252,1DC,CreditSolutions,0,0
2009-08-14 19:33:40.043,unknown,w-302252-DebtReduction1-1DC-white,TopLeft,DebtReductionInc,3.0,3.0,Debt Settlement1 Master,CA,15001-20000,adknowledge,onecredit.com,Consolidate,,,http://www.debtreductioninc.com/index8.html,consolidation,302252,1DC,white,0,0
2009-08-24 22:57:20.210,unknown,w-302252-DebtReduction1-1DC-yellowarrow-blue,TopLeft,DebtReductionInc,5.0,5.0,Debt Settlement1 Master,WA,7500-15000,yahoo,search.yahoo.com,Debt Company,,debt management,http://www.debtreductioninc.com/index8.html,debt,302252,1DC,yellowarrow-blue,0,0
2009-05-26 17:38:38.380,unknown,w-302252-DebtReduction1-1DC-CreditSolutions,TopLeft,DebtReductionInc,0.0,0.0,creditsolutions-branded-shortform,OR,20001-30000,google,www.google.com,Debt Credit Services,Credit services,credit services,http://www.debtreductioninc.com/index8.html,credit_general,302252,1DC,CreditSolutions,1,1
2009-07-18 16:15:34.000,bad,w-302252-DebtReduction1-1DC-CreditSolutions,TopLeft,DebtReductionInc,2.0,4.0,creditsolutions-branded-shortform,CA,90000-100000,google,googleads.g.doubleclick.net,Student Debt,,,http://www.debtreductioninc.com/index12.html,student_debt,302252,1DC,CreditSolutions,0,0
2009-05-27 10:44:39.000,bad,w-302252-DebtReduction1-1DC-white,TopLeft,DebtReductionInc,0.0,0.0,Debt Settlement1 Master,CA,7500-15000,yahoo,search.yahoo.com,Stop Collections,,stop debt collectors,http://www.debtreductioninc.com/index8.html,collection,302252,1DC,white,1,1
2009-06-01 00:00:00.000,good,w-302252-DebtReduction1-1DC-CreditSolutions,TopLeft,DebtReductionInc,0.0,0.0,creditsolutions-branded-shortform,CA,70001-90000,yahoo,wwww11.charter.net,Debt Services,,,http://www.debtreductioninc.com/index8.html,debt,302252,1DC,CreditSolutions,1,1
2009-07-25 16:09:56.000,bad,w-302252-DebtReduction1-1DC-yellowarrow-blue,TopLeft,DebtReductionInc,5.0,5.0,Debt Settlement1 Master,IN,50001-70000,google,pubads.g.doubleclick.net,Student Debt,,,http://www.debtreductioninc.com/index12.html,student_debt,302252,1DC,yellowarrow-blue,0,0
2009-07-27 18:41:44.000,bad,w-302252-DebtReduction1-1DC-yellowarrow-blue,TopLeft,DebtReductionInc,5.0,3.0,Debt Settlement1 Master,FL,20001-30000,google,www.ask.com,Debt,Debt,gov fl debt,http://www.debtreductioninc.com/index8.html,debt,302252,1DC,yellowarrow-blue,0,0
2009-05-28 06:13:25.930,unknown,w-302252-DebtReduction1-1DC-white,TopLeft,DebtReductionInc,0.0,0.0,Debt Settlement1 Master,FL,7500-15000,yahoo,search.yahoo.com,Chapter 13 Bankruptcy,,chapter 13 bankruptcy forms,http://www.debtreductioninc.com/index8.html,bankrup,302252,1DC,white,1,1
2009-07-02 00:54:24.637,unknown,w-302252-DebtReduction1-1DC-CreditSolutions,TopLeft,DebtReductionInc,0.0,2.0,creditsolutions-branded-shortform,MO,More_than_100000,google,www.ehow.com,Student Debt,,,http://www.debtreductioninc.com/index8.html,student_debt,302252,1DC,CreditSolutions,1,0
2009-08-17 22:48:18.793,unknown,w-302252-DebtReduction1-1DC-CreditSolutions,TopLeft,DebtReductionInc,2.0,3.0,creditsolutions-branded-shortform,CA,7500-15000,google,pubads.g.doubleclick.net,Credit Card Debt - high volume,,,http://www.debtreductioninc.com/index8.html,credit_general,302252,1DC,CreditSolutions,0,0
2009-09-20 16:30:27.540,unknown,w-302252-DebtReduction1-1DC-CreditSolutions,TopLeft,DebtReductionInc,5.0,2.0,creditsolutions-branded-shortform,CA,15001-20000,yahoo,search.yahoo.com,Credit Card Consolidation,,debt consolidation,http://www.debtreductioninc.com/index8.html,credit_general,302252,1DC,CreditSolutions,0,0
2009-05-20 19:24:52.273,unknown,w-302252-DebtReduction1-1DC,TopLeft,DebtReductionInc,0.0,0.0,Debt Settlement1 Master,HI,20001-30000,yahoo,search.yahoo.com,General Debt,,debt collections help,http://www.debtreductioninc.com/index8.html,debt,302252,1DC,default,1,1
2009-08-05 18:45:26.980,unknown,w-302252-DebtReduction1-1DC-yellowarrow-blue,TopLeft,DebtReductionInc,1.0,5.0,Debt Settlement1 Master,MO,70001-90000,google,www.google.com,Debt Negotiation,Debt negotiation lawyer,"debt settlement lawyer, kansas city, mo",http://www.debtreductioninc.com/index8.html,debt,302252,1DC,yellowarrow-blue,0,0
2009-08-10 18:09:18.837,unknown,w-302252-DebtReduction1-1DC-CreditSolutions,TopLeft,DebtReductionInc,5.0,5.0,creditsolutions-branded-shortform,FL,30001-50000,google,www.google.com,Holding Tank - Debt,National debt relief initiative,national debt relief initiative,http://www.debtreductioninc.com/index8.html,debt,302252,1DC,CreditSolutions,0,0
2009-08-11 22:41:18.000,bad,w-302252-DebtReduction1-1DC-CreditSolutions,TopLeft,DebtReductionInc,5.0,5.0,creditsolutions-branded-shortform,FL,15001-20000,google,www.google.com,Holding Tank - Debt,Debt cures they don t want you to know about,debt cures they don't want you to know about,http://www.debtreductioninc.com/index8.html,debt,302252,1DC,CreditSolutions,0,0
2009-07-08 17:19:03.000,bad,w-302252-DebtReduction1-1DC-CreditSolutions,TopLeft,DebtReductionInc,0.0,5.0,creditsolutions-branded-shortform,FL,30001-50000,google,unknown,Student Debt,,,http://www.debtreductioninc.com/index8.html,student_debt,302252,1DC,CreditSolutions,1,0
2009-04-21 22:45:25.303,unknown,w-300250-DebtReduction1-1DC-Head2,TopLeft,DebtReductionInc,0.0,0.0,Debt Settlement1 Master,FL,7500-15000,yahoo,my.att.net,Debt Credit Services,,,http://www.debtreductioninc.com/index8.html,credit_general,300250,1DC,Head2,1,1
2009-05-15 17:40:31.967,unknown,w-302252-DebtReduction1-1DC-CreditSolutions,TopLeft,DebtReductionInc,0.0,0.0,creditsolutions-branded-shortform,LA,30001-50000,yahoo,www.bediddle.com,Chapter 13 Bankruptcy - high volume,,,http://www.debtreductioninc.com/index8.html,bankrup,302252,1DC,CreditSolutions,1,1
2009-08-22 12:17:15.777,unknown,w-302252-DebtReduction1-1DC-CreditSolutions,TopLeft,DebtReductionInc,5.0,5.0,creditsolutions-branded-shortform,FL,7500-15000,google,www.google.com,Debt Negotiation,Credit negotiators,dms credit negotiator,http://www.debtreductioninc.com/index8.html,debt,302252,1DC,CreditSolutions,0,0
2009-06-01 14:03:49.557,unknown,w-302252-DebtReduction1-1DC-CreditSolutions,TopLeft,DebtReductionInc,0.0,0.0,creditsolutions-branded-shortform,LA,20001-30000,yahoo,unknown,Get Out Of Debt,,,http://www.debtreductioninc.com/index8.html,debt,302252,1DC,CreditSolutions,1,1
2009-07-08 16:06:27.710,unknown,w-302252-DebtReduction1-1DC,TopLeft,DebtReductionInc,0.0,5.0,Debt Settlement1 Master,FL,7500-15000,google,www.google.com,Lower Payments,Credit card payments,chase.com creditcards payment,http://www.debtreductioninc.com/index8.html,lower_payment,302252,1DC,default,1,0
2009-08-13 09:07:07.180,unknown,w-302252-DebtReduction1-1DC-yellowarrow-blue,TopLeft,DebtReductionInc,5.0,3.0,Debt Settlement1 Master,FL,7500-15000,google,maps.google.com,Holding Tank - Debt,Credit counselor,"consumer credit counseling service in Jacksonville, FL",http://www.debtreductioninc.com/index8.html,debt,302252,1DC,yellowarrow-blue,0,0
2009-07-27 20:00:43.000,bad,w-302252-DebtReduction1-1DC-CreditSolutions,TopLeft,DebtReductionInc,5.0,5.0,creditsolutions-branded-shortform,FL,7500-15000,google,googleads.g.doubleclick.net,Student Debt,,http://www.scribd.com,http://www.debtreductioninc.com/index12.html,student_debt,302252,1DC,CreditSolutions,0,0
2009-07-22 19:57:12.000,bad,w-302252-DebtReduction1-1DC-white,TopLeft,DebtReductionInc,3.0,3.0,Debt Settlement1 Master,OR,50001-70000,yahoo,search.yahoo.com,General Debt,,become debt free,http://www.debtreductioninc.com/index8.html,debt,302252,1DC,white,0,0
2009-05-16 10:27:05.000,bad,w-302252-DebtReduction1-1DC-CreditSolutions,TopLeft,DebtReductionInc,0.0,0.0,creditsolutions-branded-shortform,CO,7500-15000,yahoo,www.alphadealt.com,Credit Card Debt - high volume,,,http://www.debtreductioninc.com/index8.html,credit_general,302252,1DC,CreditSolutions,1,1
2009-07-03 13:30:59.060,unknown,w-302252-DebtReduction1-1DC-CreditSolutions,TopLeft,DebtReductionInc,0.0,4.0,creditsolutions-branded-shortform,CO,20001-30000,google,www.ask.com,Holding Tank - Debt,Debt rescue usa,debt rescue USA solutions,http://www.debtreductioninc.com/index8.html,debt,302252,1DC,CreditSolutions,1,0
2009-05-02 12:51:01.820,unknown,w-300250-DebtReduction1-2DC-BlueMeter,TopLeft,DebtReductionInc,0.0,0.0,Debt Settlement1 Master,CO,More_than_100000,google,www.google.com,Holding Tank - Debt,Consumer debt advocates,consumer debt advocates,http://www.debtreductioninc.com/index8.html,debt,300250,2DC,BlueMeter,1,1
2009-09-08 00:00:00.000,good,w-302252-DebtReduction1-1DC-white,TopLeft,DebtReductionInc,1.0,3.0,Debt Settlement1 Master,CO,20001-30000,google,ezinearticles.com,Credit Card Debt - high volume,,,http://www.debtreductioninc.com/index8.html,credit_general,302252,1DC,white,0,0
2009-06-09 00:00:00.000,closed,w-302252-DebtReduction1-1DC-CreditSolutions,TopLeft,DebtReductionInc,0.0,0.0,creditsolutions-branded-shortform,MO,7500-15000,yahoo,www.searchnut.com,Debt Solution,,,http://www.debtreductioninc.com/index8.html,debt,302252,1DC,CreditSolutions,1,1
2009-04-22 15:43:18.343,unknown,w-300250-DebtReduction1-1DC,TopLeft,DebtReductionInc,0.0,0.0,Debt Settlement1 Master,MO,30001-50000,google,www.ask.com,Student Debt,Student loan default,defaulted student loan,http://www.debtreductioninc.com/index8.html,student_debt,300250,1DC,default,1,1
2009-05-27 00:16:36.760,unknown,w-302252-DebtReduction1-1DC-CreditSolutions,TopLeft,DebtReductionInc,0.0,0.0,creditsolutions-branded-shortform,AR,7500-15000,yahoo,unknown,General Debt,,,http://www.debtreductioninc.com/index8.html,debt,302252,1DC,CreditSolutions,1,1
2009-06-27 08:36:52.807,unknown,w-302252-DebtReduction1-1DC-yellowarrow-blue,TopLeft,DebtReductionInc,0.0,5.0,Debt Settlement1 Master,CO,20001-30000,google,googleads.g.doubleclick.net,Credit Card Debt - high volume,,,http://www.debtreductioninc.com/index8.html,credit_general,302252,1DC,yellowarrow-blue,1,0
2009-06-05 13:26:21.573,unknown,w-302252-DebtReduction1-1DC,TopLeft,DebtReductionInc,0.0,0.0,Debt Settlement1 Master,NY,20001-30000,yahoo,search.yahoo.com,About Debt Consolidation,,Debt consolidation NY,http://www.debtreductioninc.com/index8.html,consolidation,302252,1DC,default,1,1
2009-07-29 00:00:00.000,closed,w-302252-DebtReduction1-1DC-CreditSolutions,TopLeft,DebtReductionInc,5.0,5.0,creditsolutions-branded-shortform,AR,7500-15000,google,search.alot.com,Debt Program,Debt relief program,best debt releif programs,http://www.debtreductioninc.com/index8.html,debt,302252,1DC,CreditSolutions,0,0
2009-08-31 10:49:37.853,unknown,w-302252-DebtReduction1-1DC-yellowarrow,TopLeft,DebtReductionInc,5.0,3.0,Debt Settlement1 Master,TX,7500-15000,google,finance.kosmix.com,Lower Payments,Credit card payments,,http://www.debtreductioninc.com/index8.html,lower_payment,302252,1DC,yellowarrow,0,0
2009-04-11 21:36:14.000,bad,w-300250-DebtReduction1-2DC-CreditSolutions,TopLeft,DebtReductionInc,0.0,0.0,creditsolutions-branded-shortform,CO,20001-30000,google,www.google.com,General Debt,American debt solutions,american debt solutions,http://www.debtreductioninc.com/index8.html,debt,300250,2DC,CreditSolutions,1,1
2009-04-30 12:18:27.847,unknown,w-300250-DebtReduction1-1DC-Head3,TopLeft,DebtReductionInc,0.0,0.0,Debt Settlement1 Master,CO,15001-20000,google,www.google.com,Loan Default,Loan default help,student loan default assistance,http://www.debtreductioninc.com/index8.html,loan,300250,1DC,Head3,1,1
2009-07-27 21:56:16.803,unknown,w-302252-DebtReduction1-1DC-CreditSolutions,TopLeft,DebtReductionInc,5.0,5.0,creditsolutions-branded-shortform,CO,7500-15000,google,my.bresnan.net,Holding Tank - Debt,Debt services,,http://www.debtreductioninc.com/index8.html,debt,302252,1DC,CreditSolutions,0,0
2009-09-09 22:51:35.797,unknown,w-302252-DebtReduction1-1DC-yellowarrow-blue,TopLeft,DebtReductionInc,3.0,3.0,Debt Settlement1 Master,CO,7500-15000,adknowledge,www.bing.com,Consolidate,,clear my debt,http://www.debtreductioninc.com/index8.html,consolidation,302252,1DC,yellowarrow-blue,0,0
2009-05-05 20:48:39.640,unknown,w-300250-DebtReduction1-1DC-Head3,TopLeft,DebtReductionInc,0.0,0.0,Debt Settlement1 Master,TX,20001-30000,google,pagead2.googlesyndication.com,How,debt,,http://www.debtreductioninc.com/index8.html,other,300250,1DC,Head3,1,1
2009-09-03 09:05:19.023,unknown,w-302252-DebtReduction1-1DC-CreditSolutions,TopLeft,DebtReductionInc,5.0,3.0,creditsolutions-branded-shortform,TX,30001-50000,yahoo,search.yahoo.com,Chapter 7,,chapter 7 laws in texas,http://www.debtreductioninc.com/index8.html,bankrup,302252,1DC,CreditSolutions,0,0
2009-08-22 23:06:17.120,unknown,w-302252-DebtReduction1-1DC-white,TopLeft,DebtReductionInc,5.0,4.0,Debt Settlement1 Master,TX,15001-20000,yahoo,search.yahoo.com,Credit Debt Consolidation,,debt consolidation programs,http://www.debtreductioninc.com/index8.html,credit_general,302252,1DC,white,0,0
2009-05-12 17:44:37.793,unknown,w-302252-DebtReduction1-1DC-CreditSolutions,TopLeft,DebtReductionInc,0.0,0.0,creditsolutions-branded-shortform,TX,7500-15000,yahoo,espanol.search.yahoo.com,General Debt,,as sen on tv debt free,http://www.debtreductioninc.com/index8.html,debt,302252,1DC,CreditSolutions,1,1
2009-07-14 21:59:28.340,unknown,w-302252-DebtReduction1-1DC-CreditSolutions,TopLeft,DebtReductionInc,5.0,5.0,creditsolutions-branded-shortform,TX,70001-90000,google,googleads.g.doubleclick.net,Student Debt,,,http://www.debtreductioninc.com/index8.html,student_debt,302252,1DC,CreditSolutions,0,0
2009-07-20 18:02:19.000,bad,w-302252-DebtReduction1-1DC,TopLeft,DebtReductionInc,5.0,3.0,Debt Settlement1 Master,OK,7500-15000,yahoo,search.yahoo.com,About Debt Consolidation,,credit counseling in oklahoma,http://www.debtreductioninc.com/index8.html,consolidation,302252,1DC,default,0,0
2009-04-19 19:09:43.023,unknown,w-300250-DebtReduction1-2DC-BlueMeter,TopLeft,DebtReductionInc,0.0,0.0,Debt Settlement1 Master,TX,7500-15000,yahoo,search.yahoo.com,Get Out Of Debt,,get out of dept loans,http://www.debtreductioninc.com/index8.html,debt,300250,2DC,BlueMeter,1,1
2009-07-15 16:43:32.550,unknown,w-302252-DebtReduction1-1DC-CreditSolutions,TopLeft,DebtReductionInc,5.0,4.0,creditsolutions-branded-shortform,TX,30001-50000,yahoo,search.yahoo.com,Credit Card Debt Reduction,,reduce credit debt without bankruptcy,http://www.debtreductioninc.com/index8.html,credit_general,302252,1DC,CreditSolutions,0,0
2009-07-15 14:58:33.110,unknown,w-302252-DebtReduction1-1DC-white,TopLeft,DebtReductionInc,3.0,3.0,Debt Settlement1 Master,TX,50001-70000,google,googleads.g.doubleclick.net,Student Debt,,,http://www.debtreductioninc.com/index12.html,student_debt,302252,1DC,white,0,0
2009-09-16 10:40:53.540,unknown,w-302252-DebtReduction1-1DC-CreditSolutions,TopLeft,DebtReductionInc,2.0,2.0,creditsolutions-branded-shortform,FL,20001-30000,google,unknown,Holding Tank - Debt,Debt rescue usa,,http://www.debtreductioninc.com/index8.html,debt,302252,1DC,CreditSolutions,0,0
2009-04-12 00:00:00.000,good,w-300250-DebtReduction1-1DC-CreditSolutions,TopLeft,DebtReductionInc,0.0,0.0,creditsolutions-branded-shortform,FL,30001-50000,adknowledge,by116w.bay116.mail.live.com,Consolidate,,,http://www.debtreductioninc.com/index8.html,consolidation,300250,1DC,CreditSolutions,1,1
2009-06-12 22:18:18.000,bad,w-302252-DebtReduction1-1DC-CreditSolutions,TopLeft,DebtReductionInc,0.0,0.0,creditsolutions-branded-shortform,FL,7500-15000,yahoo,unknown,General Debt,,,http://www.debtreductioninc.com/index8.html,debt,302252,1DC,CreditSolutions,1,1
2009-05-15 00:00:00.000,closed,w-302252-DebtReduction1-1DC-CreditSolutions,TopLeft,DebtReductionInc,0.0,0.0,creditsolutions-branded-shortform,FL,90000-100000,adknowledge,unknown,Consolidate,,,http://www.debtreductioninc.com/index8.html,consolidation,302252,1DC,CreditSolutions,1,1
2009-04-12 19:51:42.680,unknown,w-300250-DebtReduction1-1DC,TopLeft,DebtReductionInc,0.0,0.0,Debt Settlement1 Master,FL,30001-50000,google,search.rr.com,Student Debt,Defaulted student loans,,http://www.debtreductioninc.com/index8.html,student_debt,300250,1DC,default,1,1
2009-08-04 06:12:31.243,unknown,w-302252-DebtReduction1-1DC-CreditSolutions,TopLeft,DebtReductionInc,5.0,5.0,creditsolutions-branded-shortform,FL,20001-30000,google,www.google.com,Holding Tank - Debt,National debt initiative,national debt initiative program,http://www.debtreductioninc.com/index8.html,debt,302252,1DC,CreditSolutions,0,0
2009-05-17 08:01:19.060,unknown,w-302252-DebtReduction1-1DC-white,TopLeft,DebtReductionInc,0.0,0.0,Debt Settlement1 Master,FL,20001-30000,google,financialplan.about.com,Credit Card Debt - high volume,,,http://www.debtreductioninc.com/index8.html,credit_general,302252,1DC,white,1,1
2009-06-07 15:38:59.217,unknown,w-302252-DebtReduction1-1DC-CreditSolutions,TopLeft,DebtReductionInc,0.0,0.0,creditsolutions-branded-shortform,FL,30001-50000,google,www.google.com,Debt Payment,Reduce debt payments,reduce apr and monthly payments,http://www.debtreductioninc.com/index8.html,debt,302252,1DC,CreditSolutions,1,1
2009-08-17 18:07:02.000,bad,w-302252-DebtReduction1-1DC-white,TopLeft,DebtReductionInc,5.0,3.0,Debt Settlement1 Master,FL,15001-20000,yahoo,www.bing.com,Debt Consolidation,,best debt consolidator,http://www.debtreductioninc.com/index8.html,consolidation,302252,1DC,white,0,0
2009-04-13 12:23:37.137,unknown,w-300250-DebtReduction1-1DC-BlueMeter,TopLeft,DebtReductionInc,0.0,0.0,Debt Settlement1 Master,TX,20001-30000,google,www.google.com,Stop Collections,Creditor harassment,how to stop creditor harassment when u don't have any money,http://www.debtreductioninc.com/index8.html,collection,300250,1DC,BlueMeter,1,1
2009-05-16 00:00:00.000,closed,w-302252-DebtReduction1-1DC-CreditSolutions,TopLeft,DebtReductionInc,0.0,0.0,creditsolutions-branded-shortform,TX,70001-90000,yahoo,search.yahoo.com,Debt Consolidation,,debt consoladation,http://www.debtreductioninc.com/index8.html,consolidation,302252,1DC,CreditSolutions,1,1
2009-06-09 21:04:40.557,unknown,w-302252-DebtReduction1-1DC,TopLeft,DebtReductionInc,0.0,0.0,Debt Settlement1 Master,TX,90000-100000,google,www.ehow.com,Student Debt,,,http://www.debtreductioninc.com/index8.html,student_debt,302252,1DC,default,1,1
2009-04-17 09:19:03.693,unknown,w-300250-DebtReduction1-1DC-BlueMeter,TopLeft,DebtReductionInc,0.0,0.0,Debt Settlement1 Master,TX,7500-15000,yahoo,www.findstuff.com,Debt Consolidation,,,http://www.debtreductioninc.com/index8.html,consolidation,300250,1DC,BlueMeter,1,1
2009-04-22 23:40:32.203,unknown,w-300250-DebtReduction1-1DC-Head2,TopLeft,DebtReductionInc,0.0,0.0,Debt Settlement1 Master,TX,7500-15000,yahoo,search.yahoo.com,Get Out Of Debt,,how to get out of debt,http://www.debtreductioninc.com/index8.html,debt,300250,1DC,Head2,1,1
2009-05-07 00:00:00.000,closed,w-300250-DebtReduction1-1DC-CreditSolutions,TopLeft,DebtReductionInc,0.0,0.0,creditsolutions-branded-shortform,TX,7500-15000,google,www.google.com,Holding Tank - Debt,Debts,fix outstanding debts,http://www.debtreductioninc.com/index8.html,debt,300250,1DC,CreditSolutions,1,1
2009-05-12 00:00:00.000,good,w-302252-DebtReduction1-1DC-CreditSolutions,TopLeft,DebtReductionInc,0.0,0.0,creditsolutions-branded-shortform,NV,30001-50000,yahoo,search.yahoo.com,Credit Card Consolidation,,payday loan and credit card consolidation,http://www.debtreductioninc.com/index8.html,credit_general,302252,1DC,CreditSolutions,1,1
2009-05-30 06:48:08.857,unknown,w-302252-DebtReduction1-1DC-CreditSolutions,TopLeft,DebtReductionInc,0.0,0.0,creditsolutions-branded-shortform,NV,70001-90000,google,googleads.g.doubleclick.net,Credit Card Debt - high volume,,,http://www.debtreductioninc.com/index8.html,credit_general,302252,1DC,CreditSolutions,1,1
2009-04-13 23:35:32.753,unknown,w-300250-DebtReduction1-1DC-BlueMeter,TopLeft,DebtReductionInc,0.0,0.0,Debt Settlement1 Master,CA,15001-20000,google,www.google.com,Holding Tank - Debt,Debt rescue usa,debt rescue usa,http://www.debtreductioninc.com/index8.html,debt,300250,1DC,BlueMeter,1,1
2009-04-11 19:01:52.097,unknown,w-300250-DebtReduction1-1DC-BlueMeter,TopLeft,DebtReductionInc,0.0,0.0,Debt Settlement1 Master,VA,30001-50000,yahoo,search.yahoo.com,Debt Consolidation,,busibess debt consolidation,http://www.debtreductioninc.com/index8.html,consolidation,300250,1DC,BlueMeter,1,1
2009-04-07 11:11:51.437,unknown,w-300250-DebtReduction1-2DC-CreditSolutions,TopLeft,DebtReductionInc,0.0,0.0,creditsolutions-branded-shortform,CA,20001-30000,google,www.google.com,Credit Services,Credit services ca,www.chase creditcard services.com,http://www.debtreductioninc.com/index8.html,credit_general,300250,2DC,CreditSolutions,1,1
2009-07-21 16:58:56.513,unknown,w-302252-DebtReduction1-1DC,TopLeft,DebtReductionInc,5.0,5.0,Debt Settlement1 Master,CA,7500-15000,google,ezinearticles.com,Credit Card Debt - high volume,,,http://www.debtreductioninc.com/index8.html,credit_general,302252,1DC,default,0,0
2009-07-19 00:21:11.977,unknown,w-302252-DebtReduction1-1DC,TopLeft,DebtReductionInc,5.0,5.0,Debt Settlement1 Master,CA,30001-50000,google,googleads.g.doubleclick.net,Student Debt,,,http://www.debtreductioninc.com/index8.html,student_debt,302252,1DC,default,0,0
2009-05-26 16:17:38.790,unknown,w-302252-DebtReduction1-1DC-CreditSolutions,TopLeft,DebtReductionInc,0.0,0.0,creditsolutions-branded-shortform,CA,50001-70000,advertise.com,67.29.139.253,debt,,,http://www.debtreductioninc.com/index8.html,debt,302252,1DC,CreditSolutions,1,1
2009-04-25 20:08:53.007,unknown,w-300250-DebtReduction1-2DC-BlueMeter,TopLeft,DebtReductionInc,0.0,0.0,Debt Settlement1 Master,OK,20001-30000,yahoo,search.yahoo.com,Debt Consolidation,,debt consolidation,http://www.debtreductioninc.com/index8.html,consolidation,300250,2DC,BlueMeter,1,1
2009-07-07 18:55:32.397,unknown,w-302252-DebtReduction1-1DC-CreditSolutions,TopLeft,DebtReductionInc,0.0,2.0,creditsolutions-branded-shortform,CA,50001-70000,google,searchportal.information.com,Lower Payments,Credit card payments,,http://www.debtreductioninc.com/index8.html,lower_payment,302252,1DC,CreditSolutions,1,0
2009-04-22 13:43:49.000,bad,w-300250-DebtReduction1-2DC-CreditSolutions,TopLeft,DebtReductionInc,0.0,0.0,creditsolutions-branded-shortform,TX,20001-30000,yahoo,search.yahoo.com,Loan Default,,bank default,http://www.debtreductioninc.com/index8.html,loan,300250,2DC,CreditSolutions,1,1
2009-05-05 17:25:40.900,unknown,w-300250-DebtReduction1-2DC-BlueMeter,TopLeft,DebtReductionInc,0.0,0.0,Debt Settlement1 Master,ND,7500-15000,yahoo,www.findstuff.com,Debt Consolidation,,,http://www.debtreductioninc.com/index8.html,consolidation,300250,2DC,BlueMeter,1,1
2009-06-03 21:06:40.000,bad,w-302252-DebtReduction1-1DC-CreditSolutions,TopLeft,DebtReductionInc,0.0,0.0,creditsolutions-branded-shortform,AZ,20001-30000,google,googleads.g.doubleclick.net,Student Debt,,,http://www.debtreductioninc.com/index8.html,student_debt,302252,1DC,CreditSolutions,1,1
2009-09-29 14:59:13.000,bad,w-302252-DebtReduction1-1DC-CreditSolutions,TopLeft,DebtReductionInc,5.0,3.0,creditsolutions-branded-shortform,AZ,20001-30000,yahoo,search.yahoo.com,Credit Card Consolidation,,debt consaladaton,http://www.debtreductioninc.com/index8.html,credit_general,302252,1DC,CreditSolutions,0,0
2009-05-16 00:00:00.000,good,w-302252-DebtReduction1-1DC-CreditSolutions,TopLeft,DebtReductionInc,0.0,0.0,creditsolutions-branded-shortform,VA,20001-30000,yahoo,search.yahoo.com,Bankruptcy And Chapter 7,,chapter 7 bk virginia,http://www.debtreductioninc.com/index8.html,bankrup,302252,1DC,CreditSolutions,1,1
2009-08-12 07:56:13.000,bad,w-302252-DebtReduction1-1DC-CreditSolutions,TopLeft,DebtReductionInc,2.0,5.0,creditsolutions-branded-shortform,VA,More_than_100000,google,search.pch.com,Holding Tank - Debt,How to eliminate debt,how to eliminate house debt,http://www.debtreductioninc.com/index8.html,debt,302252,1DC,CreditSolutions,0,0
2009-09-27 00:00:00.000,good,w-302252-DebtReduction1-1DC-CreditSolutions,TopLeft,DebtReductionInc,5.0,3.0,creditsolutions-branded-shortform,NE,20001-30000,yahoo,www.justclicklocal.com,Debt Consolidation,,,http://www.debtreductioninc.com/index8.html,consolidation,302252,1DC,CreditSolutions,0,0
2009-09-24 00:00:00.000,closed,w-302252-DebtReduction1-1DC-CreditSolutions,TopLeft,DebtReductionInc,5.0,5.0,creditsolutions-branded-shortform,CT,20001-30000,google,googleads.g.doubleclick.net,Debt Negotiation,,,http://www.debtreductioninc.com/index8.html,debt,302252,1DC,CreditSolutions,0,0
2009-05-31 14:37:57.253,unknown,w-302252-DebtReduction1-1DC-CreditSolutions,TopLeft,DebtReductionInc,0.0,0.0,creditsolutions-branded-shortform,CA,15001-20000,yahoo,www.debtconsolidated.com,Credit Card Debt,,,http://www.debtreductioninc.com/index8.html,credit_general,302252,1DC,CreditSolutions,1,1
2009-06-18 17:58:30.087,unknown,w-302252-DebtReduction1-1DC,TopLeft,DebtReductionInc,0.0,0.0,Debt Settlement1 Master,FL,More_than_100000,google,www.google.com,Get Out Of Debt,Get out of debt,get out of debt,http://www.debtreductioninc.com/index8.html,debt,302252,1DC,default,1,1
2009-07-17 17:36:43.000,bad,w-302252-DebtReduction1-1DC-yellowarrow-blue,TopLeft,DebtReductionInc,5.0,5.0,Debt Settlement1 Master,CA,30001-50000,yahoo,directory.consumeronly.com,Student Debt - high volume,,,http://www.debtreductioninc.com/index8.html,student_debt,302252,1DC,yellowarrow-blue,0,0
2009-06-29 00:00:00.000,good,w-302252-DebtReduction1-1DC-yellowarrow-blue,TopLeft,DebtReductionInc,0.0,5.0,Debt Settlement1 Master,VA,20001-30000,google,businessmajors.about.com,Student Debt,,,http://www.debtreductioninc.com/index8.html,student_debt,302252,1DC,yellowarrow-blue,1,0
2009-09-26 13:40:49.887,unknown,w-302252-DebtReduction1-1DC-white,TopLeft,DebtReductionInc,3.0,3.0,Debt Settlement1 Master,VA,7500-15000,adknowledge,unknown,Consolidate,,,http://www.debtreductioninc.com/index8.html,consolidation,302252,1DC,white,0,0
2009-09-29 21:43:26.767,unknown,w-302252-DebtReduction1-1DC-CreditSolutions,TopLeft,DebtReductionInc,5.0,3.0,creditsolutions-branded-shortform,CA,30001-50000,yahoo,www.kidica.com,Student Debt - high volume,,,http://www.debtreductioninc.com/index8.html,student_debt,302252,1DC,CreditSolutions,0,0
2009-04-21 19:35:26.477,unknown,w-300250-DebtReduction1-2DC-BlueMeter,TopLeft,DebtReductionInc,0.0,0.0,Debt Settlement1 Master,CA,20001-30000,yahoo,search.yahoo.com,Debt Settlement,,debet settlement in california,http://www.debtreductioninc.com/index8.html,settlement,300250,2DC,BlueMeter,1,1
2009-05-13 19:20:32.990,unknown,w-302252-DebtReduction1-1DC-white,TopLeft,DebtReductionInc,0.0,0.0,Debt Settlement1 Master,CA,15001-20000,yahoo,search.yahoo.com,Get Out Of Debt,,get out of debt free,http://www.debtreductioninc.com/index8.html,debt,302252,1DC,white,1,1
2009-07-27 20:38:16.627,unknown,w-302252-DebtReduction1-1DC-CreditSolutions,TopLeft,DebtReductionInc,3.0,4.0,creditsolutions-branded-shortform,AZ,90000-100000,google,www.debtreductioninc.com,Student Debt,,,http://www.debtreductioninc.com/index11.html,student_debt,302252,1DC,CreditSolutions,0,0
2009-05-04 00:00:00.000,closed,w-300250-DebtReduction1-1DC-CreditSolutions,TopLeft,DebtReductionInc,0.0,0.0,creditsolutions-branded-shortform,AZ,70001-90000,google,googleads.g.doubleclick.net,Debt Negotiation,,,http://www.debtreductioninc.com/index8.html,debt,300250,1DC,CreditSolutions,1,1
2009-05-16 12:21:25.570,unknown,w-302252-DebtReduction1-1DC,TopLeft,DebtReductionInc,0.0,0.0,Debt Settlement1 Master,NY,30001-50000,yahoo,www.findstuff.com,Debt Consolidation,,,http://www.debtreductioninc.com/index8.html,consolidation,302252,1DC,default,1,1
2009-04-12 17:47:43.550,unknown,w-300250-DebtReduction1-1DC-BlueMeter,TopLeft,DebtReductionInc,0.0,0.0,Debt Settlement1 Master,NY,30001-50000,yahoo,www.bankrupty.com,Chapter 7 Bankruptcy,,,http://www.debtreductioninc.com/index8.html,bankrup,300250,1DC,BlueMeter,1,1
2009-07-24 12:32:38.453,unknown,w-302252-DebtReduction1-1DC-white,TopLeft,DebtReductionInc,5.0,2.0,Debt Settlement1 Master,NY,15001-20000,google,www.ask.com,Stop Collections,Credit collectors,jc pennys collection creditor,http://www.debtreductioninc.com/index8.html,collection,302252,1DC,white,0,0
2009-04-22 20:17:17.210,unknown,w-300250-DebtReduction1-2DC-BlueMeter,TopLeft,DebtReductionInc,0.0,0.0,Debt Settlement1 Master,NY,90000-100000,yahoo,search.yahoo.com,Debt Consolidation,,govt debt consolidation,http://www.debtreductioninc.com/index8.html,consolidation,300250,2DC,BlueMeter,1,1
2009-04-28 17:39:33.737,unknown,w-300250-DebtReduction1-2DC-BlueMeter,TopLeft,DebtReductionInc,0.0,0.0,Debt Settlement1 Master,NY,15001-20000,google,www.youtube.com,Debt Program,Free debt program,,http://www.debtreductioninc.com/index8.html,debt,300250,2DC,BlueMeter,1,1
2009-07-02 14:39:20.787,unknown,w-302252-DebtReduction1-1DC-CreditSolutions,TopLeft,DebtReductionInc,0.0,3.0,creditsolutions-branded-shortform,NY,7500-15000,google,www.google.com,Lower Payments,Credit card payments,chase.com creditcards payment,http://www.debtreductioninc.com/index8.html,lower_payment,302252,1DC,CreditSolutions,1,0
2009-05-04 23:33:45.937,unknown,w-300250-DebtReduction1-2DC-BlueMeter,TopLeft,DebtReductionInc,0.0,0.0,Debt Settlement1 Master,NY,50001-70000,google,www.ehow.com,How,debt,,http://www.debtreductioninc.com/index8.html,other,300250,2DC,BlueMeter,1,1
2009-07-21 22:47:54.700,unknown,w-302252-DebtReduction1-1DC-yellowarrow-blue,TopLeft,DebtReductionInc,5.0,2.0,Debt Settlement1 Master,WV,30001-50000,google,unknown,Student Debt,,,http://www.debtreductioninc.com/index11.html,student_debt,302252,1DC,yellowarrow-blue,0,0
2009-09-02 07:54:25.090,unknown,w-302252-DebtReduction1-1DC-yellowarrow,TopLeft,DebtReductionInc,5.0,3.0,Debt Settlement1 Master,NY,7500-15000,google,unknown,Lower Payments,,,http://www.debtreductioninc.com/index11.html,lower_payment,302252,1DC,yellowarrow,0,0
2009-05-19 04:38:04.127,unknown,w-302252-DebtReduction1-1DC-CreditSolutions,TopLeft,DebtReductionInc,0.0,0.0,creditsolutions-branded-shortform,HI,7500-15000,google,credit.about.com,Credit Card Debt - high volume,,,http://www.debtreductioninc.com/index8.html,credit_general,302252,1DC,CreditSolutions,1,1
2009-07-28 01:14:15.300,unknown,w-302252-DebtReduction1-1DC-white,TopLeft,DebtReductionInc,5.0,5.0,Debt Settlement1 Master,HI,30001-50000,google,googleads.g.doubleclick.net,Debt Consolidation,College debt consolidation,,http://www.debtreductioninc.com/index8.html,consolidation,302252,1DC,white,0,0
2009-09-05 13:38:03.923,unknown,w-302252-DebtReduction1-1DC-CreditSolutions,TopLeft,DebtReductionInc,5.0,5.0,creditsolutions-branded-shortform,HI,7500-15000,google,www.google.com,Holding Tank - Debt,Debt wizard,debt wizard,http://www.debtreductioninc.com/index8.html,debt,302252,1DC,CreditSolutions,0,0
2009-05-14 22:11:28.917,unknown,w-302252-DebtReduction1-1DC,TopLeft,DebtReductionInc,0.0,0.0,Debt Settlement1 Master,HI,70001-90000,google,www.soyouwanna.com,Student Debt,,,http://www.debtreductioninc.com/index8.html,student_debt,302252,1DC,default,1,1
2009-09-20 15:39:28.920,unknown,w-302252-DebtReduction1-1DC-yellowarrow-blue,TopLeft,DebtReductionInc,5.0,3.0,Debt Settlement1 Master,HI,7500-15000,google,www.wikihow.com,Credit Card Debt - high volume,,,http://www.debtreductioninc.com/index8.html,credit_general,302252,1DC,yellowarrow-blue,0,0
2009-04-27 21:58:55.000,bad,w-300250-DebtReduction1-1DC-BlueMeter,TopLeft,DebtReductionInc,0.0,0.0,Debt Settlement1 Master,HI,7500-15000,yahoo,search.yahoo.com,General Debt,,fast debt relief,http://www.debtreductioninc.com/index8.html,debt,300250,1DC,BlueMeter,1,1
2009-06-17 22:11:35.443,unknown,w-302252-DebtReduction1-1DC,TopLeft,DebtReductionInc,0.0,0.0,Debt Settlement1 Master,HI,70001-90000,google,www.answerbag.com,How,debt,,http://www.debtreductioninc.com/index8.html,other,302252,1DC,default,1,1
2009-09-19 19:19:32.760,unknown,w-302252-DebtReduction1-1DC-yellowarrow-dark,TopLeft,DebtReductionInc,1.0,5.0,Debt Settlement1 Master,VA,7500-15000,google,www.google.com,Holding Tank - Debt,Credit counselor,on line credit counseling,http://www.debtreductioninc.com/index8.html,debt,302252,1DC,yellowarrow-dark,0,0
2009-08-10 23:08:18.230,unknown,w-302252-DebtReduction1-1DC-CreditSolutions,TopLeft,DebtReductionInc,2.0,5.0,creditsolutions-branded-shortform,ND,15001-20000,google,www.ehow.com,Credit Card Debt - high volume,,,http://www.debtreductioninc.com/index8.html,credit_general,302252,1DC,CreditSolutions,0,0
2009-04-30 21:19:04.000,bad,w-300250-DebtReduction1-2DC-CreditSolutions,TopLeft,DebtReductionInc,0.0,0.0,creditsolutions-branded-shortform,TX,15001-20000,google,www.google.com,Debt,Debt,will the government give loans to help pay debt,http://www.debtreductioninc.com/index8.html,debt,300250,2DC,CreditSolutions,1,1
2009-04-03 00:00:00.000,good,w-300250-DebtReduction1-2DC-BlueMeter,TopLeft,DebtReductionInc,0.0,0.0,Debt Settlement1 Master,MA,7500-15000,adknowledge,webmailab.netzero.net,Consolidate,,,http://www.debtreductioninc.com/index8.html,consolidation,300250,2DC,BlueMeter,1,1
2009-06-01 21:31:55.000,bad,w-302252-DebtReduction1-1DC-white,TopLeft,DebtReductionInc,0.0,0.0,Debt Settlement1 Master,CA,7500-15000,google,www.google.com,Lower Payments,Credit card payments,www.chase.com creditcards payment,http://www.debtreductioninc.com/index8.html,lower_payment,302252,1DC,white,1,1
2009-06-09 12:59:43.753,unknown,w-302252-DebtReduction1-1DC,TopLeft,DebtReductionInc,0.0,0.0,Debt Settlement1 Master,NV,7500-15000,google,googleads.g.doubleclick.net,Credit Card Debt - high volume,,,http://www.debtreductioninc.com/index8.html,credit_general,302252,1DC,default,1,1
2009-07-27 18:46:16.983,unknown,w-302252-DebtReduction1-1DC-CreditSolutions,TopLeft,DebtReductionInc,1.0,5.0,creditsolutions-branded-shortform,TX,30001-50000,google,search.cnn.com,Debt,Debt,,http://www.debtreductioninc.com/index8.html,debt,302252,1DC,CreditSolutions,0,0
2009-08-12 00:00:00.000,closed,w-302252-DebtReduction1-1DC-yellowarrow-blue,TopLeft,DebtReductionInc,2.0,5.0,Debt Settlement1 Master,HI,30001-50000,adknowledge,us.mg1.mail.yahoo.com,Consolidate,,,http://www.debtreductioninc.com/index8.html,consolidation,302252,1DC,yellowarrow-blue,0,0
2009-08-06 23:48:19.233,unknown,w-302252-DebtReduction1-1DC-yellowarrow-blue,TopLeft,DebtReductionInc,5.0,5.0,Debt Settlement1 Master,HI,7500-15000,yahoo,search.yahoo.com,Consolidation Program,,what is the best debt consolidation program,http://www.debtreductioninc.com/index8.html,consolidation,302252,1DC,yellowarrow-blue,0,0
2009-08-16 09:29:28.597,unknown,w-302252-DebtReduction1-1DC-yellowarrow-blue,TopLeft,DebtReductionInc,5.0,4.0,Debt Settlement1 Master,HI,7500-15000,google,ezinearticles.com,Credit Card Debt - high volume,,,http://www.debtreductioninc.com/index8.html,credit_general,302252,1DC,yellowarrow-blue,0,0
2009-07-06 18:24:40.343,unknown,w-302252-DebtReduction1-1DC,TopLeft,DebtReductionInc,0.0,3.0,Debt Settlement1 Master,TX,15001-20000,google,ezinearticles.com,Student Debt,,,http://www.debtreductioninc.com/index8.html,student_debt,302252,1DC,default,1,0
2009-05-26 19:14:43.000,bad,w-302252-DebtReduction1-1DC-CreditSolutions,TopLeft,DebtReductionInc,0.0,0.0,creditsolutions-branded-shortform,MD,More_than_100000,google,www.soyouwanna.com,Student Debt,,,http://www.debtreductioninc.com/index8.html,student_debt,302252,1DC,CreditSolutions,1,1
2009-09-09 00:00:00.000,closed,w-302252-DebtReduction1-1DC-CreditSolutions,TopLeft,DebtReductionInc,1.0,3.0,creditsolutions-branded-shortform,OK,7500-15000,google,www.google.com,Holding Tank - Debt,American debt,american debt,http://www.debtreductioninc.com/index8.html,debt,302252,1DC,CreditSolutions,0,0
2009-07-17 13:11:23.513,unknown,w-302252-DebtReduction1-1DC-white,TopLeft,DebtReductionInc,5.0,4.0,Debt Settlement1 Master,MD,20001-30000,google,www.ehow.com,Credit Card Debt - high volume,,,http://www.debtreductioninc.com/index8.html,credit_general,302252,1DC,white,0,0
2009-05-13 22:51:24.000,bad,w-302252-DebtReduction1-1DC-CreditSolutions,TopLeft,DebtReductionInc,0.0,0.0,creditsolutions-branded-shortform,OK,15001-20000,google,www.google.com,Holding Tank - Debt,Visa debt,visa debt,http://www.debtreductioninc.com/index8.html,debt,302252,1DC,CreditSolutions,1,1
2009-05-19 11:34:01.770,unknown,w-302252-DebtReduction1-1DC-CreditSolutions,TopLeft,DebtReductionInc,0.0,0.0,creditsolutions-branded-shortform,OK,15001-20000,google,www.google.com,Holding Tank - Debt,Visa debt,visa debt,http://www.debtreductioninc.com/index8.html,debt,302252,1DC,CreditSolutions,1,1
2009-05-14 10:42:30.203,unknown,w-302252-DebtReduction1-1DC-CreditSolutions,TopLeft,DebtReductionInc,0.0,0.0,creditsolutions-branded-shortform,TX,20001-30000,yahoo,search.yahoo.com,Credit Card Reduction,,REDUCE CC INTEREST,http://www.debtreductioninc.com/index8.html,credit_general,302252,1DC,CreditSolutions,1,1
2009-07-28 15:53:12.910,unknown,w-302252-DebtReduction1-1DC-yellowarrow-blue,TopLeft,DebtReductionInc,1.0,4.0,Debt Settlement1 Master,IL,More_than_100000,google,www.ehow.com,Consolidation,Consolidation loans,,http://www.debtreductioninc.com/index8.html,consolidation,302252,1DC,yellowarrow-blue,0,0
2009-07-23 20:49:41.893,unknown,w-302252-DebtReduction1-1DC-CreditSolutions,TopLeft,DebtReductionInc,5.0,5.0,creditsolutions-branded-shortform,CA,50001-70000,google,ezinearticles.com,Credit Card Debt - high volume,,,http://www.debtreductioninc.com/index8.html,credit_general,302252,1DC,CreditSolutions,0,0
2009-05-31 15:21:57.097,unknown,w-302252-DebtReduction1-1DC-CreditSolutions,TopLeft,DebtReductionInc,0.0,0.0,creditsolutions-branded-shortform,NY,70001-90000,yahoo,search.yahoo.com,General Debt,,consumer debt advocate,http://www.debtreductioninc.com/index8.html,debt,302252,1DC,CreditSolutions,1,1
2009-04-21 17:36:27.840,unknown,w-300250-DebtReduction1-1DC-Head3,TopLeft,DebtReductionInc,0.0,0.0,Debt Settlement1 Master,WV,15001-20000,google,googleads.g.doubleclick.net,Credit Card Debt - high volume,,,http://www.debtreductioninc.com/index8.html,credit_general,300250,1DC,Head3,1,1
2009-09-02 11:39:26.683,unknown,w-302252-DebtReduction1-1DC-yellowarrow,TopLeft,DebtReductionInc,1.0,4.0,Debt Settlement1 Master,WV,20001-30000,google,searchservice.myspace.com,Holding Tank - Debt,Debet,,http://www.debtreductioninc.com/index8.html,debt,302252,1DC,yellowarrow,0,0
2009-08-13 16:29:04.793,unknown,w-302252-DebtReduction1-1DC-white,TopLeft,DebtReductionInc,5.0,5.0,Debt Settlement1 Master,NY,7500-15000,google,www.google.com,Holding Tank - Debt,Consumer debt initiative,consumer debt initiative,http://www.debtreductioninc.com/index8.html,debt,302252,1DC,white,0,0
2009-04-19 21:32:42.043,unknown,w-300250-DebtReduction1-1DC-CreditSolutions,TopLeft,DebtReductionInc,0.0,0.0,creditsolutions-branded-shortform,VA,15001-20000,yahoo,search.yahoo.com,General Debt,,help paying medical bills,http://www.debtreductioninc.com/index8.html,debt,300250,1DC,CreditSolutions,1,1
2009-05-21 11:36:20.893,unknown,w-302252-DebtReduction1-1DC-CreditSolutions,TopLeft,DebtReductionInc,0.0,0.0,creditsolutions-branded-shortform,IL,7500-15000,google,www.ehow.com,Student Debt,,,http://www.debtreductioninc.com/index8.html,student_debt,302252,1DC,CreditSolutions,1,1
2009-06-12 15:56:08.167,unknown,w-302252-DebtReduction1-1DC-white,TopLeft,DebtReductionInc,0.0,0.0,Debt Settlement1 Master,IL,7500-15000,yahoo,search.yahoo.com,General Debt,,www.debtmanagement.com,http://www.debtreductioninc.com/index8.html,debt,302252,1DC,white,1,1
2009-04-11 12:15:54.707,unknown,w-300250-DebtReduction1-1DC-BlueMeter,TopLeft,DebtReductionInc,0.0,0.0,Debt Settlement1 Master,MA,20001-30000,yahoo,search.yahoo.com,Debt Consolidation,,end business debt,http://www.debtreductioninc.com/index8.html,consolidation,300250,1DC,BlueMeter,1,1
2009-06-04 16:08:23.290,unknown,w-302252-DebtReduction1-1DC,TopLeft,DebtReductionInc,0.0,0.0,Debt Settlement1 Master,MA,7500-15000,google,www.google.com,Debt,Debt,best way to settle credit card debt,http://www.debtreductioninc.com/index8.html,debt,302252,1DC,default,1,1
2009-09-11 08:25:26.973,unknown,w-302252-DebtReduction1-1DC-yellowarrow-blue,TopLeft,DebtReductionInc,1.0,5.0,Debt Settlement1 Master,MA,7500-15000,adknowledge,www.bing.com,Consolidate,,Debt Calculator,http://www.debtreductioninc.com/index8.html,consolidation,302252,1DC,yellowarrow-blue,0,0
2009-09-01 15:32:30.697,unknown,w-302252-DebtReduction1-1DC-white,TopLeft,DebtReductionInc,5.0,2.0,Debt Settlement1 Master,MA,7500-15000,google,www.google.com,Lower Payments,Credit card payments,credit card payment plan,http://www.debtreductioninc.com/index8.html,lower_payment,302252,1DC,white,0,0
2009-08-22 12:01:16.783,unknown,w-302252-DebtReduction1-1DC-white,TopLeft,DebtReductionInc,5.0,5.0,Debt Settlement1 Master,MA,More_than_100000,google,www.google.com,Debt Payment,Debt payment schedule,calculate debt payment schedule,http://www.debtreductioninc.com/index8.html,debt,302252,1DC,white,0,0
2009-09-28 14:20:39.257,unknown,w-302252-DebtReduction1-1DC-white,TopLeft,DebtReductionInc,4.0,3.0,Debt Settlement1 Master,PA,7500-15000,yahoo,search.yahoo.com,Credit Card Consolidation,,debt consolidation,http://www.debtreductioninc.com/index8.html,credit_general,302252,1DC,white,0,0
2009-09-21 19:58:20.007,unknown,w-302252-DebtReduction1-1DC-CreditSolutions,TopLeft,DebtReductionInc,5.0,5.0,creditsolutions-branded-shortform,TX,15001-20000,adknowledge,www.optingateway.info,Debt,,,http://www.debtreductioninc.com/index8.html,debt,302252,1DC,CreditSolutions,0,0
2009-04-22 00:00:00.000,closed,w-300250-DebtReduction1-1DC,TopLeft,DebtReductionInc,0.0,0.0,Debt Settlement1 Master,MA,30001-50000,google,ezinearticles.com,How,debt,,http://www.debtreductioninc.com/index8.html,other,300250,1DC,default,1,1
2009-07-28 02:00:15.007,unknown,w-302252-DebtReduction1-1DC-CreditSolutions,TopLeft,DebtReductionInc,5.0,5.0,creditsolutions-branded-shortform,PA,7500-15000,google,wiki.answers.com,Credit Card Debt - high volume,,,http://www.debtreductioninc.com/index8.html,credit_general,302252,1DC,CreditSolutions,0,0
2009-06-15 21:31:49.120,unknown,w-302252-DebtReduction1-1DC-white,TopLeft,DebtReductionInc,0.0,0.0,Debt Settlement1 Master,PA,7500-15000,google,googleads.g.doubleclick.net,Credit Card Debt - high volume,,,http://www.debtreductioninc.com/index8.html,credit_general,302252,1DC,white,1,1
2009-06-23 07:43:52.620,unknown,w-302252-DebtReduction1-1DC-white,TopLeft,DebtReductionInc,0.0,0.0,Debt Settlement1 Master,MD,7500-15000,yahoo,search.yahoo.com,Bankruptcy (LV),,bankruptcy 7 filing forms,http://www.debtreductioninc.com/index8.html,bankrup,302252,1DC,white,1,1
2009-08-12 20:42:08.357,unknown,w-302252-DebtReduction1-1DC-CreditSolutions,TopLeft,DebtReductionInc,1.0,4.0,creditsolutions-branded-shortform,PA,70001-90000,google,unknown,Consolidation,Consolidation loans,,http://www.debtreductioninc.com/index8.html,consolidation,302252,1DC,CreditSolutions,0,0
2009-07-06 15:41:42.307,unknown,w-302252-DebtReduction1-1DC-yellowarrow-blue,TopLeft,DebtReductionInc,0.0,4.0,Debt Settlement1 Master,FL,20001-30000,google,www.dogpile.com,Holding Tank - Debt,Consumer debt advocate,,http://www.debtreductioninc.com/index8.html,debt,302252,1DC,yellowarrow-blue,1,0
2009-07-08 21:27:12.830,unknown,w-302252-DebtReduction1-1DC-CreditSolutions,TopLeft,DebtReductionInc,0.0,5.0,creditsolutions-branded-shortform,FL,More_than_100000,google,unknown,Student Debt,,,http://www.debtreductioninc.com/index11.html,student_debt,302252,1DC,CreditSolutions,1,0
2009-08-08 19:10:18.663,unknown,w-302252-DebtReduction1-1DC-white,TopLeft,DebtReductionInc,5.0,5.0,Debt Settlement1 Master,PA,7500-15000,google,ezinearticles.com,Credit Card Debt - high volume,,,http://www.debtreductioninc.com/index8.html,credit_general,302252,1DC,white,0,0
2009-07-20 19:10:20.000,bad,w-302252-DebtReduction1-1DC-CreditSolutions,TopLeft,DebtReductionInc,1.0,4.0,creditsolutions-branded-shortform,PA,20001-30000,google,ezinearticles.com,Credit Card Debt - high volume,,,http://www.debtreductioninc.com/index8.html,credit_general,302252,1DC,CreditSolutions,0,0
2009-06-04 17:41:22.897,unknown,w-302252-DebtReduction1-1DC,TopLeft,DebtReductionInc,0.0,0.0,Debt Settlement1 Master,PA,7500-15000,adknowledge,www.bing.com,Consolidate,,limited your debt,http://www.debtreductioninc.com/index8.html,consolidation,302252,1DC,default,1,1
2009-08-23 07:59:29.387,unknown,w-302252-DebtReduction1-1DC-white,TopLeft,DebtReductionInc,5.0,5.0,Debt Settlement1 Master,PA,15001-20000,google,unknown,Credit Card Reduction,How to reduce credit card rate,,http://www.debtreductioninc.com/index11.html,credit_general,302252,1DC,white,0,0
2009-08-11 00:00:00.000,closed,w-302252-DebtReduction1-1DC-CreditSolutions,TopLeft,DebtReductionInc,5.0,5.0,creditsolutions-branded-shortform,PA,30001-50000,google,www.info.com,Debt,Debt,,http://www.debtreductioninc.com/index8.html,debt,302252,1DC,CreditSolutions,0,0
2009-09-24 14:28:01.713,unknown,w-302252-DebtReduction1-1DC-CreditSolutions,TopLeft,DebtReductionInc,3.0,4.0,creditsolutions-branded-shortform,CA,7500-15000,google,www.google.com,Debt Credit Services,Credit services,credit services,http://www.debtreductioninc.com/index12.html,credit_general,302252,1DC,CreditSolutions,0,0
2009-07-27 01:58:21.427,unknown,w-302252-DebtReduction1-1DC-CreditSolutions,TopLeft,DebtReductionInc,4.0,5.0,creditsolutions-branded-shortform,CA,7500-15000,google,www.swagbucks.com,Debt,Debt,,http://www.debtreductioninc.com/index8.html,debt,302252,1DC,CreditSolutions,0,0
2009-09-22 22:46:13.057,unknown,w-302252-DebtReduction1-1DC-CreditSolutions,TopLeft,DebtReductionInc,5.0,5.0,creditsolutions-branded-shortform,PA,30001-50000,google,googleads.g.doubleclick.net,Credit Card Debt - high volume,,,http://www.debtreductioninc.com/index8.html,credit_general,302252,1DC,CreditSolutions,0,0
2009-08-04 21:30:29.490,unknown,w-302252-DebtReduction1-1DC-yellowarrow-blue,TopLeft,DebtReductionInc,5.0,5.0,Debt Settlement1 Master,MD,30001-50000,google,www.banks.com,Holding Tank - Debt,Credit counselor,,http://www.debtreductioninc.com/index8.html,debt,302252,1DC,yellowarrow-blue,0,0
2009-06-03 08:46:44.000,bad,w-302252-DebtReduction1-1DC-white,TopLeft,DebtReductionInc,0.0,0.0,Debt Settlement1 Master,FL,7500-15000,yahoo,search.yahoo.com,Settlement,,credit settlement agreement,http://www.debtreductioninc.com/index8.html,settlement,302252,1DC,white,1,1
2009-08-22 16:01:15.680,unknown,w-302252-DebtReduction1-1DC-CreditSolutions,TopLeft,DebtReductionInc,5.0,5.0,creditsolutions-branded-shortform,LA,More_than_100000,yahoo,unknown,Lower Payments,,,http://www.debtreductioninc.com/index8.html,lower_payment,302252,1DC,CreditSolutions,0,0
2009-06-18 00:00:00.000,closed,w-302252-DebtReduction1-1DC-yellowarrow-blue,TopLeft,DebtReductionInc,0.0,0.0,Debt Settlement1 Master,AL,7500-15000,google,googleads.g.doubleclick.net,Credit Card Debt - high volume,,,http://www.debtreductioninc.com/index8.html,credit_general,302252,1DC,yellowarrow-blue,1,1
2009-06-01 12:45:49.483,unknown,w-302252-DebtReduction1-1DC-white,TopLeft,DebtReductionInc,0.0,0.0,Debt Settlement1 Master,MI,20001-30000,google,ezinearticles.com,Credit Card Debt - high volume,,,http://www.debtreductioninc.com/index8.html,credit_general,302252,1DC,white,1,1
2009-07-13 23:10:33.200,unknown,w-302252-DebtReduction1-1DC-CreditSolutions,TopLeft,DebtReductionInc,5.0,5.0,creditsolutions-branded-shortform,FL,More_than_100000,yahoo,my.att.net,Lower Payments,,,http://www.debtreductioninc.com/index8.html,lower_payment,302252,1DC,CreditSolutions,0,0
2009-09-18 00:30:44.217,unknown,w-302252-DebtReduction1-1DC-yellowarrow-blue,TopLeft,DebtReductionInc,5.0,5.0,Debt Settlement1 Master,LA,20001-30000,google,search.mywebsearch.com,Holding Tank - Debt,American ex debt,,http://www.debtreductioninc.com/index8.html,debt,302252,1DC,yellowarrow-blue,0,0
2009-05-25 19:48:45.813,unknown,w-302252-DebtReduction1-1DC-CreditSolutions,TopLeft,DebtReductionInc,0.0,0.0,creditsolutions-branded-shortform,FL,30001-50000,yahoo,my.att.net,Chapter 13 Bankruptcy - high volume,,,http://www.debtreductioninc.com/index8.html,bankrup,302252,1DC,CreditSolutions,1,1
2009-04-26 11:09:48.180,unknown,w-300250-DebtReduction1-1DC-CreditSolutions,TopLeft,DebtReductionInc,0.0,0.0,creditsolutions-branded-shortform,LA,7500-15000,google,unknown,Student Debt,,,http://www.debtreductioninc.com/index8.html,student_debt,300250,1DC,CreditSolutions,1,1
2009-06-12 15:45:08.250,unknown,w-302252-DebtReduction1-1DC-white,TopLeft,DebtReductionInc,0.0,0.0,Debt Settlement1 Master,FL,7500-15000,google,search.mywebsearch.com,Debt,Debt,,http://www.debtreductioninc.com/index8.html,debt,302252,1DC,white,1,1
2009-04-03 13:25:29.977,unknown,w-300250-DebtReduction1-2DC-BlueMeter,TopLeft,DebtReductionInc,0.0,0.0,Debt Settlement1 Master,AL,30001-50000,yahoo,www.hellolocal.com,Stop Collections,,,http://www.debtreductioninc.com/index8.html,collection,300250,2DC,BlueMeter,1,1
2009-09-24 22:28:59.923,unknown,w-302252-DebtReduction1-1DC-CreditSolutions,TopLeft,DebtReductionInc,5.0,5.0,creditsolutions-branded-shortform,TX,30001-50000,google,unknown,Credit Card Debt,,,http://www.debtreductioninc.com/index8.html,credit_general,302252,1DC,CreditSolutions,0,0
2009-04-22 13:51:18.970,unknown,w-300250-DebtReduction1-1DC,TopLeft,DebtReductionInc,0.0,0.0,Debt Settlement1 Master,TX,30001-50000,google,www.google.com,Holding Tank - Debt,Superior debt,superior Debt Reduction,http://www.debtreductioninc.com/index8.html,debt,300250,1DC,default,1,1
2009-05-27 14:56:31.370,unknown,w-302252-DebtReduction1-1DC-CreditSolutions,TopLeft,DebtReductionInc,0.0,0.0,creditsolutions-branded-shortform,TX,More_than_100000,google,www.soyouwanna.com,Student Debt,,,http://www.debtreductioninc.com/index8.html,student_debt,302252,1DC,CreditSolutions,1,1
2009-07-07 23:07:30.850,unknown,w-302252-DebtReduction1-1DC-CreditSolutions,TopLeft,DebtReductionInc,0.0,3.0,creditsolutions-branded-shortform,LA,30001-50000,google,home.suddenlink.net,Debt,Debt,,http://www.debtreductioninc.com/index8.html,debt,302252,1DC,CreditSolutions,1,0
2009-04-12 12:13:45.547,unknown,w-300250-DebtReduction1-1DC-Head2,TopLeft,DebtReductionInc,0.0,0.0,Debt Settlement1 Master,LA,7500-15000,google,www.google.com,Holding Tank - Debt,Reducing student loan debt,reducing student loan debt,http://www.debtreductioninc.com/index8.html,debt,300250,1DC,Head2,1,1
2009-09-12 22:16:16.430,unknown,w-302252-DebtReduction1-1DC-CreditSolutions,TopLeft,DebtReductionInc,5.0,3.0,creditsolutions-branded-shortform,LA,20001-30000,yahoo,search.cnbc.com,Credit Card Consolidation,,,http://www.debtreductioninc.com/index8.html,credit_general,302252,1DC,CreditSolutions,0,0
2009-05-04 08:26:47.973,unknown,w-300250-DebtReduction1-1DC-CreditSolutions,TopLeft,DebtReductionInc,0.0,0.0,creditsolutions-branded-shortform,LA,70001-90000,yahoo,search.yahoo.com,Debt Restructuring,,debt restructuring services,http://www.debtreductioninc.com/index8.html,debt,300250,1DC,CreditSolutions,1,1
2009-05-28 13:31:23.397,unknown,w-302252-DebtReduction1-1DC-CreditSolutions,TopLeft,DebtReductionInc,0.0,0.0,creditsolutions-branded-shortform,TX,20001-30000,google,unknown,Student Debt,,,http://www.debtreductioninc.com/index11.html,student_debt,302252,1DC,CreditSolutions,1,1
2009-08-31 21:12:34.553,unknown,w-302252-DebtReduction1-1DC-CreditSolutions,TopLeft,DebtReductionInc,5.0,5.0,creditsolutions-branded-shortform,TX,15001-20000,yahoo,search.yahoo.com,Get Out Of Debt,,getting out of debt the fastest way,http://www.debtreductioninc.com/index8.html,debt,302252,1DC,CreditSolutions,0,0
2009-06-18 02:35:33.463,unknown,w-302252-DebtReduction1-1DC-CreditSolutions,TopLeft,DebtReductionInc,0.0,0.0,creditsolutions-branded-shortform,TX,50001-70000,google,www.ask.com,Holding Tank - Debt,Debts,debt owed demand letter,http://www.debtreductioninc.com/index8.html,debt,302252,1DC,CreditSolutions,1,1
2009-08-11 12:58:16.417,unknown,w-302252-DebtReduction1-1DC-CreditSolutions,TopLeft,DebtReductionInc,5.0,5.0,creditsolutions-branded-shortform,TX,30001-50000,google,ezinearticles.com,Credit Card Debt - high volume,,,http://www.debtreductioninc.com/index8.html,credit_general,302252,1DC,CreditSolutions,0,0
2009-09-27 00:13:46.313,unknown,w-302252-DebtReduction1-1DC-white,TopLeft,DebtReductionInc,5.0,5.0,Debt Settlement1 Master,AR,7500-15000,google,googleads.g.doubleclick.net,Credit Card Debt - high volume,,,http://www.debtreductioninc.com/index8.html,credit_general,302252,1DC,white,0,0
2009-06-15 06:56:51.363,unknown,w-302252-DebtReduction1-1DC-CreditSolutions,TopLeft,DebtReductionInc,0.0,0.0,creditsolutions-branded-shortform,TX,20001-30000,google,googleads.g.doubleclick.net,Student Debt,,http://www.kansan.com,http://www.debtreductioninc.com/index8.html,student_debt,302252,1DC,CreditSolutions,1,1
2009-08-17 02:52:06.000,bad,w-302252-DebtReduction1-1DC-yellowarrow-blue,TopLeft,DebtReductionInc,3.0,4.0,Debt Settlement1 Master,LA,50001-70000,yahoo,guide-1.net,Debt Reduction,,,http://www.debtreductioninc.com/index8.html,debt,302252,1DC,yellowarrow-blue,0,0
2009-04-24 21:51:15.953,unknown,w-300250-DebtReduction1-2DC-CreditSolutions,TopLeft,DebtReductionInc,0.0,0.0,creditsolutions-branded-shortform,LA,15001-20000,google,googleads.g.doubleclick.net,Credit Card Debt - high volume,,,http://www.debtreductioninc.com/index8.html,credit_general,300250,2DC,CreditSolutions,1,1
2009-07-06 00:16:43.080,unknown,w-302252-DebtReduction1-1DC-CreditSolutions,TopLeft,DebtReductionInc,0.0,3.0,creditsolutions-branded-shortform,AR,50001-70000,google,googleads.g.doubleclick.net,Student Debt,,,http://www.debtreductioninc.com/index8.html,student_debt,302252,1DC,CreditSolutions,1,0
2009-06-27 16:26:50.700,unknown,w-302252-DebtReduction1-1DC-CreditSolutions,TopLeft,DebtReductionInc,0.0,2.0,creditsolutions-branded-shortform,AR,15001-20000,google,www.ehow.com,Credit Card Debt - high volume,,,http://www.debtreductioninc.com/index8.html,credit_general,302252,1DC,CreditSolutions,1,0
2009-09-06 20:29:55.667,unknown,w-302252-DebtReduction1-1DC-white,TopLeft,DebtReductionInc,5.0,5.0,Debt Settlement1 Master,AR,7500-15000,google,googleads.g.doubleclick.net,Credit Card Reduction,,,http://www.debtreductioninc.com/index8.html,credit_general,302252,1DC,white,0,0
2009-05-30 01:18:10.873,unknown,w-302252-DebtReduction1-1DC-CreditSolutions,TopLeft,DebtReductionInc,0.0,0.0,creditsolutions-branded-shortform,LA,15001-20000,google,www.google.com,Holding Tank - Debt,Master debt,master debt,http://www.debtreductioninc.com/index8.html,debt,302252,1DC,CreditSolutions,1,1
2009-04-08 16:39:39.820,unknown,w-300250-DebtReduction1-2DC-CreditSolutions,TopLeft,DebtReductionInc,0.0,0.0,creditsolutions-branded-shortform,LA,30001-50000,yahoo,search.yahoo.com,Bankruptcy And Chapter 7,,louisiana bankruptcy laws,http://www.debtreductioninc.com/index8.html,bankrup,300250,2DC,CreditSolutions,1,1
2009-09-02 14:30:23.773,unknown,w-302252-DebtReduction1-1DC-yellowarrow,TopLeft,DebtReductionInc,5.0,5.0,Debt Settlement1 Master,LA,7500-15000,google,unknown,Lower Payments,,,http://www.debtreductioninc.com/index11.html,lower_payment,302252,1DC,yellowarrow,0,0
2009-05-06 06:23:34.857,unknown,w-300250-DebtReduction1-1DC-Head3,TopLeft,DebtReductionInc,0.0,0.0,Debt Settlement1 Master,LA,15001-20000,google,www.google.com,Lower Payments,Credit card payments,www.chase.com creditcards payment,http://www.debtreductioninc.com/index8.html,lower_payment,300250,1DC,Head3,1,1
2009-05-30 14:29:06.157,unknown,w-302252-DebtReduction1-1DC-CreditSolutions,TopLeft,DebtReductionInc,0.0,0.0,creditsolutions-branded-shortform,WV,15001-20000,yahoo,search.yahoo.com,Get Out Of Debt,,how to get out of debt quickly,http://www.debtreductioninc.com/index8.html,debt,302252,1DC,CreditSolutions,1,1
2009-09-21 16:34:20.597,unknown,w-302252-DebtReduction1-1DC-CreditSolutions,TopLeft,DebtReductionInc,1.0,3.0,creditsolutions-branded-shortform,TX,20001-30000,yahoo,search.yahoo.com,Credit Card Consolidation,,debt consolidation,http://www.debtreductioninc.com/index8.html,credit_general,302252,1DC,CreditSolutions,0,0
2009-04-07 16:54:49.197,unknown,w-300250-DebtReduction1-1DC-Head2,TopLeft,DebtReductionInc,0.0,0.0,Debt Settlement1 Master,IL,7500-15000,google,financialplan.about.com,Debt Reduction,,,http://www.debtreductioninc.com/index8.html,debt,300250,1DC,Head2,1,1
2009-08-28 02:25:58.883,unknown,w-302252-DebtReduction1-1DC-CreditSolutions,TopLeft,DebtReductionInc,1.0,3.0,creditsolutions-branded-shortform,CO,30001-50000,google,googleads.g.doubleclick.net,Credit Card Debt - high volume,,,http://www.debtreductioninc.com/index8.html,credit_general,302252,1DC,CreditSolutions,0,0
2009-08-11 21:07:14.763,unknown,w-302252-DebtReduction1-1DC-white,TopLeft,DebtReductionInc,3.0,3.0,Debt Settlement1 Master,PA,7500-15000,google,googleads.g.doubleclick.net,Credit Card Debt - high volume,,,http://www.debtreductioninc.com/index8.html,credit_general,302252,1DC,white,0,0
2009-08-04 00:00:00.000,closed,w-302252-DebtReduction1-1DC-white,TopLeft,DebtReductionInc,5.0,5.0,Debt Settlement1 Master,VA,7500-15000,google,www.ask.com,Holding Tank - Debt,Debt rescue usa,debt rescue usa,http://www.debtreductioninc.com/index8.html,debt,302252,1DC,white,0,0
2009-05-19 20:08:59.703,unknown,w-302252-DebtReduction1-1DC-white,TopLeft,DebtReductionInc,0.0,0.0,Debt Settlement1 Master,LA,50001-70000,google,www.ehow.com,Stop Collections,,,http://www.debtreductioninc.com/index8.html,collection,302252,1DC,white,1,1
2009-06-27 06:30:52.763,unknown,w-302252-DebtReduction1-1DC-CreditSolutions,TopLeft,DebtReductionInc,0.0,5.0,creditsolutions-branded-shortform,AL,50001-70000,yahoo,unknown,General Debt,,,http://www.debtreductioninc.com/index8.html,debt,302252,1DC,CreditSolutions,1,0
2009-09-29 00:00:00.000,good,w-302252-DebtReduction1-1DC-yellowarrow-blue,TopLeft,DebtReductionInc,5.0,5.0,Debt Settlement1 Master,FL,15001-20000,google,www.whatsyoursay.com,Credit Card Debt Reduction,,,http://www.debtreductioninc.com/index8.html,credit_general,302252,1DC,yellowarrow-blue,0,0
2009-04-06 15:47:00.397,unknown,w-300250-DebtReduction1-2DC-BlueMeter,TopLeft,DebtReductionInc,0.0,0.0,Debt Settlement1 Master,AL,50001-70000,google,www.google.com,Holding Tank - Debt,Master debt,master debt,http://www.debtreductioninc.com/index8.html,debt,300250,2DC,BlueMeter,1,1
2009-05-06 14:01:24.000,bad,w-300250-DebtReduction1-2DC-CreditSolutions,TopLeft,DebtReductionInc,0.0,0.0,creditsolutions-branded-shortform,LA,90000-100000,google,www.google.com,Holding Tank - Debt,Student loan debt,student loan debt reduction,http://www.debtreductioninc.com/index8.html,debt,300250,2DC,CreditSolutions,1,1
2009-06-04 19:34:22.390,unknown,w-302252-DebtReduction1-1DC-white,TopLeft,DebtReductionInc,0.0,0.0,Debt Settlement1 Master,FL,15001-20000,yahoo,my.att.net,Debt Consolidation,,,http://www.debtreductioninc.com/index8.html,consolidation,302252,1DC,white,1,1
2009-06-30 21:48:32.650,unknown,w-302252-DebtReduction1-1DC,TopLeft,DebtReductionInc,0.0,3.0,Debt Settlement1 Master,FL,15001-20000,google,search.netscape.com,Holding Tank - Debt,Credit counselor,,http://www.debtreductioninc.com/index8.html,debt,302252,1DC,default,1,0
2009-06-09 20:59:41.050,unknown,w-302252-DebtReduction1-1DC-white,TopLeft,DebtReductionInc,0.0,0.0,Debt Settlement1 Master,AL,30001-50000,yahoo,search.yahoo.com,General Debt,,debt relief.com,http://www.debtreductioninc.com/index8.html,debt,302252,1DC,white,1,1
2009-05-08 13:33:23.437,unknown,w-302252-DebtReduction1-1DC,TopLeft,DebtReductionInc,0.0,0.0,Debt Settlement1 Master,LA,20001-30000,yahoo,www.findstuff.com,Debt Consolidation,,,http://www.debtreductioninc.com/index8.html,consolidation,302252,1DC,default,1,1
2009-06-17 16:41:36.540,unknown,w-302252-DebtReduction1-1DC-CreditSolutions,TopLeft,DebtReductionInc,0.0,0.0,creditsolutions-branded-shortform,LA,15001-20000,google,www.google.com,Holding Tank - Debt,Debt law,debt law,http://www.debtreductioninc.com/index8.html,debt,302252,1DC,CreditSolutions,1,1
2009-08-05 00:00:00.000,closed,w-302252-DebtReduction1-1DC-white,TopLeft,DebtReductionInc,5.0,5.0,Debt Settlement1 Master,LA,20001-30000,google,ezinearticles.com,How,debt,,http://www.debtreductioninc.com/index8.html,other,302252,1DC,white,0,0
2009-09-06 01:46:00.700,unknown,w-302252-DebtReduction1-1DC-CreditSolutions,TopLeft,DebtReductionInc,5.0,5.0,creditsolutions-branded-shortform,AL,70001-90000,google,www.ask.com,Holding Tank - Debt,Eliminate debt,Forms to Send Creditors to Eliminate Debt,http://www.debtreductioninc.com/index8.html,debt,302252,1DC,CreditSolutions,0,0
2009-05-31 21:56:54.937,unknown,w-302252-DebtReduction1-1DC,TopLeft,DebtReductionInc,0.0,0.0,Debt Settlement1 Master,FL,30001-50000,yahoo,www.lawyer.com,Credit Card Debt,,,http://www.debtreductioninc.com/index8.html,credit_general,302252,1DC,default,1,1
2009-04-29 17:15:27.153,unknown,w-300250-DebtReduction1-1DC-Head3,TopLeft,DebtReductionInc,0.0,0.0,Debt Settlement1 Master,LA,7500-15000,yahoo,search.yahoo.com,Credit Card Debt,,credit card debt 8k,http://www.debtreductioninc.com/index8.html,credit_general,300250,1DC,Head3,1,1
2009-07-12 06:09:06.000,bad,w-302252-DebtReduction1-1DC-CreditSolutions,TopLeft,DebtReductionInc,3.0,2.0,creditsolutions-branded-shortform,NY,15001-20000,google,www.ask.com,Holding Tank - Debt,Legally eliminate debt,HOW TO ELIMINATE DEBT LEGALLY,http://www.debtreductioninc.com/index8.html,debt,302252,1DC,CreditSolutions,0,0
2009-06-16 16:34:43.270,unknown,w-302252-DebtReduction1-1DC-CreditSolutions,TopLeft,DebtReductionInc,0.0,0.0,creditsolutions-branded-shortform,NY,15001-20000,google,www.google.com,Debt,Debt,debt stimulus,http://www.debtreductioninc.com/index8.html,debt,302252,1DC,CreditSolutions,1,1
2009-05-26 11:35:40.673,unknown,w-302252-DebtReduction1-1DC-white,TopLeft,DebtReductionInc,0.0,0.0,Debt Settlement1 Master,AZ,15001-20000,google,googleads.g.doubleclick.net,Credit Card Debt - high volume,,,http://www.debtreductioninc.com/index8.html,credit_general,302252,1DC,white,1,1
2009-05-12 16:45:38.930,unknown,w-302252-DebtReduction1-1DC-white,TopLeft,DebtReductionInc,0.0,0.0,Debt Settlement1 Master,NY,7500-15000,google,whois.domaintools.com,Stop Collections,,,http://www.debtreductioninc.com/index8.html,collection,302252,1DC,white,1,1
2009-04-15 00:00:00.000,closed,w-300250-DebtReduction1-1DC-Head3,TopLeft,DebtReductionInc,0.0,0.0,Debt Settlement1 Master,AZ,20001-30000,yahoo,searchguide.frontiernet.net,Debt Consolidation,,,http://www.debtreductioninc.com/index8.html,consolidation,300250,1DC,Head3,1,1
2009-05-05 00:00:00.000,good,w-300250-DebtReduction1-1DC-CreditSolutions,TopLeft,DebtReductionInc,0.0,0.0,creditsolutions-branded-shortform,IL,7500-15000,yahoo,search.yahoo.com,Get Out Of Debt,,help me get out of debt,http://www.debtreductioninc.com/index8.html,debt,300250,1DC,CreditSolutions,1,1
2009-05-10 00:00:00.000,closed,w-302252-DebtReduction1-1DC,TopLeft,DebtReductionInc,0.0,0.0,Debt Settlement1 Master,WV,15001-20000,yahoo,search.yahoo.com,Debt Consolidation,,dept consolidation,http://www.debtreductioninc.com/index8.html,consolidation,302252,1DC,default,1,1
2009-05-12 09:32:39.347,unknown,w-302252-DebtReduction1-1DC-CreditSolutions,TopLeft,DebtReductionInc,0.0,0.0,creditsolutions-branded-shortform,NY,7500-15000,yahoo,www.findstuff.com,Debt Consolidation,,,http://www.debtreductioninc.com/index8.html,consolidation,302252,1DC,CreditSolutions,1,1
2009-07-28 07:23:14.107,unknown,w-302252-DebtReduction1-1DC-CreditSolutions,TopLeft,DebtReductionInc,4.0,4.0,creditsolutions-branded-shortform,WV,7500-15000,yahoo,www.findstuff.com,Debt Consolidation,,,http://www.debtreductioninc.com/index8.html,consolidation,302252,1DC,CreditSolutions,0,0
2009-09-28 00:00:00.000,good,w-302252-DebtReduction1-1DC-yellowarrow,TopLeft,DebtReductionInc,5.0,5.0,Debt Settlement1 Master,NY,7500-15000,yahoo,search.yahoo.com,Credit Card Consolidation,,debt consolidation,http://www.debtreductioninc.com/index8.html,credit_general,302252,1DC,yellowarrow,0,0
2009-04-30 00:30:19.510,unknown,w-300250-DebtReduction1-1DC,TopLeft,DebtReductionInc,0.0,0.0,Debt Settlement1 Master,NY,30001-50000,yahoo,search.yahoo.com,Credit Debt Consolidation,,consolidated credit,http://www.debtreductioninc.com/index8.html,credit_general,300250,1DC,default,1,1
2009-08-24 17:25:20.877,unknown,w-302252-DebtReduction1-1DC-CreditSolutions,TopLeft,DebtReductionInc,5.0,2.0,creditsolutions-branded-shortform,CA,15001-20000,google,fastbrowsersearch.com,Holding Tank - Debt,Debtclear,,http://www.debtreductioninc.com/index8.html,debt,302252,1DC,CreditSolutions,0,0
2009-09-25 23:07:52.933,unknown,w-302252-DebtReduction1-1DC-CreditSolutions,TopLeft,DebtReductionInc,5.0,5.0,creditsolutions-branded-shortform,CA,20001-30000,google,ezinearticles.com,Credit Card Debt - high volume,,,http://www.debtreductioninc.com/index8.html,credit_general,302252,1DC,CreditSolutions,0,0
2009-07-26 22:24:22.723,unknown,w-302252-DebtReduction1-1DC-CreditSolutions,TopLeft,DebtReductionInc,5.0,5.0,creditsolutions-branded-shortform,MT,30001-50000,google,www.ask.com,Loan Default,Mortgage default,what should I expect from morgage default?,http://www.debtreductioninc.com/index8.html,loan,302252,1DC,CreditSolutions,0,0
2009-06-14 18:45:54.450,unknown,w-302252-DebtReduction1-1DC-CreditSolutions,TopLeft,DebtReductionInc,0.0,0.0,creditsolutions-branded-shortform,NY,7500-15000,google,ezinearticles.com,Student Debt,,,http://www.debtreductioninc.com/index8.html,student_debt,302252,1DC,CreditSolutions,1,1
2009-06-28 14:55:44.917,unknown,w-302252-DebtReduction1-1DC,TopLeft,DebtReductionInc,0.0,5.0,Debt Settlement1 Master,CA,70001-90000,google,www.google.com,Holding Tank - Debt,Debt cures they don t want you to know about,debt cures they don't want you to know about,http://www.debtreductioninc.com/index8.html,debt,302252,1DC,default,1,0
2009-05-04 10:59:46.983,unknown,w-300250-DebtReduction1-1DC-CreditSolutions,TopLeft,DebtReductionInc,0.0,0.0,creditsolutions-branded-shortform,NY,7500-15000,yahoo,searchguide.frontiernet.net,General Debt,,,http://www.debtreductioninc.com/index8.html,debt,300250,1DC,CreditSolutions,1,1
2009-09-13 18:58:16.000,bad,w-302252-DebtReduction1-1DC-yellowarrow-blue,TopLeft,DebtReductionInc,1.0,5.0,Debt Settlement1 Master,WV,More_than_100000,google,www.ehow.com,How,debt,,http://www.debtreductioninc.com/index8.html,other,302252,1DC,yellowarrow-blue,0,0
2009-08-04 16:19:30.997,unknown,w-302252-DebtReduction1-1DC-white,TopLeft,DebtReductionInc,5.0,5.0,Debt Settlement1 Master,IL,More_than_100000,google,ezinearticles.com,How,debt,,http://www.debtreductioninc.com/index8.html,other,302252,1DC,white,0,0
2009-08-08 05:27:19.187,unknown,w-302252-DebtReduction1-1DC-CreditSolutions,TopLeft,DebtReductionInc,5.0,4.0,creditsolutions-branded-shortform,WV,More_than_100000,yahoo,www.justclicklocal.com,Debt Consolidation,,,http://www.debtreductioninc.com/index8.html,consolidation,302252,1DC,CreditSolutions,0,0
2009-08-23 13:36:27.483,unknown,w-302252-DebtReduction1-1DC-yellowarrow-dark,TopLeft,DebtReductionInc,1.0,3.0,Debt Settlement1 Master,AZ,7500-15000,adknowledge,us.mc317.mail.yahoo.com,Consolidate,,,http://www.debtreductioninc.com/index8.html,consolidation,302252,1DC,yellowarrow-dark,0,0
2009-07-27 19:25:19.373,unknown,w-302252-DebtReduction1-1DC-yellowarrow-dark,TopLeft,DebtReductionInc,5.0,3.0,Debt Settlement1 Master,MT,20001-30000,google,ezinearticles.com,How,debt,,http://www.debtreductioninc.com/index8.html,other,302252,1DC,yellowarrow-dark,0,0
2009-07-28 18:36:11.727,unknown,w-302252-DebtReduction1-1DC-yellowarrow-dark,TopLeft,DebtReductionInc,5.0,5.0,Debt Settlement1 Master,FL,15001-20000,yahoo,search.embarq.com,Credit Debt Consolidation,,,http://www.debtreductioninc.com/index8.html,credit_general,302252,1DC,yellowarrow-dark,0,0
2009-06-03 01:43:51.000,bad,w-302252-DebtReduction1-1DC-white,TopLeft,DebtReductionInc,0.0,0.0,Debt Settlement1 Master,HI,20001-30000,adknowledge,unknown,Consolidate,,,http://www.debtreductioninc.com/index8.html,consolidation,302252,1DC,white,1,1
2009-08-27 18:42:00.990,unknown,w-302252-DebtReduction1-1DC-CreditSolutions,TopLeft,DebtReductionInc,5.0,3.0,creditsolutions-branded-shortform,NY,20001-30000,google,financialplan.about.com,Credit Card Debt - high volume,,,http://www.debtreductioninc.com/index8.html,credit_general,302252,1DC,CreditSolutions,0,0
2009-05-08 22:01:22.990,unknown,w-302252-DebtReduction1-1DC-CreditSolutions,TopLeft,DebtReductionInc,0.0,0.0,creditsolutions-branded-shortform,NY,20001-30000,yahoo,unknown,Debt Solution,,,http://www.debtreductioninc.com/index8.html,debt,302252,1DC,CreditSolutions,1,1
2009-04-18 00:00:00.000,good,w-300250-DebtReduction1-2DC-BlueMeter,TopLeft,DebtReductionInc,0.0,0.0,Debt Settlement1 Master,NY,70001-90000,google,www.google.com,Holding Tank - Debt,Debtrescueusa,DebtRescueUSA,http://www.debtreductioninc.com/index8.html,debt,300250,2DC,BlueMeter,1,1
2009-04-23 18:42:25.393,unknown,w-300250-DebtReduction1-1DC-Head2,TopLeft,DebtReductionInc,0.0,0.0,Debt Settlement1 Master,NY,20001-30000,yahoo,search.yahoo.com,Lower Payments,,how to lower car payments,http://www.debtreductioninc.com/index8.html,lower_payment,300250,1DC,Head2,1,1
2009-04-15 09:55:20.347,unknown,w-300250-DebtReduction1-2DC-CreditSolutions,TopLeft,DebtReductionInc,0.0,0.0,creditsolutions-branded-shortform,NY,15001-20000,yahoo,search.yahoo.com,General Debt,,debt busters,http://www.debtreductioninc.com/index8.html,debt,300250,2DC,CreditSolutions,1,1
2009-06-04 14:36:23.863,unknown,w-302252-DebtReduction1-1DC-white,TopLeft,DebtReductionInc,0.0,0.0,Debt Settlement1 Master,NY,20001-30000,yahoo,search.yahoo.com,Debt Consolidation,,consolidating medical bills in ny,http://www.debtreductioninc.com/index8.html,consolidation,302252,1DC,white,1,1
2009-05-14 00:00:00.000,good,w-302252-DebtReduction1-1DC-CreditSolutions,TopLeft,DebtReductionInc,0.0,0.0,creditsolutions-branded-shortform,NY,7500-15000,yahoo,www.webcrawler.com,Debt Consolidation,,,http://www.debtreductioninc.com/index8.html,consolidation,302252,1DC,CreditSolutions,1,1
2009-08-21 05:44:41.000,bad,w-302252-DebtReduction1-1DC-yellowarrow-dark,TopLeft,DebtReductionInc,5.0,5.0,Debt Settlement1 Master,NY,7500-15000,yahoo,www.seekeen.com,Credit Card Debt,,,http://www.debtreductioninc.com/index8.html,credit_general,302252,1DC,yellowarrow-dark,0,0
2009-08-14 11:48:42.890,unknown,w-302252-DebtReduction1-1DC-yellowarrow-blue,TopLeft,DebtReductionInc,5.0,3.0,Debt Settlement1 Master,MI,7500-15000,google,ezinearticles.com,Credit Card Debt - high volume,,,http://www.debtreductioninc.com/index8.html,credit_general,302252,1DC,yellowarrow-blue,0,0
2009-05-27 16:10:30.957,unknown,w-302252-DebtReduction1-1DC-white,TopLeft,DebtReductionInc,0.0,0.0,Debt Settlement1 Master,CO,7500-15000,yahoo,www.dotellall.com,Debt Consolidation,,,http://www.debtreductioninc.com/index8.html,consolidation,302252,1DC,white,1,1
2009-04-27 18:51:41.080,unknown,w-300250-DebtReduction1-2DC-CreditSolutions,TopLeft,DebtReductionInc,0.0,0.0,creditsolutions-branded-shortform,CA,More_than_100000,yahoo,as.starware.com,General Debt,,,http://www.debtreductioninc.com/index8.html,debt,300250,2DC,CreditSolutions,1,1
2009-08-15 00:00:00.000,closed,w-302252-DebtReduction1-1DC-CreditSolutions,TopLeft,DebtReductionInc,5.0,4.0,creditsolutions-branded-shortform,NY,7500-15000,yahoo,search.yahoo.com,Credit Card Consolidation,,consolidate debt,http://www.debtreductioninc.com/index8.html,credit_general,302252,1DC,CreditSolutions,0,0
2009-06-12 05:05:23.000,bad,w-302252-DebtReduction1-1DC-CreditSolutions,TopLeft,DebtReductionInc,0.0,0.0,creditsolutions-branded-shortform,NY,20001-30000,google,www.google.com,Debt,Debt,debt free stimulus,http://www.debtreductioninc.com/index8.html,debt,302252,1DC,CreditSolutions,1,1
2009-08-28 03:15:59.353,unknown,w-302252-DebtReduction1-1DC-yellowarrow-dark,TopLeft,DebtReductionInc,1.0,4.0,Debt Settlement1 Master,NY,7500-15000,google,www.google.com,Loan Default,Loan default help,help student loan is in default,http://www.debtreductioninc.com/index8.html,loan,302252,1DC,yellowarrow-dark,0,0
2009-06-28 00:00:00.000,closed,w-302252-DebtReduction1-1DC-CreditSolutions,TopLeft,DebtReductionInc,0.0,5.0,creditsolutions-branded-shortform,NY,7500-15000,yahoo,ww23.rr.com,Debt Consolidation,,,http://www.debtreductioninc.com/index8.html,consolidation,302252,1DC,CreditSolutions,1,0
2009-05-03 14:43:53.203,unknown,w-300250-DebtReduction1-1DC-CreditSolutions,TopLeft,DebtReductionInc,0.0,0.0,creditsolutions-branded-shortform,NY,15001-20000,yahoo,www.findstuff.com,Chapter 7 Bankruptcy,,,http://www.debtreductioninc.com/index8.html,bankrup,300250,1DC,CreditSolutions,1,1
2009-07-06 15:15:16.000,bad,w-302252-DebtReduction1-1DC-yellowarrow-blue,TopLeft,DebtReductionInc,0.0,3.0,Debt Settlement1 Master,NY,15001-20000,google,www.info.com,Holding Tank - Debt,Pacific debt,,http://www.debtreductioninc.com/index8.html,debt,302252,1DC,yellowarrow-blue,1,0
2009-07-06 20:32:38.743,unknown,w-302252-DebtReduction1-1DC-CreditSolutions,TopLeft,DebtReductionInc,0.0,5.0,creditsolutions-branded-shortform,NY,30001-50000,adknowledge,co115w.col115.mail.live.com,Consolidate,,,http://www.debtreductioninc.com/index8.html,consolidation,302252,1DC,CreditSolutions,1,0
2009-09-26 15:00:00.000,bad,w-302252-DebtReduction1-1DC-yellowarrow-blue,TopLeft,DebtReductionInc,5.0,3.0,Debt Settlement1 Master,NY,30001-50000,yahoo,search.yahoo.com,Credit Card Consolidation,,consolidate credit card debt,http://www.debtreductioninc.com/index8.html,credit_general,302252,1DC,yellowarrow-blue,0,0
2009-04-28 16:25:36.647,unknown,w-300250-DebtReduction1-1DC-Head3,TopLeft,DebtReductionInc,0.0,0.0,Debt Settlement1 Master,NY,More_than_100000,yahoo,www.findstuff.com,Debt Consolidation,,,http://www.debtreductioninc.com/index8.html,consolidation,300250,1DC,Head3,1,1
2009-04-04 18:20:18.687,unknown,w-300250-DebtReduction1-1DC-Head3,TopLeft,DebtReductionInc,0.0,0.0,Debt Settlement1 Master,NY,7500-15000,yahoo,www.linkroll.com,Credit Card Debt,,,http://www.debtreductioninc.com/index8.html,credit_general,300250,1DC,Head3,1,1
2009-06-03 23:13:29.447,unknown,w-302252-DebtReduction1-1DC-white,TopLeft,DebtReductionInc,0.0,0.0,Debt Settlement1 Master,NY,7500-15000,google,googleads.g.doubleclick.net,How,debt,,http://www.debtreductioninc.com/index8.html,other,302252,1DC,white,1,1
2009-04-22 17:18:17.573,unknown,w-300250-DebtReduction1-2DC-CreditSolutions,TopLeft,DebtReductionInc,0.0,0.0,creditsolutions-branded-shortform,NY,7500-15000,yahoo,search.yahoo.com,Chapter 7 Bankruptcy,,what is chapter 7 bankruptcy,http://www.debtreductioninc.com/index8.html,bankrup,300250,2DC,CreditSolutions,1,1
2009-08-10 00:00:00.000,closed,w-302252-DebtReduction1-1DC-CreditSolutions,TopLeft,DebtReductionInc,5.0,5.0,creditsolutions-branded-shortform,NY,20001-30000,google,unknown,How,How to lower credit card,,http://www.debtreductioninc.com/index11.html,other,302252,1DC,CreditSolutions,0,0
2009-08-23 00:00:00.000,closed,w-302252-DebtReduction1-1DC-CreditSolutions,TopLeft,DebtReductionInc,5.0,5.0,creditsolutions-branded-shortform,NY,15001-20000,adknowledge,www.debtguidenow.com,Consolidate,,,http://www.debtreductioninc.com/index8.html,consolidation,302252,1DC,CreditSolutions,0,0
2009-05-13 17:21:30.960,unknown,w-302252-DebtReduction1-1DC-CreditSolutions,TopLeft,DebtReductionInc,0.0,0.0,creditsolutions-branded-shortform,NY,90000-100000,google,www.google.com,Loan Default,Loans in default,stafford loans going into default,http://www.debtreductioninc.com/index8.html,loan,302252,1DC,CreditSolutions,1,1
2009-06-11 13:51:12.367,unknown,w-302252-DebtReduction1-1DC-CreditSolutions,TopLeft,DebtReductionInc,0.0,0.0,creditsolutions-branded-shortform,FL,30001-50000,google,googleads.g.doubleclick.net,Student Debt,,,http://www.debtreductioninc.com/index8.html,student_debt,302252,1DC,CreditSolutions,1,1
2009-06-05 12:07:17.723,unknown,w-302252-DebtReduction1-1DC,TopLeft,DebtReductionInc,0.0,0.0,Debt Settlement1 Master,FL,50001-70000,google,googleads.g.doubleclick.net,Student Debt,,,http://www.debtreductioninc.com/index12.html,student_debt,302252,1DC,default,1,1
2009-06-01 15:02:57.000,bad,w-302252-DebtReduction1-1DC-CreditSolutions,TopLeft,DebtReductionInc,0.0,0.0,creditsolutions-branded-shortform,CA,7500-15000,yahoo,search.yahoo.com,File Bankruptcy,,how to file bankruptcy in california,http://www.debtreductioninc.com/index8.html,bankrup,302252,1DC,CreditSolutions,1,1
2009-05-13 22:13:29.730,unknown,w-302252-DebtReduction1-1DC-CreditSolutions,TopLeft,DebtReductionInc,0.0,0.0,creditsolutions-branded-shortform,TX,70001-90000,google,moneyfor20s.about.com,Lower Payments,,,http://www.debtreductioninc.com/index8.html,lower_payment,302252,1DC,CreditSolutions,1,1
2009-07-23 11:54:43.963,unknown,w-302252-DebtReduction1-1DC-CreditSolutions,TopLeft,DebtReductionInc,5.0,2.0,creditsolutions-branded-shortform,TX,50001-70000,google,unknown,Student Debt,,,http://www.debtreductioninc.com/index11.html,student_debt,302252,1DC,CreditSolutions,0,0
2009-04-21 12:22:28.270,unknown,w-300250-DebtReduction1-1DC-Head2,TopLeft,DebtReductionInc,0.0,0.0,Debt Settlement1 Master,CA,30001-50000,google,www.google.com,Holding Tank - Debt,Legally erase your debt as seen on msnbc,legally erase your debt as seen on msnbc,http://www.debtreductioninc.com/index8.html,debt,300250,1DC,Head2,1,1
2009-09-01 00:00:00.000,good,w-302252-DebtReduction1-1DC-CreditSolutions,TopLeft,DebtReductionInc,1.0,2.0,creditsolutions-branded-shortform,VA,70001-90000,google,pagead2.googlesyndication.com,How,debt,,http://www.debtreductioninc.com/index8.html,other,302252,1DC,CreditSolutions,0,0
2009-08-01 15:07:47.290,unknown,w-302252-DebtReduction1-1DC-yellowarrow-dark,TopLeft,DebtReductionInc,5.0,5.0,Debt Settlement1 Master,VA,20001-30000,google,search.mywebsearch.com,Credit Card Debt - high volume,,,http://www.debtreductioninc.com/index8.html,credit_general,302252,1DC,yellowarrow-dark,0,0
2009-04-16 19:56:08.680,unknown,w-300250-DebtReduction1-1DC-BlueMeter,TopLeft,DebtReductionInc,0.0,0.0,Debt Settlement1 Master,VA,7500-15000,google,www.google.com,Student Debt,Student loan default,student loan default amnesty,http://www.debtreductioninc.com/index8.html,student_debt,300250,1DC,BlueMeter,1,1
2009-07-26 23:23:21.693,unknown,w-302252-DebtReduction1-1DC-white,TopLeft,DebtReductionInc,4.0,4.0,Debt Settlement1 Master,LA,20001-30000,google,www.ehow.com,How,debt,,http://www.debtreductioninc.com/index8.html,other,302252,1DC,white,0,0
2009-07-13 08:07:36.990,unknown,w-302252-DebtReduction1-1DC-CreditSolutions,TopLeft,DebtReductionInc,4.0,5.0,creditsolutions-branded-shortform,IL,50001-70000,google,www.ehow.com,Student Debt,,,http://www.debtreductioninc.com/index8.html,student_debt,302252,1DC,CreditSolutions,0,0
2009-08-21 07:53:57.167,unknown,w-302252-DebtReduction1-1DC-yellowarrow-blue,TopLeft,DebtReductionInc,5.0,5.0,Debt Settlement1 Master,MI,20001-30000,google,www.google.com,Holding Tank - Debt,American debt,American Debt,http://www.debtreductioninc.com/index8.html,debt,302252,1DC,yellowarrow-blue,0,0
2009-08-27 00:00:00.000,closed,w-302252-DebtReduction1-1DC-white,TopLeft,DebtReductionInc,5.0,4.0,Debt Settlement1 Master,TX,7500-15000,google,googleads.g.doubleclick.net,Credit Card Debt,,,http://www.debtreductioninc.com/index8.html,credit_general,302252,1DC,white,0,0
2009-05-12 00:45:45.707,unknown,w-302252-DebtReduction1-1DC,TopLeft,DebtReductionInc,0.0,0.0,Debt Settlement1 Master,TX,20001-30000,google,search.mywebsearch.com,Credit Card Reduction,How to reduce credit card apr,,http://www.debtreductioninc.com/index8.html,credit_general,302252,1DC,default,1,1
2009-06-15 21:32:02.000,bad,w-302252-DebtReduction1-1DC-CreditSolutions,TopLeft,DebtReductionInc,0.0,0.0,creditsolutions-branded-shortform,WV,30001-50000,google,googleads.g.doubleclick.net,Student Debt,,http://studentloandebthelp.net,http://www.debtreductioninc.com/index8.html,student_debt,302252,1DC,CreditSolutions,1,1
2009-07-18 00:19:17.860,unknown,w-302252-DebtReduction1-1DC-yellowarrow-blue,TopLeft,DebtReductionInc,3.0,3.0,Debt Settlement1 Master,TX,7500-15000,google,unknown,Student Debt,,,http://www.debtreductioninc.com/index11.html,student_debt,302252,1DC,yellowarrow-blue,0,0
2009-05-18 22:28:06.560,unknown,w-302252-DebtReduction1-1DC-white,TopLeft,DebtReductionInc,0.0,0.0,Debt Settlement1 Master,WV,7500-15000,yahoo,search.yahoo.com,Credit Card Consolidation,,credit consolidation,http://www.debtreductioninc.com/index8.html,credit_general,302252,1DC,white,1,1
2009-04-28 20:04:33.477,unknown,w-300250-DebtReduction1-1DC-BlueMeter,TopLeft,DebtReductionInc,0.0,0.0,Debt Settlement1 Master,TX,7500-15000,yahoo,www.findstuff.com,Debt Consolidation,,,http://www.debtreductioninc.com/index8.html,consolidation,300250,1DC,BlueMeter,1,1
2009-06-25 19:10:28.817,unknown,w-302252-DebtReduction1-1DC-yellowarrow-blue,TopLeft,DebtReductionInc,0.0,0.0,Debt Settlement1 Master,IL,7500-15000,google,www.ehow.com,Student Debt,,,http://www.debtreductioninc.com/index8.html,student_debt,302252,1DC,yellowarrow-blue,1,1
2009-05-16 22:26:22.483,unknown,w-302252-DebtReduction1-1DC-CreditSolutions,TopLeft,DebtReductionInc,0.0,0.0,creditsolutions-branded-shortform,MI,15001-20000,google,pubads.g.doubleclick.net,Lower Payments,,,http://www.debtreductioninc.com/index8.html,lower_payment,302252,1DC,CreditSolutions,1,1
2009-04-12 19:44:42.693,unknown,w-300250-DebtReduction1-1DC,TopLeft,DebtReductionInc,0.0,0.0,Debt Settlement1 Master,CA,15001-20000,google,googleads.g.doubleclick.net,Credit Card Debt - high volume,,,http://www.debtreductioninc.com/index8.html,credit_general,300250,1DC,default,1,1
2009-08-03 12:21:34.973,unknown,w-302252-DebtReduction1-1DC-CreditSolutions,TopLeft,DebtReductionInc,5.0,3.0,creditsolutions-branded-shortform,MI,20001-30000,google,www.google.com,Holding Tank - Debt,Debt bailout,mommy debt bailout,http://www.debtreductioninc.com/index8.html,debt,302252,1DC,CreditSolutions,0,0
2009-05-18 14:10:09.107,unknown,w-302252-DebtReduction1-1DC-CreditSolutions,TopLeft,DebtReductionInc,0.0,0.0,creditsolutions-branded-shortform,AL,7500-15000,yahoo,unknown,Debt Credit Services,,,http://www.debtreductioninc.com/index8.html,credit_general,302252,1DC,CreditSolutions,1,1
2009-05-18 06:21:11.387,unknown,w-302252-DebtReduction1-1DC-CreditSolutions,TopLeft,DebtReductionInc,0.0,0.0,creditsolutions-branded-shortform,AL,7500-15000,google,docs1.myway.com,Credit Card Debt - high volume,,,http://www.debtreductioninc.com/index8.html,credit_general,302252,1DC,CreditSolutions,1,1
2009-08-01 12:47:51.273,unknown,w-302252-DebtReduction1-1DC-yellowarrow-dark,TopLeft,DebtReductionInc,5.0,5.0,Debt Settlement1 Master,AL,30001-50000,yahoo,search.yahoo.com,Credit Card Debt,,us national debt service,http://www.debtreductioninc.com/index8.html,credit_general,302252,1DC,yellowarrow-dark,0,0
2009-08-16 17:46:26.533,unknown,w-302252-DebtReduction1-1DC-yellowarrow-blue,TopLeft,DebtReductionInc,5.0,5.0,Debt Settlement1 Master,AL,30001-50000,yahoo,search.yahoo.com,Debt Consolidation,,www.government consolidation information,http://www.debtreductioninc.com/index8.html,consolidation,302252,1DC,yellowarrow-blue,0,0
2009-08-27 12:20:03.893,unknown,w-302252-DebtReduction1-1DC-yellowarrow-dark,TopLeft,DebtReductionInc,5.0,5.0,Debt Settlement1 Master,AL,15001-20000,yahoo,yp.yahoo.com,Credit Card Debt Reduction,,,http://www.debtreductioninc.com/index8.html,credit_general,302252,1DC,yellowarrow-dark,0,0
2009-04-11 03:38:58.320,unknown,w-300250-DebtReduction1-1DC,TopLeft,DebtReductionInc,0.0,0.0,Debt Settlement1 Master,AL,15001-20000,google,search.peoplepc.com,Holding Tank - Debt,Debt cures,debt cures,http://www.debtreductioninc.com/index8.html,debt,300250,1DC,default,1,1
2009-06-14 08:25:57.230,unknown,w-302252-DebtReduction1-1DC-CreditSolutions,TopLeft,DebtReductionInc,0.0,0.0,creditsolutions-branded-shortform,AL,7500-15000,google,docs1.myway.com,Credit Card Debt - high volume,,,http://www.debtreductioninc.com/index8.html,credit_general,302252,1DC,CreditSolutions,1,1
2009-05-13 00:00:00.000,good,w-302252-DebtReduction1-1DC-CreditSolutions,TopLeft,DebtReductionInc,0.0,0.0,creditsolutions-branded-shortform,NY,90000-100000,yahoo,search.yahoo.com,Chapter 7 Bankruptcy,,bankruptcy laws,http://www.debtreductioninc.com/index8.html,bankrup,302252,1DC,CreditSolutions,1,1
2009-05-11 09:27:44.960,unknown,w-302252-DebtReduction1-1DC-white,TopLeft,DebtReductionInc,0.0,0.0,Debt Settlement1 Master,MI,15001-20000,yahoo,www.findstuff.com,Debt Consolidation,,,http://www.debtreductioninc.com/index8.html,consolidation,302252,1DC,white,1,1
2009-04-04 11:34:21.560,unknown,w-300250-DebtReduction1-2DC-BlueMeter,TopLeft,DebtReductionInc,0.0,0.0,Debt Settlement1 Master,AZ,7500-15000,adknowledge,us.mc362.mail.yahoo.com,Consolidate,,,http://www.debtreductioninc.com/index8.html,consolidation,300250,2DC,BlueMeter,1,1
2009-07-27 00:00:00.000,good,w-302252-DebtReduction1-1DC-yellowarrow-blue,TopLeft,DebtReductionInc,1.0,5.0,Debt Settlement1 Master,MO,15001-20000,yahoo,search.yahoo.com,General Debt,,free out of debt,http://www.debtreductioninc.com/index8.html,debt,302252,1DC,yellowarrow-blue,0,0
2009-07-21 23:09:53.430,unknown,w-302252-DebtReduction1-1DC-CreditSolutions,TopLeft,DebtReductionInc,5.0,3.0,creditsolutions-branded-shortform,IL,7500-15000,google,www.ask.com,Holding Tank - Debt,Debt forgiveness for student loans,Debt Forgiveness for Student Loans,http://www.debtreductioninc.com/index8.html,debt,302252,1DC,CreditSolutions,0,0
2009-08-19 22:05:06.120,unknown,w-302252-DebtReduction1-1DC-CreditSolutions,TopLeft,DebtReductionInc,4.0,4.0,creditsolutions-branded-shortform,MO,20001-30000,google,www.ask.com,Debt,Debt,americanex-debt.com,http://www.debtreductioninc.com/index8.html,debt,302252,1DC,CreditSolutions,0,0
2009-08-31 20:05:36.467,unknown,w-302252-DebtReduction1-1DC-yellowarrow-blue,TopLeft,DebtReductionInc,5.0,2.0,Debt Settlement1 Master,AL,7500-15000,yahoo,www.zwangi.com,Credit Card Consolidation,,,http://www.debtreductioninc.com/index8.html,credit_general,302252,1DC,yellowarrow-blue,0,0
2009-08-10 20:17:18.267,unknown,w-302252-DebtReduction1-1DC-CreditSolutions,TopLeft,DebtReductionInc,5.0,5.0,creditsolutions-branded-shortform,WA,30001-50000,yahoo,search.yahoo.com,General Debt,,federal debt corp,http://www.debtreductioninc.com/index8.html,debt,302252,1DC,CreditSolutions,0,0
2009-04-03 22:02:26.917,unknown,w-300250-DebtReduction1-1DC-Head2,TopLeft,DebtReductionInc,0.0,0.0,Debt Settlement1 Master,AL,15001-20000,adknowledge,us.mc1106.mail.yahoo.com,Consolidate,,,http://www.debtreductioninc.com/index8.html,consolidation,300250,1DC,Head2,1,1
2009-06-08 19:26:49.547,unknown,w-302252-DebtReduction1-1DC-CreditSolutions,TopLeft,DebtReductionInc,0.0,0.0,creditsolutions-branded-shortform,AL,50001-70000,google,googleads.g.doubleclick.net,Debt Negotiation,,,http://www.debtreductioninc.com/index12.html,debt,302252,1DC,CreditSolutions,1,1
2009-07-30 18:25:00.233,unknown,w-302252-DebtReduction1-1DC-white,TopLeft,DebtReductionInc,5.0,3.0,Debt Settlement1 Master,OR,15001-20000,yahoo,search.yahoo.com,Debt Consolidate,,consolidatebills,http://www.debtreductioninc.com/index8.html,consolidation,302252,1DC,white,0,0
2009-06-28 08:30:30.000,bad,w-302252-DebtReduction1-1DC-yellowarrow-blue,TopLeft,DebtReductionInc,0.0,3.0,Debt Settlement1 Master,TX,7500-15000,google,turing.oversee.net,Student Debt,Student loan default,,http://www.debtreductioninc.com/index8.html,student_debt,302252,1DC,yellowarrow-blue,1,0
2009-09-27 23:00:40.237,unknown,w-302252-DebtReduction1-1DC-CreditSolutions,TopLeft,DebtReductionInc,3.0,4.0,creditsolutions-branded-shortform,TX,More_than_100000,google,www.google.com,Loan Default,Loan default help,defaulted student loan help,http://www.debtreductioninc.com/index8.html,loan,302252,1DC,CreditSolutions,0,0
2009-08-31 22:46:35.303,unknown,w-302252-DebtReduction1-1DC-yellowarrow-dark,TopLeft,DebtReductionInc,5.0,4.0,Debt Settlement1 Master,NV,30001-50000,yahoo,us.yhs.search.yahoo.com,Credit Debt Consolidation,,credit consolidators,http://www.debtreductioninc.com/index8.html,credit_general,302252,1DC,yellowarrow-dark,0,0
2009-05-26 18:35:41.207,unknown,w-302252-DebtReduction1-1DC-CreditSolutions,TopLeft,DebtReductionInc,0.0,0.0,creditsolutions-branded-shortform,AL,7500-15000,yahoo,shop.simpli.com,Student Debt,,college student credit card,http://www.debtreductioninc.com/index8.html,student_debt,302252,1DC,CreditSolutions,1,1
2009-08-23 00:00:00.000,closed,w-302252-DebtReduction1-1DC-yellowarrow-blue,TopLeft,DebtReductionInc,5.0,5.0,Debt Settlement1 Master,AL,15001-20000,adknowledge,us.mg2.mail.yahoo.com,Consolidate,,,http://www.debtreductioninc.com/index8.html,consolidation,302252,1DC,yellowarrow-blue,0,0
2009-07-09 08:49:10.797,unknown,w-302252-DebtReduction1-1DC,TopLeft,DebtReductionInc,0.0,2.0,Debt Settlement1 Master,MA,50001-70000,google,www.google.com,Loan Default,Loan default help,student loan default help,http://www.debtreductioninc.com/index8.html,loan,302252,1DC,default,1,0
2009-06-26 00:00:00.000,closed,w-302252-DebtReduction1-1DC-yellowarrow,TopLeft,DebtReductionInc,0.0,3.0,Debt Settlement1 Master,MA,20001-30000,google,search.alot.com,Debt,Debt,which debt companies are the best,http://www.debtreductioninc.com/index8.html,debt,302252,1DC,yellowarrow,1,0
2009-04-03 19:44:28.177,unknown,w-300250-DebtReduction1-1DC-BlueMeter,Top Right,DebtReductionCallCenter,0.0,0.0,Debt Settlement1 Master,NY,7500-15000,call_center,unknown,,,,http://www.inadcoad.com/CallCenter/Signius/CallCenterDRI.html,other,300250,1DC,BlueMeter,1,1
2009-04-04 12:43:21.880,unknown,w-300250-DebtReduction1-1DC-BlueMeter,Top Right,DebtReductionCallCenter,0.0,0.0,Debt Settlement1 Master,HI,15001-20000,call_center,unknown,,,,http://www.inadcoad.com/CallCenter/Signius/CallCenterDRI.html,other,300250,1DC,BlueMeter,1,1
2009-04-06 16:02:59.897,unknown,w-300250-DebtReduction1-1DC-BlueMeter,Top Right,DebtReductionCallCenter,0.0,0.0,Debt Settlement1 Master,CO,7500-15000,call_center,unknown,,,,http://www.inadcoad.com/CallCenter/Signius/CallCenterDRI.html,other,300250,1DC,BlueMeter,1,1
2009-04-07 10:59:51.653,unknown,w-300250-DebtReduction1-1DC-Head2,Top Right,DebtReductionCallCenter,0.0,0.0,Debt Settlement1 Master,CO,7500-15000,call_center,unknown,,,,http://www.inadcoad.com/CallCenter/Signius/CallCenterDRI.html,other,300250,1DC,Head2,1,1
2009-04-09 07:37:33.460,unknown,w-300250-DebtReduction1-1DC-Head2,Top Right,DebtReductionCallCenter,0.0,0.0,Debt Settlement1 Master,FL,7500-15000,call_center,unknown,,,,http://www.inadcoad.com/CallCenter/Signius/CallCenterDRI.html,other,300250,1DC,Head2,1,1
2009-04-09 14:39:31.003,unknown,w-300250-DebtReduction1-1DC,Top Right,DebtReductionCallCenter,0.0,0.0,Debt Settlement1 Master,AL,15001-20000,call_center,unknown,,,,http://www.inadcoad.com/CallCenter/Signius/CallCenterDRI.html,other,300250,1DC,default,1,1
2009-04-09 17:10:30.007,unknown,w-300250-DebtReduction1-2DC-BlueMeter,Top Right,DebtReductionCallCenter,0.0,0.0,Debt Settlement1 Master,NV,7500-15000,call_center,unknown,,,,http://www.inadcoad.com/CallCenter/Signius/CallCenterDRI.html,other,300250,2DC,BlueMeter,1,1
2009-04-10 08:19:23.417,unknown,w-300250-DebtReduction1-1DC-Head3,Top Right,DebtReductionCallCenter,0.0,0.0,Debt Settlement1 Master,NY,7500-15000,call_center,unknown,,,,http://www.inadcoad.com/CallCenter/Signius/CallCenterDRI.html,other,300250,1DC,Head3,1,1
2009-04-10 09:42:53.323,unknown,w-300250-DebtReduction1-1DC-Head3,Top Right,DebtReductionCallCenter,0.0,0.0,Debt Settlement1 Master,AL,50001-70000,call_center,unknown,,,,http://www.inadcoad.com/CallCenter/Signius/CallCenterDRI.html,other,300250,1DC,Head3,1,1
2009-04-13 11:02:37.267,unknown,w-300250-DebtReduction1-1DC-Head2,Top Right,DebtReductionCallCenter,0.0,0.0,Debt Settlement1 Master,MD,More_than_100000,call_center,unknown,,,,http://www.inadcoad.com/CallCenter/Signius/CallCenterDRI.html,other,300250,1DC,Head2,1,1
2009-04-13 11:33:37.053,unknown,w-300250-DebtReduction1-1DC,Top Right,DebtReductionCallCenter,0.0,0.0,Debt Settlement1 Master,NY,20001-30000,call_center,unknown,,,,http://www.inadcoad.com/CallCenter/Signius/CallCenterDRI.html,other,300250,1DC,default,1,1
2009-04-13 20:55:33.787,unknown,w-300250-DebtReduction1-1DC-Head3,Top Right,DebtReductionCallCenter,0.0,0.0,Debt Settlement1 Master,TX,50001-70000,call_center,unknown,,,,http://www.inadcoad.com/CallCenter/Signius/CallCenterDRI.html,other,300250,1DC,Head3,1,1
2009-04-14 00:00:00.000,closed,w-300250-DebtReduction1-1DC-BlueMeter,Top Right,DebtReductionCallCenter,0.0,0.0,Debt Settlement1 Master,AL,20001-30000,call_center,unknown,,,,http://www.inadcoad.com/CallCenter/Signius/CallCenterDRI.html,other,300250,1DC,BlueMeter,1,1
2009-04-14 11:52:28.567,unknown,w-300250-DebtReduction1-1DC-BlueMeter,Top Right,DebtReductionCallCenter,0.0,0.0,Debt Settlement1 Master,TX,15001-20000,call_center,unknown,,,,http://www.inadcoad.com/CallCenter/Signius/CallCenterDRI.html,other,300250,1DC,BlueMeter,1,1
2009-04-14 13:48:27.823,unknown,w-300250-DebtReduction1-1DC,Top Right,DebtReductionCallCenter,0.0,0.0,Debt Settlement1 Master,CA,7500-15000,call_center,unknown,,,,http://www.inadcoad.com/CallCenter/Signius/CallCenterDRI.html,other,300250,1DC,default,1,1
2009-04-15 08:32:21.187,unknown,w-300250-DebtReduction1-1DC-BlueMeter,Top Right,DebtReductionCallCenter,0.0,0.0,Debt Settlement1 Master,IL,7500-15000,call_center,unknown,,,,http://www.inadcoad.com/CallCenter/Signius/CallCenterDRI.html,other,300250,1DC,BlueMeter,1,1
2009-04-15 13:25:19.897,unknown,w-300250-DebtReduction1-1DC,Top Right,DebtReductionCallCenter,0.0,0.0,Debt Settlement1 Master,IL,50001-70000,call_center,unknown,,,,http://www.inadcoad.com/CallCenter/Signius/CallCenterDRI.html,other,300250,1DC,default,1,1
2009-04-16 14:41:10.340,unknown,w-300250-DebtReduction1-1DC-Head2,Top Right,DebtReductionCallCenter,0.0,0.0,Debt Settlement1 Master,CA,30001-50000,call_center,unknown,,,,http://www.inadcoad.com/CallCenter/Signius/CallCenterDRI.html,other,300250,1DC,Head2,1,1
2009-04-17 19:51:00.013,unknown,w-300250-DebtReduction1-1DC,Top Right,DebtReductionCallCenter,0.0,0.0,Debt Settlement1 Master,MO,7500-15000,call_center,unknown,,,,http://www.inadcoad.com/CallCenter/Signius/CallCenterDRI.html,other,300250,1DC,default,1,1
2009-04-18 15:00:52.943,unknown,w-300250-DebtReduction1-1DC,Top Right,DebtReductionCallCenter,0.0,0.0,Debt Settlement1 Master,IA,70001-90000,call_center,unknown,,,,http://www.inadcoad.com/CallCenter/Signius/CallCenterDRI.html,other,300250,1DC,default,1,1
2009-04-18 16:18:52.693,unknown,w-300250-DebtReduction1-1DC,Top Right,DebtReductionCallCenter,0.0,0.0,Debt Settlement1 Master,CO,7500-15000,call_center,unknown,,,,http://www.inadcoad.com/CallCenter/Signius/CallCenterDRI.html,other,300250,1DC,default,1,1
2009-04-20 00:00:00.000,closed,w-300250-DebtReduction1-1DC,Top Right,DebtReductionCallCenter,0.0,0.0,Debt Settlement1 Master,AL,7500-15000,call_center,unknown,,,,http://www.inadcoad.com/CallCenter/Signius/CallCenterDRI.html,other,300250,1DC,default,1,1
2009-04-20 13:42:05.000,bad,w-300250-DebtReduction1-1DC,Top Right,DebtReductionCallCenter,0.0,0.0,Debt Settlement1 Master,AL,More_than_100000,call_center,unknown,,,,http://www.inadcoad.com/CallCenter/Signius/CallCenterDRI.html,other,300250,1DC,default,1,1
2009-04-20 14:35:35.903,unknown,w-300250-DebtReduction1-1DC,Top Right,DebtReductionCallCenter,0.0,0.0,Debt Settlement1 Master,CA,7500-15000,call_center,unknown,,,,http://www.inadcoad.com/CallCenter/Signius/CallCenterDRI.html,other,300250,1DC,default,1,1
2009-04-20 15:18:05.000,bad,w-300250-DebtReduction1-1DC,Top Right,DebtReductionCallCenter,0.0,0.0,Debt Settlement1 Master,AL,7500-15000,call_center,unknown,,,,http://www.inadcoad.com/CallCenter/Signius/CallCenterDRI.html,other,300250,1DC,default,1,1
2009-04-21 00:00:00.000,good,w-300250-DebtReduction1-1DC,Top Right,DebtReductionCallCenter,0.0,0.0,Debt Settlement1 Master,TX,20001-30000,call_center,unknown,,,,http://www.inadcoad.com/CallCenter/Signius/CallCenterDRI.html,other,300250,1DC,default,1,1
2009-04-21 00:00:00.000,good,w-300250-DebtReduction1-1DC,Top Right,DebtReductionCallCenter,0.0,0.0,Debt Settlement1 Master,OK,7500-15000,call_center,unknown,,,,http://www.inadcoad.com/CallCenter/Signius/CallCenterDRI.html,other,300250,1DC,default,1,1
2009-04-21 17:07:27.167,unknown,w-300250-DebtReduction1-1DC,Top Right,DebtReductionCallCenter,0.0,0.0,Debt Settlement1 Master,NY,20001-30000,call_center,unknown,,,,http://www.inadcoad.com/CallCenter/Signius/CallCenterDRI.html,other,300250,1DC,default,1,1
2009-04-22 00:00:00.000,good,w-300250-DebtReduction1-1DC,Top Right,DebtReductionCallCenter,0.0,0.0,Debt Settlement1 Master,CA,7500-15000,call_center,unknown,,,,http://www.inadcoad.com/CallCenter/Signius/CallCenterDRI.html,other,300250,1DC,default,1,1
2009-04-22 00:00:00.000,good,w-300250-DebtReduction1-1DC,Top Right,DebtReductionCallCenter,0.0,0.0,Debt Settlement1 Master,MA,30001-50000,call_center,unknown,,,,http://www.inadcoad.com/CallCenter/Signius/CallCenterDRI.html,other,300250,1DC,default,1,1
2009-04-22 10:27:50.000,bad,w-300250-DebtReduction1-1DC,Top Right,DebtReductionCallCenter,0.0,0.0,Debt Settlement1 Master,NY,90000-100000,call_center,unknown,,,,http://www.inadcoad.com/CallCenter/Signius/CallCenterDRI.html,other,300250,1DC,default,1,1
2009-04-22 12:53:49.000,bad,w-300250-DebtReduction1-1DC,Top Right,DebtReductionCallCenter,0.0,0.0,Debt Settlement1 Master,IL,7500-15000,call_center,unknown,,,,http://www.inadcoad.com/CallCenter/Signius/CallCenterDRI.html,other,300250,1DC,default,1,1
2009-04-22 17:34:17.747,unknown,w-300250-DebtReduction1-1DC,Top Right,DebtReductionCallCenter,0.0,0.0,Debt Settlement1 Master,AL,7500-15000,call_center,unknown,,,,http://www.inadcoad.com/CallCenter/Signius/CallCenterDRI.html,other,300250,1DC,default,1,1
2009-04-22 17:38:17.667,unknown,w-300250-DebtReduction1-1DC,Top Right,DebtReductionCallCenter,0.0,0.0,Debt Settlement1 Master,CA,15001-20000,call_center,unknown,,,,http://www.inadcoad.com/CallCenter/Signius/CallCenterDRI.html,other,300250,1DC,default,1,1
2009-04-22 20:48:16.927,unknown,w-300250-DebtReduction1-1DC,Top Right,DebtReductionCallCenter,0.0,0.0,Debt Settlement1 Master,CA,30001-50000,call_center,unknown,,,,http://www.inadcoad.com/CallCenter/Signius/CallCenterDRI.html,other,300250,1DC,default,1,1
2009-04-24 12:59:18.877,unknown,w-300250-DebtReduction1-1DC,Top Right,DebtReductionCallCenter,0.0,0.0,Debt Settlement1 Master,AZ,50001-70000,call_center,unknown,,,,http://www.inadcoad.com/CallCenter/Signius/CallCenterDRI.html,other,300250,1DC,default,1,1
2009-04-24 16:07:18.067,unknown,w-300250-DebtReduction1-1DC,Top Right,DebtReductionCallCenter,0.0,0.0,Debt Settlement1 Master,NV,7500-15000,call_center,unknown,,,,http://www.inadcoad.com/CallCenter/Signius/CallCenterDRI.html,other,300250,1DC,default,1,1
2009-04-24 16:17:18.030,unknown,w-300250-DebtReduction1-1DC,Top Right,DebtReductionCallCenter,0.0,0.0,Debt Settlement1 Master,NY,20001-30000,call_center,unknown,,,,http://www.inadcoad.com/CallCenter/Signius/CallCenterDRI.html,other,300250,1DC,default,1,1
2009-04-25 12:54:53.877,unknown,w-300250-DebtReduction1-1DC,Top Right,DebtReductionCallCenter,0.0,0.0,Debt Settlement1 Master,TX,7500-15000,call_center,unknown,,,,http://www.inadcoad.com/CallCenter/Signius/CallCenterDRI.html,other,300250,1DC,default,1,1
2009-04-28 09:40:35.430,unknown,w-300250-DebtReduction1-1DC,Top Right,DebtReductionCallCenter,0.0,0.0,Debt Settlement1 Master,MI,7500-15000,call_center,unknown,,,,http://www.inadcoad.com/CallCenter/Signius/CallCenterDRI.html,other,300250,1DC,default,1,1
2009-04-30 17:36:27.137,unknown,w-300250-DebtReduction1-1DC,Top Right,DebtReductionCallCenter,0.0,0.0,Debt Settlement1 Master,CA,15001-20000,call_center,unknown,,,,http://www.inadcoad.com/CallCenter/Signius/CallCenterDRI.html,other,300250,1DC,default,1,1
2009-05-01 09:29:20.533,unknown,w-300250-DebtReduction1-1DC,Top Right,DebtReductionCallCenter,0.0,0.0,Debt Settlement1 Master,FL,30001-50000,call_center,unknown,,,,http://www.inadcoad.com/CallCenter/Signius/CallCenterDRI.html,other,300250,1DC,default,1,1
2009-05-01 11:55:18.917,unknown,w-300250-DebtReduction1-1DC,Top Right,DebtReductionCallCenter,0.0,0.0,Debt Settlement1 Master,TX,20001-30000,call_center,unknown,,,,http://www.inadcoad.com/CallCenter/Signius/CallCenterDRI.html,other,300250,1DC,default,1,1
2009-05-01 18:24:17.763,unknown,w-300250-DebtReduction1-1DC,Top Right,DebtReductionCallCenter,0.0,0.0,Debt Settlement1 Master,TX,7500-15000,call_center,unknown,,,,http://www.inadcoad.com/CallCenter/Signius/CallCenterDRI.html,other,300250,1DC,default,1,1
2009-05-01 19:04:17.557,unknown,w-300250-DebtReduction1-1DC,Top Right,DebtReductionCallCenter,0.0,0.0,Debt Settlement1 Master,CA,7500-15000,call_center,unknown,,,,http://www.inadcoad.com/CallCenter/Signius/CallCenterDRI.html,other,300250,1DC,default,1,1
2009-05-03 11:31:54.550,unknown,w-300250-DebtReduction1-1DC,Top Right,DebtReductionCallCenter,0.0,0.0,Debt Settlement1 Master,TX,7500-15000,call_center,unknown,,,,http://www.inadcoad.com/CallCenter/Signius/CallCenterDRI.html,other,300250,1DC,default,1,1
2009-05-04 06:28:49.503,unknown,w-300250-DebtReduction1-1DC,Top Right,DebtReductionCallCenter,0.0,0.0,Debt Settlement1 Master,TX,20001-30000,call_center,unknown,,,,http://www.inadcoad.com/CallCenter/Signius/CallCenterDRI.html,other,300250,1DC,default,1,1
2009-05-04 10:49:47.560,unknown,w-300250-DebtReduction1-1DC,Top Right,DebtReductionCallCenter,0.0,0.0,Debt Settlement1 Master,CA,30001-50000,call_center,unknown,,,,http://www.inadcoad.com/CallCenter/Signius/CallCenterDRI.html,other,300250,1DC,default,1,1
2009-05-04 11:47:35.000,bad,w-300250-DebtReduction1-1DC,Top Right,DebtReductionCallCenter,0.0,0.0,Debt Settlement1 Master,MI,70001-90000,call_center,unknown,,,,http://www.inadcoad.com/CallCenter/Signius/CallCenterDRI.html,other,300250,1DC,default,1,1
2009-05-04 11:58:47.157,unknown,w-300250-DebtReduction1-1DC,Top Right,DebtReductionCallCenter,0.0,0.0,Debt Settlement1 Master,AZ,15001-20000,call_center,unknown,,,,http://www.inadcoad.com/CallCenter/Signius/CallCenterDRI.html,other,300250,1DC,default,1,1
2009-05-06 08:19:34.607,unknown,w-300250-DebtReduction1-1DC,Top Right,DebtReductionCallCenter,0.0,0.0,Debt Settlement1 Master,NY,15001-20000,call_center,unknown,,,,http://www.inadcoad.com/CallCenter/Signius/CallCenterDRI.html,other,300250,1DC,default,1,1
2009-05-06 15:17:35.627,unknown,w-300250-DebtReduction1-1DC,Top Right,DebtReductionCallCenter,0.0,0.0,Debt Settlement1 Master,AZ,7500-15000,call_center,unknown,,,,http://www.inadcoad.com/CallCenter/Signius/CallCenterDRI.html,other,300250,1DC,default,1,1
2009-05-06 16:11:35.177,unknown,w-300250-DebtReduction1-1DC,Top Right,DebtReductionCallCenter,0.0,0.0,Debt Settlement1 Master,LA,15001-20000,call_center,unknown,,,,http://www.inadcoad.com/CallCenter/Signius/CallCenterDRI.html,other,300250,1DC,default,1,1
2009-05-07 00:00:00.000,closed,w-300250-DebtReduction1-1DC,Top Right,DebtReductionCallCenter,0.0,0.0,Debt Settlement1 Master,FL,30001-50000,call_center,unknown,,,,http://www.inadcoad.com/CallCenter/Signius/CallCenterDRI.html,other,300250,1DC,default,1,1
2009-05-07 16:46:42.387,unknown,w-300250-DebtReduction1-1DC,Top Right,DebtReductionCallCenter,0.0,0.0,Debt Settlement1 Master,IN,7500-15000,call_center,unknown,,,,http://www.inadcoad.com/CallCenter/Signius/CallCenterDRI.html,other,300250,1DC,default,1,1
2009-05-07 16:56:29.213,unknown,w-300250-DebtReduction1-1DC,Top Right,DebtReductionCallCenter,0.0,0.0,Debt Settlement1 Master,LA,70001-90000,call_center,unknown,,,,http://www.inadcoad.com/CallCenter/Signius/CallCenterDRI.html,other,300250,1DC,default,1,1
2009-05-08 00:00:00.000,closed,w-300250-DebtReduction1-1DC,Top Right,DebtReductionCallCenter,0.0,0.0,Debt Settlement1 Master,CA,7500-15000,call_center,unknown,,,,http://www.inadcoad.com/CallCenter/Signius/CallCenterDRI.html,other,300250,1DC,default,1,1
2009-05-11 09:51:44.953,unknown,w-300250-DebtReduction1-1DC,Top Right,DebtReductionCallCenter,0.0,0.0,Debt Settlement1 Master,IL,50001-70000,call_center,unknown,,,,http://www.inadcoad.com/CallCenter/Signius/CallCenterDRI.html,other,300250,1DC,default,1,1
2009-05-11 15:33:45.727,unknown,w-300250-DebtReduction1-1DC,Top Right,DebtReductionCallCenter,0.0,0.0,Debt Settlement1 Master,VA,20001-30000,call_center,unknown,,,,http://www.inadcoad.com/CallCenter/Signius/CallCenterDRI.html,other,300250,1DC,default,1,1
2009-05-11 16:43:45.923,unknown,w-300250-DebtReduction1-1DC,Top Right,DebtReductionCallCenter,0.0,0.0,Debt Settlement1 Master,CA,50001-70000,call_center,unknown,,,,http://www.inadcoad.com/CallCenter/Signius/CallCenterDRI.html,other,300250,1DC,default,1,1
2009-05-11 17:54:46.737,unknown,w-300250-DebtReduction1-1DC,Top Right,DebtReductionCallCenter,0.0,0.0,Debt Settlement1 Master,CA,20001-30000,call_center,unknown,,,,http://www.inadcoad.com/CallCenter/Signius/CallCenterDRI.html,other,300250,1DC,default,1,1
2009-05-12 00:00:00.000,good,w-300250-DebtReduction1-1DC,Top Right,DebtReductionCallCenter,0.0,0.0,Debt Settlement1 Master,CA,15001-20000,call_center,unknown,,,,http://www.inadcoad.com/CallCenter/Signius/CallCenterDRI.html,other,300250,1DC,default,1,1
2009-05-12 13:58:03.000,bad,w-300250-DebtReduction1-1DC,Top Right,DebtReductionCallCenter,0.0,0.0,Debt Settlement1 Master,CA,15001-20000,call_center,unknown,,,,http://www.inadcoad.com/CallCenter/Signius/CallCenterDRI.html,other,300250,1DC,default,1,1
2009-05-12 16:12:03.000,bad,w-300250-DebtReduction1-1DC,Top Right,DebtReductionCallCenter,0.0,0.0,Debt Settlement1 Master,CA,7500-15000,call_center,unknown,,,,http://www.inadcoad.com/CallCenter/Signius/CallCenterDRI.html,other,300250,1DC,default,1,1
2009-05-12 17:16:38.547,unknown,w-300250-DebtReduction1-1DC,Top Right,DebtReductionCallCenter,0.0,0.0,Debt Settlement1 Master,FL,30001-50000,call_center,unknown,,,,http://www.inadcoad.com/CallCenter/Signius/CallCenterDRI.html,other,300250,1DC,default,1,1
2009-05-14 11:08:30.417,unknown,w-300250-DebtReduction1-1DC,Top Right,DebtReductionCallCenter,0.0,0.0,Debt Settlement1 Master,TX,7500-15000,call_center,unknown,,,,http://www.inadcoad.com/CallCenter/Signius/CallCenterDRI.html,other,300250,1DC,default,1,1
2009-05-14 11:35:30.213,unknown,w-300250-DebtReduction1-1DC,Top Right,DebtReductionCallCenter,0.0,0.0,Debt Settlement1 Master,MA,50001-70000,call_center,unknown,,,,http://www.inadcoad.com/CallCenter/Signius/CallCenterDRI.html,other,300250,1DC,default,1,1
2009-05-14 13:46:30.110,unknown,w-300250-DebtReduction1-1DC,Top Right,DebtReductionCallCenter,0.0,0.0,Debt Settlement1 Master,MO,7500-15000,call_center,unknown,,,,http://www.inadcoad.com/CallCenter/Signius/CallCenterDRI.html,other,300250,1DC,default,1,1
2009-05-14 16:15:29.923,unknown,w-300250-DebtReduction1-1DC,Top Right,DebtReductionCallCenter,0.0,0.0,Debt Settlement1 Master,MI,7500-15000,call_center,unknown,,,,http://www.inadcoad.com/CallCenter/Signius/CallCenterDRI.html,other,300250,1DC,default,1,1
2009-05-15 10:25:23.933,unknown,w-300250-DebtReduction1-1DC,Top Right,DebtReductionCallCenter,0.0,0.0,Debt Settlement1 Master,CA,15001-20000,call_center,unknown,,,,http://www.inadcoad.com/CallCenter/Signius/CallCenterDRI.html,other,300250,1DC,default,1,1
2009-05-18 16:49:08.183,unknown,w-300250-DebtReduction1-1DC,Top Right,DebtReductionCallCenter,0.0,0.0,Debt Settlement1 Master,CA,15001-20000,call_center,unknown,,,,http://www.inadcoad.com/CallCenter/Signius/CallCenterDRI.html,other,300250,1DC,default,1,1
2009-05-20 17:42:52.763,unknown,w-300250-DebtReduction1-1DC,Top Right,DebtReductionCallCenter,0.0,0.0,Debt Settlement1 Master,FL,15001-20000,call_center,unknown,,,,http://www.inadcoad.com/CallCenter/Signius/CallCenterDRI.html,other,300250,1DC,default,1,1
2009-05-21 00:00:00.000,good,w-300250-DebtReduction1-1DC,Top Right,DebtReductionCallCenter,0.0,0.0,Debt Settlement1 Master,CA,15001-20000,call_center,unknown,,,,http://www.inadcoad.com/CallCenter/Signius/CallCenterDRI.html,other,300250,1DC,default,1,1
2009-05-21 10:32:20.897,unknown,w-300250-DebtReduction1-1DC,Top Right,DebtReductionCallCenter,0.0,0.0,Debt Settlement1 Master,CA,More_than_100000,call_center,unknown,,,,http://www.inadcoad.com/CallCenter/Signius/CallCenterDRI.html,other,300250,1DC,default,1,1
2009-05-21 14:53:19.697,unknown,w-300250-DebtReduction1-1DC,Top Right,DebtReductionCallCenter,0.0,0.0,Debt Settlement1 Master,CA,7500-15000,call_center,unknown,,,,http://www.inadcoad.com/CallCenter/Signius/CallCenterDRI.html,other,300250,1DC,default,1,1
2009-05-21 17:37:18.763,unknown,w-300250-DebtReduction1-1DC,Top Right,DebtReductionCallCenter,0.0,0.0,Debt Settlement1 Master,NY,30001-50000,call_center,unknown,,,,http://www.inadcoad.com/CallCenter/Signius/CallCenterDRI.html,other,300250,1DC,default,1,1
2009-05-22 09:36:20.000,bad,w-300250-DebtReduction1-1DC,Top Right,DebtReductionCallCenter,0.0,0.0,Debt Settlement1 Master,AL,7500-15000,call_center,unknown,,,,http://www.inadcoad.com/CallCenter/Signius/CallCenterDRI.html,other,300250,1DC,default,1,1
2009-05-22 10:43:13.117,unknown,w-300250-DebtReduction1-1DC,Top Right,DebtReductionCallCenter,0.0,0.0,Debt Settlement1 Master,NY,7500-15000,call_center,unknown,,,,http://www.inadcoad.com/CallCenter/Signius/CallCenterDRI.html,other,300250,1DC,default,1,1
2009-05-22 16:24:11.083,unknown,w-300250-DebtReduction1-1DC,Top Right,DebtReductionCallCenter,0.0,0.0,Debt Settlement1 Master,FL,20001-30000,call_center,unknown,,,,http://www.inadcoad.com/CallCenter/Signius/CallCenterDRI.html,other,300250,1DC,default,1,1
2009-05-27 15:54:38.000,bad,w-300250-DebtReduction1-1DC,Top Right,DebtReductionCallCenter,0.0,0.0,Debt Settlement1 Master,FL,7500-15000,call_center,unknown,,,,http://www.inadcoad.com/CallCenter/Signius/CallCenterDRI.html,other,300250,1DC,default,1,1
2009-05-28 08:16:25.197,unknown,w-300250-DebtReduction1-1DC,Top Right,DebtReductionCallCenter,0.0,0.0,Debt Settlement1 Master,FL,7500-15000,call_center,unknown,,,,http://www.inadcoad.com/CallCenter/Signius/CallCenterDRI.html,other,300250,1DC,default,1,1
2009-05-28 08:27:25.117,unknown,w-300250-DebtReduction1-1DC,Top Right,DebtReductionCallCenter,0.0,0.0,Debt Settlement1 Master,NY,7500-15000,call_center,unknown,,,,http://www.inadcoad.com/CallCenter/Signius/CallCenterDRI.html,other,300250,1DC,default,1,1
2009-05-28 11:38:25.010,unknown,w-300250-DebtReduction1-1DC,Top Right,DebtReductionCallCenter,0.0,0.0,Debt Settlement1 Master,TX,30001-50000,call_center,unknown,,,,http://www.inadcoad.com/CallCenter/Signius/CallCenterDRI.html,other,300250,1DC,default,1,1
2009-05-30 13:14:17.000,bad,w-300250-DebtReduction1-1DC,Top Right,DebtReductionCallCenter,0.0,0.0,Debt Settlement1 Master,AR,7500-15000,call_center,unknown,,,,https://callcenter.inadcoads.com/callcenter/signius/CallCenterDRI.html,other,300250,1DC,default,1,1
2009-05-31 09:21:58.987,unknown,w-300250-DebtReduction1-1DC,Top Right,DebtReductionCallCenter,0.0,0.0,Debt Settlement1 Master,MO,15001-20000,call_center,unknown,,,,https://callcenter.inadcoads.com/callcenter/signius/CallCenterDRI.html,other,300250,1DC,default,1,1
2009-06-01 00:00:00.000,closed,w-300250-DebtReduction1-1DC,Top Right,DebtReductionCallCenter,0.0,0.0,Debt Settlement1 Master,FL,30001-50000,call_center,unknown,,,,https://callcenter.inadcoads.com/callcenter/signius/CallCenterDRI.html,other,300250,1DC,default,1,1
2009-06-01 10:04:50.337,unknown,w-300250-DebtReduction1-1DC,Top Right,DebtReductionCallCenter,0.0,0.0,Debt Settlement1 Master,NY,15001-20000,call_center,unknown,,,,https://callcenter.inadcoads.com/callcenter/signius/CallCenterDRI.html,other,300250,1DC,default,1,1
2009-06-01 11:02:00.000,bad,w-300250-DebtReduction1-1DC,Top Right,DebtReductionCallCenter,0.0,0.0,Debt Settlement1 Master,SD,15001-20000,call_center,unknown,,,,https://callcenter.inadcoads.com/callcenter/signius/CallCenterDRI.html,other,300250,1DC,default,1,1
2009-06-01 11:35:49.983,unknown,w-300250-DebtReduction1-1DC,Top Right,DebtReductionCallCenter,0.0,0.0,Debt Settlement1 Master,MO,30001-50000,call_center,unknown,,,,https://callcenter.inadcoads.com/callcenter/signius/CallCenterDRI.html,other,300250,1DC,default,1,1
2009-06-02 08:07:42.847,unknown,w-300250-DebtReduction1-1DC,Top Right,DebtReductionCallCenter,0.0,0.0,Debt Settlement1 Master,AL,20001-30000,call_center,unknown,,,,https://callcenter.inadcoads.com/callcenter/signius/CallCenterDRI.html,other,300250,1DC,default,1,1
2009-06-02 09:19:42.540,unknown,w-300250-DebtReduction1-1DC,Top Right,DebtReductionCallCenter,0.0,0.0,Debt Settlement1 Master,FL,50001-70000,call_center,unknown,,,,https://callcenter.inadcoads.com/callcenter/signius/CallCenterDRI.html,other,300250,1DC,default,1,1
2009-06-03 12:11:44.000,bad,w-300250-DebtReduction1-1DC,Top Right,DebtReductionCallCenter,0.0,0.0,Debt Settlement1 Master,AL,More_than_100000,call_center,unknown,,,,https://callcenter.inadcoads.com/callcenter/signius/CallCenterDRI.html,other,300250,1DC,default,1,1
2009-06-03 20:21:41.000,bad,w-300250-DebtReduction1-1DC,Top Right,DebtReductionCallCenter,0.0,0.0,Debt Settlement1 Master,CA,30001-50000,call_center,unknown,,,,https://callcenter.inadcoads.com/callcenter/signius/CallCenterDRI.html,other,300250,1DC,default,1,1
2009-06-04 00:00:00.000,closed,w-300250-DebtReduction1-1DC,Top Right,DebtReductionCallCenter,0.0,0.0,Debt Settlement1 Master,MO,7500-15000,call_center,unknown,,,,https://callcenter.inadcoads.com/callcenter/signius/CallCenterDRI.html,other,300250,1DC,default,1,1
2009-06-07 13:03:12.000,bad,w-300250-DebtReduction1-1DC,Top Right,DebtReductionCallCenter,0.0,0.0,Debt Settlement1 Master,AL,15001-20000,call_center,unknown,,,,https://callcenter.inadcoads.com/callcenter/signius/CallCenterDRI.html,other,300250,1DC,default,1,1
2009-06-08 11:33:52.980,unknown,w-300250-DebtReduction1-1DC,Top Right,DebtReductionCallCenter,0.0,0.0,Debt Settlement1 Master,NY,20001-30000,call_center,unknown,,,,https://callcenter.inadcoads.com/callcenter/signius/CallCenterDRI.html,other,300250,1DC,default,1,1
2009-06-08 12:13:52.290,unknown,w-300250-DebtReduction1-1DC,Top Right,DebtReductionCallCenter,0.0,0.0,Debt Settlement1 Master,CA,7500-15000,call_center,unknown,,,,https://callcenter.inadcoads.com/callcenter/signius/CallCenterDRI.html,other,300250,1DC,default,1,1
2009-06-08 12:44:05.000,bad,w-300250-DebtReduction1-1DC,Top Right,DebtReductionCallCenter,0.0,0.0,Debt Settlement1 Master,IL,More_than_100000,call_center,unknown,,,,https://callcenter.inadcoads.com/callcenter/signius/CallCenterDRI.html,other,300250,1DC,default,1,1
2009-06-08 12:47:51.697,unknown,w-300250-DebtReduction1-1DC,Top Right,DebtReductionCallCenter,0.0,0.0,Debt Settlement1 Master,NY,7500-15000,call_center,unknown,,,,https://callcenter.inadcoads.com/callcenter/signius/CallCenterDRI.html,other,300250,1DC,default,1,1
2009-06-08 12:55:51.770,unknown,w-300250-DebtReduction1-1DC,Top Right,DebtReductionCallCenter,0.0,0.0,Debt Settlement1 Master,SD,20001-30000,call_center,unknown,,,,https://callcenter.inadcoads.com/callcenter/signius/CallCenterDRI.html,other,300250,1DC,default,1,1
2009-06-08 15:29:50.903,unknown,w-300250-DebtReduction1-1DC,Top Right,DebtReductionCallCenter,0.0,0.0,Debt Settlement1 Master,NY,7500-15000,call_center,unknown,,,,https://callcenter.inadcoads.com/callcenter/signius/CallCenterDRI.html,other,300250,1DC,default,1,1
2009-06-09 00:00:00.000,closed,w-300250-DebtReduction1-1DC,Top Right,DebtReductionCallCenter,0.0,0.0,Debt Settlement1 Master,AZ,30001-50000,call_center,unknown,,,,https://callcenter.inadcoads.com/callcenter/signius/CallCenterDRI.html,other,300250,1DC,default,1,1
2009-06-10 08:50:36.657,unknown,w-300250-DebtReduction1-1DC,Top Right,DebtReductionCallCenter,0.0,0.0,Debt Settlement1 Master,NV,50001-70000,call_center,unknown,,,,https://callcenter.inadcoads.com/callcenter/signius/CallCenterDRI.html,other,300250,1DC,default,1,1
2009-06-10 08:57:50.000,bad,w-300250-DebtReduction1-1DC,Top Right,DebtReductionCallCenter,0.0,0.0,Debt Settlement1 Master,FL,70001-90000,call_center,unknown,,,,https://callcenter.inadcoads.com/callcenter/signius/CallCenterDRI.html,other,300250,1DC,default,1,1
2009-06-10 11:29:36.013,unknown,w-300250-DebtReduction1-1DC,Top Right,DebtReductionCallCenter,0.0,0.0,Debt Settlement1 Master,MI,7500-15000,call_center,unknown,,,,https://callcenter.inadcoads.com/callcenter/signius/CallCenterDRI.html,other,300250,1DC,default,1,1
2009-06-10 15:09:34.953,unknown,w-300250-DebtReduction1-1DC,Top Right,DebtReductionCallCenter,0.0,0.0,Debt Settlement1 Master,IL,20001-30000,call_center,unknown,,,,https://callcenter.inadcoads.com/callcenter/signius/CallCenterDRI.html,other,300250,1DC,default,1,1
2009-06-11 14:15:13.287,unknown,w-300250-DebtReduction1-1DC,Top Right,DebtReductionCallCenter,0.0,0.0,Debt Settlement1 Master,CO,7500-15000,call_center,unknown,,,,https://callcenter.inadcoads.com/callcenter/signius/CallCenterDRI.html,other,300250,1DC,default,1,1
2009-06-12 14:48:20.000,bad,w-300250-DebtReduction1-1DC,Top Right,DebtReductionCallCenter,0.0,0.0,Debt Settlement1 Master,MO,More_than_100000,call_center,unknown,,,,https://callcenter.inadcoads.com/callcenter/signius/CallCenterDRI.html,other,300250,1DC,default,1,1
2009-06-13 12:33:03.180,unknown,w-300250-DebtReduction1-1DC,Top Right,DebtReductionCallCenter,0.0,0.0,Debt Settlement1 Master,TX,50001-70000,call_center,unknown,,,,https://callcenter.inadcoads.com/callcenter/signius/CallCenterDRI.html,other,300250,1DC,default,1,1
2009-06-15 00:00:00.000,closed,w-300250-DebtReduction1-1DC,Top Right,DebtReductionCallCenter,0.0,0.0,Debt Settlement1 Master,OK,30001-50000,call_center,unknown,,,,https://callcenter.inadcoads.com/callcenter/signius/CallCenterDRI.html,other,300250,1DC,default,1,1
2009-06-15 10:48:53.213,unknown,w-300250-DebtReduction1-1DC,Top Right,DebtReductionCallCenter,0.0,0.0,Debt Settlement1 Master,IA,30001-50000,call_center,unknown,,,,https://callcenter.inadcoads.com/callcenter/signius/CallCenterDRI.html,other,300250,1DC,default,1,1
2009-06-15 19:43:49.810,unknown,w-300250-DebtReduction1-1DC,Top Right,DebtReductionCallCenter,0.0,0.0,Debt Settlement1 Master,MO,7500-15000,call_center,unknown,,,,https://callcenter.inadcoads.com/callcenter/signius/CallCenterDRI.html,other,300250,1DC,default,1,1
2009-06-16 18:26:43.477,unknown,w-300250-DebtReduction1-1DC,Top Right,DebtReductionCallCenter,0.0,0.0,Debt Settlement1 Master,MD,7500-15000,call_center,unknown,,,,https://callcenter.inadcoads.com/callcenter/signius/CallCenterDRI.html,other,300250,1DC,default,1,1
2009-06-17 00:00:00.000,closed,w-300250-DebtReduction1-1DC,Top Right,DebtReductionCallCenter,0.0,0.0,Debt Settlement1 Master,MI,30001-50000,call_center,unknown,,,,https://callcenter.inadcoads.com/callcenter/signius/CallCenterDRI.html,other,300250,1DC,default,1,1
2009-06-17 14:39:38.643,unknown,w-300250-DebtReduction1-1DC,Top Right,DebtReductionCallCenter,0.0,0.0,Debt Settlement1 Master,MA,20001-30000,call_center,unknown,,,,https://callcenter.inadcoads.com/callcenter/signius/CallCenterDRI.html,other,300250,1DC,default,1,1
2009-06-17 19:03:51.000,bad,w-300250-DebtReduction1-1DC,Top Right,DebtReductionCallCenter,0.0,0.0,Debt Settlement1 Master,VA,7500-15000,call_center,unknown,,,,https://callcenter.inadcoads.com/callcenter/signius/CallCenterDRI.html,other,300250,1DC,default,1,1
2009-06-18 17:52:30.583,unknown,w-300250-DebtReduction1-1DC,Top Right,DebtReductionCallCenter,0.0,0.0,Debt Settlement1 Master,NY,15001-20000,call_center,unknown,,,,https://callcenter.inadcoads.com/callcenter/signius/CallCenterDRI.html,other,300250,1DC,default,1,1
2009-06-19 00:00:00.000,closed,w-300250-DebtReduction1-1DC,Top Right,DebtReductionCallCenter,0.0,0.0,Debt Settlement1 Master,NY,7500-15000,call_center,unknown,,,,https://callcenter.inadcoads.com/callcenter/signius/CallCenterDRI.html,other,300250,1DC,default,1,1
2009-06-19 16:18:12.293,unknown,w-300250-DebtReduction1-1DC,Top Right,DebtReductionCallCenter,0.0,0.0,Debt Settlement1 Master,CA,7500-15000,call_center,unknown,,,,https://callcenter.inadcoads.com/callcenter/signius/CallCenterDRI.html,other,300250,1DC,default,1,1
2009-06-20 16:43:06.027,unknown,w-300250-DebtReduction1-1DC,Top Right,DebtReductionCallCenter,0.0,0.0,Debt Settlement1 Master,MO,7500-15000,call_center,unknown,,,,https://callcenter.inadcoads.com/callcenter/signius/CallCenterDRI.html,other,300250,1DC,default,1,1
2009-06-20 18:56:04.837,unknown,w-300250-DebtReduction1-1DC,Top Right,DebtReductionCallCenter,0.0,0.0,Debt Settlement1 Master,NY,90000-100000,call_center,unknown,,,,https://callcenter.inadcoads.com/callcenter/signius/CallCenterDRI.html,other,300250,1DC,default,1,1
2009-06-21 13:24:04.547,unknown,w-300250-DebtReduction1-1DC,Top Right,DebtReductionCallCenter,0.0,0.0,Debt Settlement1 Master,AL,15001-20000,call_center,unknown,,,,https://callcenter.inadcoads.com/callcenter/signius/CallCenterDRI.html,other,300250,1DC,default,1,1
2009-06-22 00:00:00.000,good,w-300250-DebtReduction1-1DC,Top Right,DebtReductionCallCenter,0.0,0.0,Debt Settlement1 Master,AZ,7500-15000,call_center,unknown,,,,https://callcenter.inadcoads.com/callcenter/signius/CallCenterDRI.html,other,300250,1DC,default,1,1
2009-06-22 00:00:00.000,good,w-300250-DebtReduction1-1DC,Top Right,DebtReductionCallCenter,0.0,0.0,Debt Settlement1 Master,MA,30001-50000,call_center,unknown,,,,https://callcenter.inadcoads.com/callcenter/signius/CallCenterDRI.html,other,300250,1DC,default,1,1
2009-06-22 13:50:32.000,bad,w-300250-DebtReduction1-1DC,Top Right,DebtReductionCallCenter,0.0,0.0,Debt Settlement1 Master,CA,7500-15000,call_center,unknown,,,,https://callcenter.inadcoads.com/callcenter/signius/CallCenterDRI.html,other,300250,1DC,default,1,1
2009-06-23 11:05:27.000,bad,w-300250-DebtReduction1-1DC,Top Right,DebtReductionCallCenter,0.0,0.0,Debt Settlement1 Master,CA,30001-50000,call_center,unknown,,,,https://callcenter.inadcoads.com/callcenter/signius/CallCenterDRI.html,other,300250,1DC,default,1,1
2009-06-23 14:10:26.000,bad,w-300250-DebtReduction1-1DC,Top Right,DebtReductionCallCenter,0.0,0.0,Debt Settlement1 Master,NY,7500-15000,call_center,unknown,,,,https://callcenter.inadcoads.com/callcenter/signius/CallCenterDRI.html,other,300250,1DC,default,1,1
2009-06-24 15:37:26.000,bad,w-300250-DebtReduction1-1DC,Top Right,DebtReductionCallCenter,0.0,0.0,Debt Settlement1 Master,AZ,More_than_100000,call_center,unknown,,,,https://callcenter.inadcoads.com/callcenter/signius/CallCenterDRI.html,other,300250,1DC,default,1,1
2009-06-24 16:01:26.000,bad,w-300250-DebtReduction1-1DC,Top Right,DebtReductionCallCenter,0.0,0.0,Debt Settlement1 Master,AZ,7500-15000,call_center,unknown,,,,https://callcenter.inadcoads.com/callcenter/signius/CallCenterDRI.html,other,300250,1DC,default,1,1
2009-06-24 17:02:25.000,bad,w-300250-DebtReduction1-1DC,Top Right,DebtReductionCallCenter,0.0,0.0,Debt Settlement1 Master,CA,7500-15000,call_center,unknown,,,,https://callcenter.inadcoads.com/callcenter/signius/CallCenterDRI.html,other,300250,1DC,default,1,1
2009-06-24 20:28:25.000,bad,w-300250-DebtReduction1-1DC,Top Right,DebtReductionCallCenter,0.0,0.0,Debt Settlement1 Master,CT,7500-15000,call_center,unknown,,,,https://callcenter.inadcoads.com/callcenter/signius/CallCenterDRI.html,other,300250,1DC,default,1,1
2009-06-24 20:35:25.000,bad,w-300250-DebtReduction1-1DC,Top Right,DebtReductionCallCenter,0.0,0.0,Debt Settlement1 Master,AZ,7500-15000,call_center,unknown,,,,https://callcenter.inadcoads.com/callcenter/signius/CallCenterDRI.html,other,300250,1DC,default,1,1
2009-06-25 00:00:00.000,closed,w-300250-DebtReduction1-1DC,Top Right,DebtReductionCallCenter,0.0,0.0,Debt Settlement1 Master,IL,7500-15000,call_center,unknown,,,,https://callcenter.inadcoads.com/callcenter/signius/CallCenterDRI.html,other,300250,1DC,default,1,1
2009-06-25 21:17:24.000,bad,w-300250-DebtReduction1-1DC,Top Right,DebtReductionCallCenter,0.0,0.0,Debt Settlement1 Master,AZ,7500-15000,call_center,unknown,,,,https://callcenter.inadcoads.com/callcenter/signius/CallCenterDRI.html,other,300250,1DC,default,1,1
2009-06-25 21:20:01.780,unknown,w-300250-DebtReduction1-1DC,Top Right,DebtReductionCallCenter,0.0,0.0,Debt Settlement1 Master,OR,7500-15000,call_center,unknown,,,,https://callcenter.inadcoads.com/callcenter/signius/CallCenterDRI.html,other,300250,1DC,default,1,1
2009-06-26 10:51:22.000,bad,w-300250-DebtReduction1-1DC,Top Right,DebtReductionCallCenter,0.0,2.0,Debt Settlement1 Master,FL,7500-15000,call_center,unknown,,,,https://callcenter.inadcoads.com/callcenter/signius/CallCenterDRI.html,other,300250,1DC,default,1,0
2009-06-26 11:33:58.623,unknown,w-300250-DebtReduction1-1DC,Top Right,DebtReductionCallCenter,0.0,3.0,Debt Settlement1 Master,MD,7500-15000,call_center,unknown,,,,https://callcenter.inadcoads.com/callcenter/signius/CallCenterDRI.html,other,300250,1DC,default,1,0
2009-06-26 18:41:56.077,unknown,w-300250-DebtReduction1-1DC,Top Right,DebtReductionCallCenter,0.0,3.0,Debt Settlement1 Master,CO,50001-70000,call_center,unknown,,,,https://callcenter.inadcoads.com/callcenter/signius/CallCenterDRI.html,other,300250,1DC,default,1,0
2009-06-27 00:00:00.000,closed,w-300250-DebtReduction1-1DC,Top Right,DebtReductionCallCenter,0.0,2.0,Debt Settlement1 Master,CT,7500-15000,call_center,unknown,,,,https://callcenter.inadcoads.com/callcenter/signius/CallCenterDRI.html,other,300250,1DC,default,1,0
2009-06-28 10:16:29.000,bad,w-300250-DebtReduction1-1DC,Top Right,DebtReductionCallCenter,0.0,2.0,Debt Settlement1 Master,MI,30001-50000,call_center,unknown,,,,https://callcenter.inadcoads.com/callcenter/signius/CallCenterDRI.html,other,300250,1DC,default,1,0
2009-06-28 17:15:43.633,unknown,w-300250-DebtReduction1-1DC,Top Right,DebtReductionCallCenter,0.0,4.0,Debt Settlement1 Master,VA,7500-15000,call_center,unknown,,,,https://callcenter.inadcoads.com/callcenter/signius/CallCenterDRI.html,other,300250,1DC,default,1,0
2009-06-29 09:19:40.697,unknown,w-300250-DebtReduction1-1DC,Top Right,DebtReductionCallCenter,0.0,2.0,Debt Settlement1 Master,MA,50001-70000,call_center,unknown,,,,https://callcenter.inadcoads.com/callcenter/signius/CallCenterDRI.html,other,300250,1DC,default,1,0
2009-06-29 13:49:40.203,unknown,w-300250-DebtReduction1-1DC,Top Right,DebtReductionCallCenter,0.0,5.0,Debt Settlement1 Master,CA,30001-50000,call_center,unknown,,,,https://callcenter.inadcoads.com/callcenter/signius/CallCenterDRI.html,other,300250,1DC,default,1,0
2009-06-29 17:27:20.000,bad,w-300250-DebtReduction1-1DC,Top Right,DebtReductionCallCenter,0.0,3.0,Debt Settlement1 Master,CA,15001-20000,call_center,unknown,,,,https://callcenter.inadcoads.com/callcenter/signius/CallCenterDRI.html,other,300250,1DC,default,1,0
2009-06-30 10:31:35.123,unknown,w-300250-DebtReduction1-1DC,Top Right,DebtReductionCallCenter,0.0,3.0,Debt Settlement1 Master,TX,15001-20000,call_center,unknown,,,,https://callcenter.inadcoads.com/callcenter/signius/CallCenterDRI.html,other,300250,1DC,default,1,0
2009-07-01 09:35:09.000,bad,w-300250-DebtReduction1-1DC,Top Right,DebtReductionCallCenter,0.0,5.0,Debt Settlement1 Master,AL,15001-20000,call_center,unknown,,,,https://callcenter.inadcoads.com/callcenter/signius/CallCenterDRI.html,other,300250,1DC,default,1,0
2009-07-01 18:28:07.000,bad,w-300250-DebtReduction1-1DC,Top Right,DebtReductionCallCenter,0.0,5.0,Debt Settlement1 Master,LA,7500-15000,call_center,unknown,,,,https://callcenter.inadcoads.com/callcenter/signius/CallCenterDRI.html,other,300250,1DC,default,1,0
2009-07-02 11:49:22.987,unknown,w-300250-DebtReduction1-1DC,Top Right,DebtReductionCallCenter,0.0,2.0,Debt Settlement1 Master,AZ,15001-20000,call_center,unknown,,,,https://callcenter.inadcoads.com/callcenter/signius/CallCenterDRI.html,other,300250,1DC,default,1,0
2009-07-03 00:00:00.000,good,w-300250-DebtReduction1-1DC,Top Right,DebtReductionCallCenter,0.0,5.0,Debt Settlement1 Master,TX,30001-50000,call_center,unknown,,,,https://callcenter.inadcoads.com/callcenter/signius/CallCenterDRI.html,other,300250,1DC,default,1,0
2009-07-06 11:51:40.273,unknown,w-300250-DebtReduction1-1DC,Top Right,DebtReductionCallCenter,0.0,5.0,Debt Settlement1 Master,NY,7500-15000,call_center,unknown,,,,https://callcenter.inadcoads.com/callcenter/signius/CallCenterDRI.html,other,300250,1DC,default,1,0
2009-07-07 08:56:35.453,unknown,w-300250-DebtReduction1-1DC,Top Right,DebtReductionCallCenter,0.0,3.0,Debt Settlement1 Master,NY,7500-15000,call_center,unknown,,,,https://callcenter.inadcoads.com/callcenter/signius/CallCenterDRI.html,other,300250,1DC,default,1,0
2009-07-07 09:28:35.157,unknown,w-300250-DebtReduction1-1DC,Top Right,DebtReductionCallCenter,0.0,3.0,Debt Settlement1 Master,PA,30001-50000,call_center,unknown,,,,https://callcenter.inadcoads.com/callcenter/signius/CallCenterDRI.html,other,300250,1DC,default,1,0
2009-07-07 09:58:10.000,bad,w-300250-DebtReduction1-1DC,Top Right,DebtReductionCallCenter,0.0,3.0,Debt Settlement1 Master,FL,7500-15000,call_center,unknown,,,,https://callcenter.inadcoads.com/callcenter/signius/CallCenterDRI.html,other,300250,1DC,default,1,0
2009-07-07 14:31:34.143,unknown,w-300250-DebtReduction1-1DC,Top Right,DebtReductionCallCenter,0.0,5.0,Debt Settlement1 Master,MT,30001-50000,call_center,unknown,,,,https://callcenter.inadcoads.com/callcenter/signius/CallCenterDRI.html,other,300250,1DC,default,1,0
2009-07-08 00:00:00.000,good,w-300250-DebtReduction1-1DC,Top Right,DebtReductionCallCenter,0.0,4.0,Debt Settlement1 Master,AL,15001-20000,call_center,unknown,,,,https://callcenter.inadcoads.com/callcenter/signius/CallCenterDRI.html,other,300250,1DC,default,1,0
2009-07-08 12:50:04.000,bad,w-300250-DebtReduction1-1DC,Top Right,DebtReductionCallCenter,0.0,2.0,Debt Settlement1 Master,WV,7500-15000,call_center,unknown,,,,https://callcenter.inadcoads.com/callcenter/signius/CallCenterDRI.html,other,300250,1DC,default,1,0
2009-07-08 16:01:05.000,bad,w-300250-DebtReduction1-1DC,Top Right,DebtReductionCallCenter,0.0,3.0,Debt Settlement1 Master,IL,7500-15000,call_center,unknown,,,,https://callcenter.inadcoads.com/callcenter/signius/CallCenterDRI.html,other,300250,1DC,default,1,0
2009-07-09 10:34:58.000,bad,w-300250-DebtReduction1-1DC,Top Right,DebtReductionCallCenter,0.0,5.0,Debt Settlement1 Master,FL,More_than_100000,call_center,unknown,,,,https://callcenter.inadcoads.com/callcenter/signius/CallCenterDRI.html,other,300250,1DC,default,1,0
2009-07-10 09:01:51.000,bad,w-300250-DebtReduction1-1DC,Top Right,DebtReductionCallCenter,0.0,4.0,Debt Settlement1 Master,IL,7500-15000,call_center,unknown,,,,https://callcenter.inadcoads.com/callcenter/signius/CallCenterDRI.html,other,300250,1DC,default,1,0
2009-07-10 16:25:49.000,bad,w-300250-DebtReduction1-1DC,Top Right,DebtReductionCallCenter,0.0,3.0,Debt Settlement1 Master,CA,20001-30000,call_center,unknown,,,,https://callcenter.inadcoads.com/callcenter/signius/CallCenterDRI.html,other,300250,1DC,default,1,0
2009-07-13 00:00:00.000,closed,w-300250-DebtReduction1-1DC,Top Right,DebtReductionCallCenter,0.0,0.0,Debt Settlement1 Master,AL,30001-50000,call_center,unknown,,,,https://callcenter.inadcoads.com/callcenter/signius/CallCenterDRI.html,other,300250,1DC,default,1,1
2009-07-13 00:00:00.000,good,w-300250-DebtReduction1-1DC,Top Right,DebtReductionCallCenter,5.0,2.0,Debt Settlement1 Master,FL,20001-30000,call_center,unknown,,,,https://callcenter.inadcoads.com/callcenter/signius/CallCenterDRI.html,other,300250,1DC,default,0,0
2009-07-13 00:00:00.000,closed,w-300250-DebtReduction1-1DC,Top Right,DebtReductionCallCenter,5.0,3.0,Debt Settlement1 Master,CA,7500-15000,call_center,unknown,,,,https://callcenter.inadcoads.com/callcenter/signius/CallCenterDRI.html,other,300250,1DC,default,0,0
2009-07-13 09:17:36.693,unknown,w-300250-DebtReduction1-1DC,Top Right,DebtReductionCallCenter,0.0,0.0,Debt Settlement1 Master,LA,50001-70000,call_center,unknown,,,,https://callcenter.inadcoads.com/callcenter/signius/CallCenterDRI.html,other,300250,1DC,default,1,1
2009-07-13 10:39:02.000,bad,w-300250-DebtReduction1-1DC,Top Right,DebtReductionCallCenter,5.0,5.0,Debt Settlement1 Master,PA,30001-50000,call_center,unknown,,,,https://callcenter.inadcoads.com/callcenter/signius/CallCenterDRI.html,other,300250,1DC,default,0,0
2009-07-13 10:42:37.357,unknown,w-300250-DebtReduction1-1DC,Top Right,DebtReductionCallCenter,5.0,5.0,Debt Settlement1 Master,CO,50001-70000,call_center,unknown,,,,https://callcenter.inadcoads.com/callcenter/signius/CallCenterDRI.html,other,300250,1DC,default,0,0
2009-07-13 11:07:37.147,unknown,w-300250-DebtReduction1-1DC,Top Right,DebtReductionCallCenter,1.0,3.0,Debt Settlement1 Master,TX,30001-50000,call_center,unknown,,,,https://callcenter.inadcoads.com/callcenter/signius/CallCenterDRI.html,other,300250,1DC,default,0,0
2009-07-13 11:49:59.000,bad,w-300250-DebtReduction1-1DC,Top Right,DebtReductionCallCenter,0.0,0.0,Debt Settlement1 Master,CA,20001-30000,call_center,unknown,,,,https://callcenter.inadcoads.com/callcenter/signius/CallCenterDRI.html,other,300250,1DC,default,1,1
2009-07-13 13:23:58.000,bad,w-300250-DebtReduction1-1DC,Top Right,DebtReductionCallCenter,5.0,3.0,Debt Settlement1 Master,IL,7500-15000,call_center,unknown,,,,https://callcenter.inadcoads.com/callcenter/signius/CallCenterDRI.html,other,300250,1DC,default,0,0
2009-07-14 00:00:00.000,closed,w-300250-DebtReduction1-1DC,Top Right,DebtReductionCallCenter,2.0,5.0,Debt Settlement1 Master,NY,15001-20000,call_center,unknown,,,,https://callcenter.inadcoads.com/callcenter/signius/CallCenterDRI.html,other,300250,1DC,default,0,0
2009-07-14 10:36:53.000,bad,w-300250-DebtReduction1-1DC,Top Right,DebtReductionCallCenter,5.0,3.0,Debt Settlement1 Master,TX,50001-70000,call_center,unknown,,,,https://callcenter.inadcoads.com/callcenter/signius/CallCenterDRI.html,other,300250,1DC,default,0,0
2009-07-14 14:02:31.463,unknown,w-300250-DebtReduction1-1DC,Top Right,DebtReductionCallCenter,3.0,2.0,Debt Settlement1 Master,CA,50001-70000,call_center,unknown,,,,https://callcenter.inadcoads.com/callcenter/signius/CallCenterDRI.html,other,300250,1DC,default,0,0
2009-07-14 16:07:52.000,bad,w-300250-DebtReduction1-1DC,Top Right,DebtReductionCallCenter,1.0,3.0,Debt Settlement1 Master,MD,More_than_100000,call_center,unknown,,,,https://callcenter.inadcoads.com/callcenter/signius/CallCenterDRI.html,other,300250,1DC,default,0,0
2009-07-15 09:38:34.687,unknown,w-300250-DebtReduction1-1DC,Top Right,DebtReductionCallCenter,5.0,3.0,Debt Settlement1 Master,NY,50001-70000,call_center,unknown,,,,https://callcenter.inadcoads.com/callcenter/signius/CallCenterDRI.html,other,300250,1DC,default,0,0
2009-07-15 14:17:33.510,unknown,w-300250-DebtReduction1-1DC,Top Right,DebtReductionCallCenter,1.0,3.0,Debt Settlement1 Master,IN,7500-15000,call_center,unknown,,,,https://callcenter.inadcoads.com/callcenter/signius/CallCenterDRI.html,other,300250,1DC,default,0,0
2009-07-15 17:19:54.000,bad,w-300250-DebtReduction1-1DC,Top Right,DebtReductionCallCenter,1.0,4.0,Debt Settlement1 Master,CA,30001-50000,call_center,unknown,,,,https://callcenter.inadcoads.com/callcenter/signius/CallCenterDRI.html,other,300250,1DC,default,0,0
2009-07-16 11:25:29.327,unknown,w-300250-DebtReduction1-1DC,Top Right,DebtReductionCallCenter,5.0,3.0,Debt Settlement1 Master,LA,50001-70000,call_center,unknown,,,,https://callcenter.inadcoads.com/callcenter/signius/CallCenterDRI.html,other,300250,1DC,default,0,0
2009-07-16 13:39:52.000,bad,w-300250-DebtReduction1-1DC,Top Right,DebtReductionCallCenter,4.0,3.0,Debt Settlement1 Master,TX,30001-50000,call_center,unknown,,,,https://callcenter.inadcoads.com/callcenter/signius/CallCenterDRI.html,other,300250,1DC,default,0,0
2009-07-16 15:37:27.360,unknown,w-300250-DebtReduction1-1DC,Top Right,DebtReductionCallCenter,5.0,2.0,Debt Settlement1 Master,MI,70001-90000,call_center,unknown,,,,https://callcenter.inadcoads.com/callcenter/signius/CallCenterDRI.html,other,300250,1DC,default,0,0
2009-07-20 01:49:04.913,unknown,w-300250-DebtReduction1-1DC,Top Right,DebtReductionCallCenter,5.0,3.0,Debt Settlement1 Master,MI,7500-15000,call_center,unknown,,,,https://callcenter.inadcoads.com/callcenter/signius/CallCenterDRI.html,other,300250,1DC,default,0,0
2009-07-20 08:01:03.140,unknown,w-300250-DebtReduction1-1DC,Top Right,DebtReductionCallCenter,5.0,3.0,Debt Settlement1 Master,NY,30001-50000,call_center,unknown,,,,https://callcenter.inadcoads.com/callcenter/signius/CallCenterDRI.html,other,300250,1DC,default,0,0
2009-07-20 10:37:21.000,bad,w-300250-DebtReduction1-1DC,Top Right,DebtReductionCallCenter,5.0,5.0,Debt Settlement1 Master,NY,50001-70000,call_center,unknown,,,,https://callcenter.inadcoads.com/callcenter/signius/CallCenterDRI.html,other,300250,1DC,default,0,0
2009-07-21 08:16:16.000,bad,w-300250-DebtReduction1-1DC,Top Right,DebtReductionCallCenter,5.0,3.0,Debt Settlement1 Master,VA,7500-15000,call_center,unknown,,,,https://callcenter.inadcoads.com/callcenter/signius/CallCenterDRI.html,other,300250,1DC,default,0,0
2009-07-21 14:16:19.000,bad,w-300250-DebtReduction1-1DC,Top Right,DebtReductionCallCenter,5.0,5.0,Debt Settlement1 Master,CO,30001-50000,call_center,unknown,,,,https://callcenter.inadcoads.com/callcenter/signius/CallCenterDRI.html,other,300250,1DC,default,0,0
2009-07-21 18:13:54.507,unknown,w-300250-DebtReduction1-1DC,Top Right,DebtReductionCallCenter,4.0,3.0,Debt Settlement1 Master,WV,7500-15000,call_center,unknown,,,,https://callcenter.inadcoads.com/callcenter/signius/CallCenterDRI.html,other,300250,1DC,default,0,0
2009-07-22 09:37:52.380,unknown,w-300250-DebtReduction1-1DC,Top Right,DebtReductionCallCenter,5.0,3.0,Debt Settlement1 Master,MO,20001-30000,call_center,unknown,,,,https://callcenter.inadcoads.com/callcenter/signius/CallCenterDRI.html,other,300250,1DC,default,0,0
2009-07-22 12:05:14.000,bad,w-300250-DebtReduction1-1DC,Top Right,DebtReductionCallCenter,5.0,5.0,Debt Settlement1 Master,MD,More_than_100000,call_center,unknown,,,,https://callcenter.inadcoads.com/callcenter/signius/CallCenterDRI.html,other,300250,1DC,default,0,0
2009-07-23 13:20:45.727,unknown,w-300250-DebtReduction1-1DC,Top Right,DebtReductionCallCenter,5.0,4.0,Debt Settlement1 Master,TX,15001-20000,call_center,unknown,,,,https://callcenter.inadcoads.com/callcenter/signius/CallCenterDRI.html,other,300250,1DC,default,0,0
2009-07-23 19:36:42.483,unknown,w-300250-DebtReduction1-1DC,Top Right,DebtReductionCallCenter,5.0,2.0,Debt Settlement1 Master,MI,7500-15000,call_center,unknown,,,,https://callcenter.inadcoads.com/callcenter/signius/CallCenterDRI.html,other,300250,1DC,default,0,0
2009-07-24 00:00:00.000,closed,w-300250-DebtReduction1-1DC,Top Right,DebtReductionCallCenter,5.0,5.0,Debt Settlement1 Master,IL,30001-50000,call_center,unknown,,,,https://callcenter.inadcoads.com/callcenter/signius/CallCenterDRI.html,other,300250,1DC,default,0,0
2009-07-24 00:00:00.000,closed,w-300250-DebtReduction1-1DC,Top Right,DebtReductionCallCenter,5.0,5.0,Debt Settlement1 Master,MI,More_than_100000,call_center,unknown,,,,https://callcenter.inadcoads.com/callcenter/signius/CallCenterDRI.html,other,300250,1DC,default,0,0
2009-07-24 15:28:41.790,unknown,w-300250-DebtReduction1-1DC,Top Right,DebtReductionCallCenter,5.0,3.0,Debt Settlement1 Master,MI,7500-15000,call_center,unknown,,,,https://callcenter.inadcoads.com/callcenter/signius/CallCenterDRI.html,other,300250,1DC,default,0,0
2009-07-24 17:09:01.000,bad,w-300250-DebtReduction1-1DC,Top Right,DebtReductionCallCenter,1.0,2.0,Debt Settlement1 Master,AR,7500-15000,call_center,unknown,,,,https://callcenter.inadcoads.com/callcenter/signius/CallCenterDRI.html,other,300250,1DC,default,0,0
2009-07-26 17:36:50.000,bad,w-300250-DebtReduction1-1DC,Top Right,DebtReductionCallCenter,5.0,3.0,Debt Settlement1 Master,TX,50001-70000,call_center,unknown,,,,https://callcenter.inadcoads.com/callcenter/signius/CallCenterDRI.html,other,300250,1DC,default,0,0
2009-07-27 09:23:46.000,bad,w-300250-DebtReduction1-1DC,Top Right,DebtReductionCallCenter,5.0,5.0,Debt Settlement1 Master,CA,30001-50000,call_center,unknown,,,,https://callcenter.inadcoads.com/callcenter/signius/CallCenterDRI.html,other,300250,1DC,default,0,0
2009-07-27 11:12:22.783,unknown,w-300250-DebtReduction1-1DC,Top Right,DebtReductionCallCenter,5.0,5.0,Debt Settlement1 Master,MI,7500-15000,call_center,unknown,,,,https://callcenter.inadcoads.com/callcenter/signius/CallCenterDRI.html,other,300250,1DC,default,0,0
2009-07-27 16:23:44.000,bad,w-300250-DebtReduction1-1DC,Top Right,DebtReductionCallCenter,5.0,2.0,Debt Settlement1 Master,FL,7500-15000,call_center,unknown,,,,https://callcenter.inadcoads.com/callcenter/signius/CallCenterDRI.html,other,300250,1DC,default,0,0
2009-07-28 20:20:37.000,bad,w-300250-DebtReduction1-1DC,Top Right,DebtReductionCallCenter,5.0,3.0,Debt Settlement1 Master,WA,7500-15000,call_center,unknown,,,,https://callcenter.inadcoads.com/callcenter/signius/CallCenterDRI.html,other,300250,1DC,default,0,0
2009-07-29 14:18:05.117,unknown,w-300250-DebtReduction1-1DC,Top Right,DebtReductionCallCenter,5.0,3.0,Debt Settlement1 Master,FL,7500-15000,call_center,unknown,,,,https://callcenter.inadcoads.com/callcenter/signius/CallCenterDRI.html,other,300250,1DC,default,0,0
2009-07-29 18:57:06.453,unknown,w-300250-DebtReduction1-1DC,Top Right,DebtReductionCallCenter,5.0,3.0,Debt Settlement1 Master,IL,7500-15000,call_center,unknown,,,,https://callcenter.inadcoads.com/callcenter/signius/CallCenterDRI.html,other,300250,1DC,default,0,0
2009-08-01 00:00:00.000,closed,w-300250-DebtReduction1-1DC,Top Right,DebtReductionCallCenter,2.0,3.0,Debt Settlement1 Master,MD,7500-15000,call_center,unknown,,,,https://callcenter.inadcoads.com/callcenter/signius/CallCenterDRI.html,other,300250,1DC,default,0,0
2009-08-01 00:00:00.000,closed,w-300250-DebtReduction1-1DC,Top Right,DebtReductionCallCenter,5.0,5.0,Debt Settlement1 Master,OK,7500-15000,call_center,unknown,,,,https://callcenter.inadcoads.com/callcenter/signius/CallCenterDRI.html,other,300250,1DC,default,0,0
2009-08-02 00:00:00.000,closed,w-300250-DebtReduction1-1DC,Top Right,DebtReductionCallCenter,3.0,4.0,Debt Settlement1 Master,FL,7500-15000,call_center,unknown,,,,https://callcenter.inadcoads.com/callcenter/signius/CallCenterDRI.html,other,300250,1DC,default,0,0
2009-08-03 13:14:36.650,unknown,w-300250-DebtReduction1-1DC,Top Right,DebtReductionCallCenter,0.0,0.0,Debt Settlement1 Master,MI,7500-15000,call_center,unknown,,,,https://callcenter.inadcoads.com/callcenter/signius/CallCenterDRI.html,other,300250,1DC,default,1,1
2009-08-03 18:48:33.707,unknown,w-300250-DebtReduction1-1DC,Top Right,DebtReductionCallCenter,2.0,3.0,Debt Settlement1 Master,CA,7500-15000,call_center,unknown,,,,https://callcenter.inadcoads.com/callcenter/signius/CallCenterDRI.html,other,300250,1DC,default,0,0
2009-08-04 00:00:00.000,closed,w-300250-DebtReduction1-1DC,Top Right,DebtReductionCallCenter,1.0,5.0,Debt Settlement1 Master,MA,90000-100000,call_center,unknown,,,,https://callcenter.inadcoads.com/callcenter/signius/CallCenterDRI.html,other,300250,1DC,default,0,0
2009-08-04 00:00:00.000,good,w-300250-DebtReduction1-1DC,Top Right,DebtReductionCallCenter,1.0,5.0,Debt Settlement1 Master,WA,15001-20000,call_center,unknown,,,,https://callcenter.inadcoads.com/callcenter/signius/CallCenterDRI.html,other,300250,1DC,default,0,0
2009-08-05 11:55:25.953,unknown,w-300250-DebtReduction1-1DC,Top Right,DebtReductionCallCenter,5.0,5.0,Debt Settlement1 Master,AR,20001-30000,call_center,unknown,,,,https://callcenter.inadcoads.com/callcenter/signius/CallCenterDRI.html,other,300250,1DC,default,0,0
2009-08-05 11:58:26.120,unknown,w-300250-DebtReduction1-1DC,Top Right,DebtReductionCallCenter,5.0,4.0,Debt Settlement1 Master,TX,15001-20000,call_center,unknown,,,,https://callcenter.inadcoads.com/callcenter/signius/CallCenterDRI.html,other,300250,1DC,default,0,0
2009-08-07 18:25:19.417,unknown,w-300250-DebtReduction1-1DC,Top Right,DebtReductionCallCenter,5.0,5.0,Debt Settlement1 Master,MI,15001-20000,call_center,unknown,,,,https://callcenter.inadcoads.com/callcenter/signius/CallCenterDRI.html,other,300250,1DC,default,0,0
2009-08-08 17:38:18.397,unknown,w-300250-DebtReduction1-1DC,Top Right,DebtReductionCallCenter,1.0,5.0,Debt Settlement1 Master,AZ,15001-20000,call_center,unknown,,,,https://callcenter.inadcoads.com/callcenter/signius/CallCenterDRI.html,other,300250,1DC,default,0,0
2009-08-09 20:20:18.467,unknown,w-300250-DebtReduction1-1DC,Top Right,DebtReductionCallCenter,5.0,5.0,Debt Settlement1 Master,IL,7500-15000,call_center,unknown,,,,https://callcenter.inadcoads.com/callcenter/signius/CallCenterDRI.html,other,300250,1DC,default,0,0
2009-08-10 00:00:00.000,closed,w-300250-DebtReduction1-1DC,Top Right,DebtReductionCallCenter,2.0,3.0,Debt Settlement1 Master,CA,15001-20000,call_center,unknown,,,,https://callcenter.inadcoads.com/callcenter/signius/CallCenterDRI.html,other,300250,1DC,default,0,0
2009-08-10 05:16:25.000,bad,w-300250-DebtReduction1-1DC,Top Right,DebtReductionCallCenter,1.0,2.0,Debt Settlement1 Master,IL,20001-30000,call_center,unknown,,,,https://callcenter.inadcoads.com/callcenter/signius/CallCenterDRI.html,other,300250,1DC,default,0,0
2009-08-11 07:30:18.093,unknown,w-300250-DebtReduction1-1DC,Top Right,DebtReductionCallCenter,4.0,2.0,Debt Settlement1 Master,NY,More_than_100000,call_center,unknown,,,,https://callcenter.inadcoads.com/callcenter/signius/CallCenterDRI.html,other,300250,1DC,default,0,0
2009-08-12 08:41:11.987,unknown,w-300250-DebtReduction1-1DC,Top Right,DebtReductionCallCenter,5.0,5.0,Debt Settlement1 Master,IN,15001-20000,call_center,unknown,,,,https://callcenter.inadcoads.com/callcenter/signius/CallCenterDRI.html,other,300250,1DC,default,0,0
2009-08-13 00:00:00.000,closed,w-300250-DebtReduction1-1DC,Top Right,DebtReductionCallCenter,5.0,3.0,Debt Settlement1 Master,NY,7500-15000,call_center,unknown,,,,https://callcenter.inadcoads.com/callcenter/signius/CallCenterDRI.html,other,300250,1DC,default,0,0
2009-08-17 11:07:22.897,unknown,w-300250-DebtReduction1-1DC,Top Right,DebtReductionCallCenter,5.0,3.0,Debt Settlement1 Master,PA,15001-20000,call_center,unknown,,,,https://callcenter.inadcoads.com/callcenter/signius/CallCenterDRI.html,other,300250,1DC,default,0,0
2009-08-17 18:14:20.167,unknown,w-300250-DebtReduction1-1DC,Top Right,DebtReductionCallCenter,5.0,5.0,Debt Settlement1 Master,FL,70001-90000,call_center,unknown,,,,https://callcenter.inadcoads.com/callcenter/signius/CallCenterDRI.html,other,300250,1DC,default,0,0
2009-08-18 12:04:02.000,bad,w-300250-DebtReduction1-1DC,Top Right,DebtReductionCallCenter,5.0,5.0,Debt Settlement1 Master,MO,7500-15000,call_center,unknown,,,,https://callcenter.inadcoads.com/callcenter/signius/CallCenterDRI.html,other,300250,1DC,default,0,0
2009-08-18 15:59:57.000,bad,w-300250-DebtReduction1-1DC,Top Right,DebtReductionCallCenter,5.0,3.0,Debt Settlement1 Master,PA,15001-20000,call_center,unknown,,,,https://callcenter.inadcoads.com/callcenter/signius/CallCenterDRI.html,other,300250,1DC,default,0,0
2009-08-18 17:06:56.000,bad,w-300250-DebtReduction1-1DC,Top Right,DebtReductionCallCenter,5.0,5.0,Debt Settlement1 Master,CA,15001-20000,call_center,unknown,,,,https://callcenter.inadcoads.com/callcenter/signius/CallCenterDRI.html,other,300250,1DC,default,0,0
2009-08-18 21:50:12.517,unknown,w-300250-DebtReduction1-1DC,Top Right,DebtReductionCallCenter,5.0,3.0,Debt Settlement1 Master,CA,70001-90000,call_center,unknown,,,,https://callcenter.inadcoads.com/callcenter/signius/CallCenterDRI.html,other,300250,1DC,default,0,0
2009-08-19 00:00:00.000,closed,w-300250-DebtReduction1-1DC,Top Right,DebtReductionCallCenter,5.0,5.0,Debt Settlement1 Master,PA,7500-15000,call_center,unknown,,,,https://callcenter.inadcoads.com/callcenter/signius/CallCenterDRI.html,other,300250,1DC,default,0,0
2009-08-19 00:00:00.000,good,w-300250-DebtReduction1-1DC,Top Right,DebtReductionCallCenter,5.0,3.0,Debt Settlement1 Master,TX,50001-70000,call_center,unknown,,,,https://callcenter.inadcoads.com/callcenter/signius/CallCenterDRI.html,other,300250,1DC,default,0,0
2009-08-20 00:00:00.000,good,w-300250-DebtReduction1-1DC,Top Right,DebtReductionCallCenter,5.0,3.0,Debt Settlement1 Master,CA,50001-70000,call_center,unknown,,,,https://callcenter.inadcoads.com/callcenter/signius/CallCenterDRI.html,other,300250,1DC,default,0,0
2009-08-22 08:22:17.117,unknown,w-300250-DebtReduction1-1DC,Top Right,DebtReductionCallCenter,5.0,4.0,Debt Settlement1 Master,TX,7500-15000,call_center,unknown,,,,https://callcenter.inadcoads.com/callcenter/signius/CallCenterDRI.html,other,300250,1DC,default,0,0
2009-08-24 08:40:22.710,unknown,w-300250-DebtReduction1-1DC,Top Right,DebtReductionCallCenter,5.0,4.0,Debt Settlement1 Master,MD,7500-15000,call_center,unknown,,,,https://callcenter.inadcoads.com/callcenter/signius/CallCenterDRI.html,other,300250,1DC,default,0,0
2009-08-25 12:37:15.260,unknown,w-300250-DebtReduction1-1DC,Top Right,DebtReductionCallCenter,5.0,2.0,Debt Settlement1 Master,TX,7500-15000,call_center,unknown,,,,https://callcenter.inadcoads.com/callcenter/signius/CallCenterDRI.html,other,300250,1DC,default,0,0
2009-08-25 16:21:47.000,bad,w-300250-DebtReduction1-1DC,Top Right,DebtReductionCallCenter,3.0,3.0,Debt Settlement1 Master,CO,7500-15000,call_center,unknown,,,,https://callcenter.inadcoads.com/callcenter/signius/CallCenterDRI.html,other,300250,1DC,default,0,0
2009-08-26 11:38:09.823,unknown,w-300250-DebtReduction1-1DC,Top Right,DebtReductionCallCenter,5.0,3.0,Debt Settlement1 Master,TX,15001-20000,call_center,unknown,,,,https://callcenter.inadcoads.com/callcenter/signius/CallCenterDRI.html,other,300250,1DC,default,0,0
2009-08-27 11:07:09.000,bad,w-300250-DebtReduction1-1DC,Top Right,DebtReductionCallCenter,5.0,5.0,Debt Settlement1 Master,NY,20001-30000,call_center,unknown,,,,https://callcenter.inadcoads.com/callcenter/signius/CallCenterDRI.html,other,300250,1DC,default,0,0
2009-08-28 12:27:57.037,unknown,w-300250-DebtReduction1-1DC,Top Right,DebtReductionCallCenter,5.0,3.0,Debt Settlement1 Master,CO,70001-90000,call_center,unknown,,,,https://callcenter.inadcoads.com/callcenter/signius/CallCenterDRI.html,other,300250,1DC,default,0,0
2009-08-29 09:12:51.887,unknown,w-300250-DebtReduction1-1DC,Top Right,DebtReductionCallCenter,5.0,3.0,Debt Settlement1 Master,FL,7500-15000,call_center,unknown,,,,https://callcenter.inadcoads.com/callcenter/signius/CallCenterDRI.html,other,300250,1DC,default,0,0
2009-08-30 14:47:43.437,unknown,w-300250-DebtReduction1-1DC,Top Right,DebtReductionCallCenter,5.0,5.0,Debt Settlement1 Master,FL,15001-20000,call_center,unknown,,,,https://callcenter.inadcoads.com/callcenter/signius/CallCenterDRI.html,other,300250,1DC,default,0,0
2009-09-01 14:34:30.067,unknown,w-300250-DebtReduction1-1DC,Top Right,DebtReductionCallCenter,1.0,5.0,Debt Settlement1 Master,NY,15001-20000,call_center,unknown,,,,https://callcenter.inadcoads.com/callcenter/signius/CallCenterDRI.html,other,300250,1DC,default,0,0
2009-09-01 19:48:29.073,unknown,w-300250-DebtReduction1-1DC,Top Right,DebtReductionCallCenter,1.0,3.0,Debt Settlement1 Master,TX,7500-15000,call_center,unknown,,,,https://callcenter.inadcoads.com/callcenter/signius/CallCenterDRI.html,other,300250,1DC,default,0,0
2009-09-03 12:17:18.437,unknown,w-300250-DebtReduction1-1DC,Top Right,DebtReductionCallCenter,5.0,3.0,Debt Settlement1 Master,MI,20001-30000,call_center,unknown,,,,https://callcenter.inadcoads.com/callcenter/signius/CallCenterDRI.html,other,300250,1DC,default,0,0
2009-09-03 13:36:17.927,unknown,w-300250-DebtReduction1-1DC,Top Right,DebtReductionCallCenter,5.0,3.0,Debt Settlement1 Master,WA,30001-50000,call_center,unknown,,,,https://callcenter.inadcoads.com/callcenter/signius/CallCenterDRI.html,other,300250,1DC,default,0,0
2009-09-05 00:00:00.000,closed,w-300250-DebtReduction1-1DC,Top Right,DebtReductionCallCenter,5.0,3.0,Debt Settlement1 Master,CA,7500-15000,call_center,unknown,,,,https://callcenter.inadcoads.com/callcenter/signius/CallCenterDRI.html,other,300250,1DC,default,0,0
2009-09-08 08:37:46.140,unknown,w-300250-DebtReduction1-1DC,Top Right,DebtReductionCallCenter,5.0,3.0,Debt Settlement1 Master,VA,20001-30000,call_center,unknown,,,,https://callcenter.inadcoads.com/callcenter/signius/CallCenterDRI.html,other,300250,1DC,default,0,0
2009-09-08 14:04:48.367,unknown,w-300250-DebtReduction1-1DC,Top Right,DebtReductionCallCenter,5.0,5.0,Debt Settlement1 Master,NY,70001-90000,call_center,unknown,,,,https://callcenter.inadcoads.com/callcenter/signius/CallCenterDRI.html,other,300250,1DC,default,0,0
2009-09-08 18:54:44.817,unknown,w-300250-DebtReduction1-1DC,Top Right,DebtReductionCallCenter,5.0,4.0,Debt Settlement1 Master,IL,20001-30000,call_center,unknown,,,,https://callcenter.inadcoads.com/callcenter/signius/CallCenterDRI.html,other,300250,1DC,default,0,0
2009-09-09 11:31:39.720,unknown,w-300250-DebtReduction1-1DC,Top Right,DebtReductionCallCenter,5.0,5.0,Debt Settlement1 Master,NY,15001-20000,call_center,unknown,,,,https://callcenter.inadcoads.com/callcenter/signius/CallCenterDRI.html,other,300250,1DC,default,0,0
2009-09-09 15:44:40.000,bad,w-300250-DebtReduction1-1DC,Top Right,DebtReductionCallCenter,5.0,3.0,Debt Settlement1 Master,IL,20001-30000,call_center,unknown,,,,https://callcenter.inadcoads.com/callcenter/signius/CallCenterDRI.html,other,300250,1DC,default,0,0
2009-09-10 15:53:31.717,unknown,w-300250-DebtReduction1-1DC,Top Right,DebtReductionCallCenter,5.0,4.0,Debt Settlement1 Master,WA,30001-50000,call_center,unknown,,,,https://callcenter.inadcoads.com/callcenter/signius/CallCenterDRI.html,other,300250,1DC,default,0,0
2009-09-10 16:26:33.333,unknown,w-300250-DebtReduction1-1DC,Top Right,DebtReductionCallCenter,2.0,4.0,Debt Settlement1 Master,WV,70001-90000,call_center,unknown,,,,https://callcenter.inadcoads.com/callcenter/signius/CallCenterDRI.html,other,300250,1DC,default,0,0
2009-09-12 00:00:00.000,good,w-300250-DebtReduction1-1DC,Top Right,DebtReductionCallCenter,5.0,3.0,Debt Settlement1 Master,CA,7500-15000,call_center,unknown,,,,https://callcenter.inadcoads.com/callcenter/signius/CallCenterDRI.html,other,300250,1DC,default,0,0
2009-09-14 00:00:00.000,closed,w-300250-DebtReduction1-1DC,Top Right,DebtReductionCallCenter,5.0,5.0,Debt Settlement1 Master,CA,50001-70000,call_center,unknown,,,,https://callcenter.inadcoads.com/callcenter/signius/CallCenterDRI.html,other,300250,1DC,default,0,0
2009-09-14 08:59:08.110,unknown,w-300250-DebtReduction1-1DC,Top Right,DebtReductionCallCenter,5.0,3.0,Debt Settlement1 Master,IL,30001-50000,call_center,unknown,,,,https://callcenter.inadcoads.com/callcenter/signius/CallCenterDRI.html,other,300250,1DC,default,0,0
2009-09-15 13:10:05.000,bad,w-300250-DebtReduction1-1DC,Top Right,DebtReductionCallCenter,5.0,5.0,Debt Settlement1 Master,MI,15001-20000,call_center,unknown,,,,https://callcenter.inadcoads.com/callcenter/signius/CallCenterDRI.html,other,300250,1DC,default,0,0
2009-09-16 13:14:54.083,unknown,w-300250-DebtReduction1-1DC,Top Right,DebtReductionCallCenter,5.0,5.0,Debt Settlement1 Master,MD,More_than_100000,call_center,unknown,,,,https://callcenter.inadcoads.com/callcenter/signius/CallCenterDRI.html,other,300250,1DC,default,0,0
2009-09-16 18:00:53.177,unknown,w-300250-DebtReduction1-1DC,Top Right,DebtReductionCallCenter,5.0,3.0,Debt Settlement1 Master,CA,More_than_100000,call_center,unknown,,,,https://callcenter.inadcoads.com/callcenter/signius/CallCenterDRI.html,other,300250,1DC,default,0,0
2009-09-17 16:06:48.797,unknown,w-300250-DebtReduction1-1DC,Top Right,DebtReductionCallCenter,4.0,3.0,Debt Settlement1 Master,CA,15001-20000,call_center,unknown,,,,https://callcenter.inadcoads.com/callcenter/signius/CallCenterDRI.html,other,300250,1DC,default,0,0
2009-09-21 00:00:00.000,good,w-300250-DebtReduction1-1DC,Top Right,DebtReductionCallCenter,5.0,5.0,Debt Settlement1 Master,MA,15001-20000,call_center,unknown,,,,https://callcenter.inadcoads.com/callcenter/signius/CallCenterDRI.html,other,300250,1DC,default,0,0
2009-09-23 00:00:00.000,good,w-300250-DebtReduction1-1DC,Top Right,DebtReductionCallCenter,5.0,5.0,Debt Settlement1 Master,HI,7500-15000,call_center,unknown,,,,https://callcenter.inadcoads.com/callcenter/signius/CallCenterDRI.html,other,300250,1DC,default,0,0
2009-09-24 12:53:12.000,bad,w-300250-DebtReduction1-1DC,Top Right,DebtReductionCallCenter,5.0,3.0,Debt Settlement1 Master,AL,7500-15000,call_center,unknown,,,,https://callcenter.inadcoads.com/callcenter/signius/CallCenterDRI.html,other,300250,1DC,default,0,0
2009-09-25 00:00:00.000,good,w-300250-DebtReduction1-1DC,Top Right,DebtReductionCallCenter,5.0,5.0,Debt Settlement1 Master,MI,20001-30000,call_center,unknown,,,,https://callcenter.inadcoads.com/callcenter/signius/CallCenterDRI.html,other,300250,1DC,default,0,0
2009-09-25 11:19:59.647,unknown,w-300250-DebtReduction1-1DC,Top Right,DebtReductionCallCenter,5.0,2.0,Debt Settlement1 Master,PA,20001-30000,call_center,unknown,,,,https://callcenter.inadcoads.com/callcenter/signius/CallCenterDRI.html,other,300250,1DC,default,0,0
2009-09-26 17:44:59.000,bad,w-300250-DebtReduction1-1DC,Top Right,DebtReductionCallCenter,5.0,4.0,Debt Settlement1 Master,HI,More_than_100000,call_center,unknown,,,,https://callcenter.inadcoads.com/callcenter/signius/CallCenterDRI.html,other,300250,1DC,default,0,0
2009-09-27 15:06:44.440,unknown,w-300250-DebtReduction1-1DC,Top Right,DebtReductionCallCenter,5.0,3.0,Debt Settlement1 Master,MA,70001-90000,call_center,unknown,,,,https://callcenter.inadcoads.com/callcenter/signius/CallCenterDRI.html,other,300250,1DC,default,0,0
2009-09-27 19:38:43.207,unknown,w-300250-DebtReduction1-1DC,Top Right,DebtReductionCallCenter,3.0,3.0,Debt Settlement1 Master,CA,15001-20000,call_center,unknown,,,,https://callcenter.inadcoads.com/callcenter/signius/CallCenterDRI.html,other,300250,1DC,default,0,0
2009-09-28 12:19:38.157,unknown,w-300250-DebtReduction1-1DC,Top Right,DebtReductionCallCenter,5.0,5.0,Debt Settlement1 Master,FL,7500-15000,call_center,unknown,,,,https://callcenter.inadcoads.com/callcenter/signius/CallCenterDRI.html,other,300250,1DC,default,0,0
2009-09-28 12:24:40.903,unknown,w-300250-DebtReduction1-1DC,Top Right,DebtReductionCallCenter,3.0,2.0,Debt Settlement1 Master,CO,30001-50000,call_center,unknown,,,,https://callcenter.inadcoads.com/callcenter/signius/CallCenterDRI.html,other,300250,1DC,default,0,0
2009-09-28 13:03:39.037,unknown,w-300250-DebtReduction1-1DC,Top Right,DebtReductionCallCenter,5.0,2.0,Debt Settlement1 Master,IN,7500-15000,call_center,unknown,,,,https://callcenter.inadcoads.com/callcenter/signius/CallCenterDRI.html,other,300250,1DC,default,0,0
2009-09-29 09:11:32.053,unknown,w-300250-DebtReduction1-1DC,Top Right,DebtReductionCallCenter,1.0,4.0,Debt Settlement1 Master,LA,90000-100000,call_center,unknown,,,,https://callcenter.inadcoads.com/callcenter/signius/CallCenterDRI.html,other,300250,1DC,default,0,0
2009-09-29 16:10:48.000,bad,w-300250-DebtReduction1-1DC,Top Right,DebtReductionCallCenter,5.0,3.0,Debt Settlement1 Master,CO,7500-15000,call_center,unknown,,,,https://callcenter.inadcoads.com/callcenter/signius/CallCenterDRI.html,other,300250,1DC,default,0,0
2009-09-29 18:48:29.423,unknown,w-300250-DebtReduction1-1DC,Top Right,DebtReductionCallCenter,5.0,5.0,Debt Settlement1 Master,CA,70001-90000,call_center,unknown,,,,https://callcenter.inadcoads.com/callcenter/signius/CallCenterDRI.html,other,300250,1DC,default,0,0
2009-09-30 00:37:16.000,bad,w-300250-DebtReduction1-1DC,Top Right,DebtReductionCallCenter,5.0,2.0,Debt Settlement1 Master,OR,More_than_100000,call_center,unknown,,,,https://callcenter.inadcoads.com/callcenter/signius/CallCenterDRI.html,other,300250,1DC,default,0,0
2009-09-30 10:53:27.710,unknown,w-300250-DebtReduction1-1DC,Top Right,DebtReductionCallCenter,5.0,3.0,Debt Settlement1 Master,VA,30001-50000,call_center,unknown,,,,https://callcenter.inadcoads.com/callcenter/signius/CallCenterDRI.html,other,300250,1DC,default,0,0
2009-09-30 13:32:25.873,unknown,w-300250-DebtReduction1-1DC,Top Right,DebtReductionCallCenter,5.0,4.0,Debt Settlement1 Master,MI,15001-20000,call_center,unknown,,,,https://callcenter.inadcoads.com/callcenter/signius/CallCenterDRI.html,other,300250,1DC,default,0,0
2009-04-26 23:41:46.083,unknown,w-300250-DebtReduction1-1DC-Head2,TopLeft,DebtReductionInc,0.0,0.0,Debt Settlement1 Master,CA,15001-20000,google,www.titanautoinsurance.com,Lower Payments,Credit card payments,,http://www.debtreductioninc.com/index8.html,lower_payment,300250,1DC,Head2,1,1
2009-06-11 01:05:30.000,bad,w-302252-DebtReduction1-1DC-CreditSolutions,TopLeft,DebtReductionInc,0.0,0.0,creditsolutions-branded-shortform,TX,7500-15000,yahoo,unknown,Debt Reduction,,,http://www.debtreductioninc.com/index8.html,debt,302252,1DC,CreditSolutions,1,1
2009-04-23 23:04:23.913,unknown,w-300250-DebtReduction1-1DC-BlueMeter,TopLeft,DebtReductionInc,0.0,0.0,Debt Settlement1 Master,OK,7500-15000,yahoo,unknown,Personal Debt,,,http://www.debtreductioninc.com/index8.html,debt,300250,1DC,BlueMeter,1,1
2009-04-06 00:00:00.000,closed,w-300250-DebtReduction1-1DC,TopLeft,DebtReductionInc,0.0,0.0,Debt Settlement1 Master,CO,50001-70000,yahoo,search.yahoo.com,Bankruptcy And Chapter 13,,colorado bankruptcy law,http://www.debtreductioninc.com/index8.html,bankrup,300250,1DC,default,1,1
2009-08-05 10:24:25.880,unknown,w-302252-DebtReduction1-1DC-white,TopLeft,DebtReductionInc,5.0,4.0,Debt Settlement1 Master,CO,15001-20000,google,www.ask.com,Stop Collections,Stop bill collectors from,How to Stop Bill Collectors from Calling,http://www.debtreductioninc.com/index8.html,collection,302252,1DC,white,0,0
2009-08-08 07:43:17.903,unknown,w-302252-DebtReduction1-1DC-CreditSolutions,TopLeft,DebtReductionInc,5.0,5.0,creditsolutions-branded-shortform,CO,20001-30000,google,www.debtreductioninc.com,Credit Card Debt Reduction,Credit card reduction,,http://www.debtreductioninc.com/index11.html,credit_general,302252,1DC,CreditSolutions,0,0
2009-04-20 12:06:36.847,unknown,w-300250-DebtReduction1-1DC,TopLeft,DebtReductionInc,0.0,0.0,Debt Settlement1 Master,CO,More_than_100000,yahoo,search.yahoo.com,Chapter 13,,chapter 11 colorado,http://www.debtreductioninc.com/index8.html,bankrup,300250,1DC,default,1,1
2009-09-26 00:35:53.363,unknown,w-302252-DebtReduction1-1DC-yellowarrow,TopLeft,DebtReductionInc,5.0,5.0,Debt Settlement1 Master,CO,50001-70000,yahoo,search.yahoo.com,Credit Card Consolidation,,credit card re;ief,http://www.debtreductioninc.com/index8.html,credit_general,302252,1DC,yellowarrow,0,0
2009-05-14 18:54:28.850,unknown,w-302252-DebtReduction1-1DC,TopLeft,DebtReductionInc,0.0,0.0,Debt Settlement1 Master,IA,7500-15000,adknowledge,unknown,Consolidate,,,http://www.debtreductioninc.com/index8.html,consolidation,302252,1DC,default,1,1
2009-04-30 10:53:28.507,unknown,w-300250-DebtReduction1-1DC-Head2,TopLeft,DebtReductionInc,0.0,0.0,Debt Settlement1 Master,OR,15001-20000,yahoo,webhelp.qwest.net,General Debt,,,http://www.debtreductioninc.com/index8.html,debt,300250,1DC,Head2,1,1
2009-09-24 11:40:14.000,bad,w-302252-DebtReduction1-1DC-CreditSolutions,TopLeft,DebtReductionInc,1.0,3.0,creditsolutions-branded-shortform,OR,30001-50000,google,ezinearticles.com,Credit Card Debt - high volume,,,http://www.debtreductioninc.com/index8.html,credit_general,302252,1DC,CreditSolutions,0,0
2009-07-27 16:01:44.000,bad,w-302252-DebtReduction1-1DC-CreditSolutions,TopLeft,DebtReductionInc,5.0,3.0,creditsolutions-branded-shortform,AZ,30001-50000,google,unknown,Student Debt,,,http://www.debtreductioninc.com/index11.html,student_debt,302252,1DC,CreditSolutions,0,0
2009-08-15 16:38:14.000,bad,w-302252-DebtReduction1-1DC-white,TopLeft,DebtReductionInc,5.0,4.0,Debt Settlement1 Master,CO,20001-30000,adknowledge,webmailb.netzero.net,Consolidate,,,http://www.debtreductioninc.com/index8.html,consolidation,302252,1DC,white,0,0
2009-06-13 14:23:02.480,unknown,w-302252-DebtReduction1-1DC-white,TopLeft,DebtReductionInc,0.0,0.0,Debt Settlement1 Master,CO,30001-50000,adknowledge,www.bing.com,Consolidate,,Non Profit Debt Consolidation Loan,http://www.debtreductioninc.com/index8.html,consolidation,302252,1DC,white,1,1
2009-04-16 19:41:35.000,bad,w-300250-DebtReduction1-1DC-Head2,TopLeft,DebtReductionInc,0.0,0.0,Debt Settlement1 Master,AZ,20001-30000,yahoo,webhelp.qwest.net,Lower Payments,,,http://www.debtreductioninc.com/index8.html,lower_payment,300250,1DC,Head2,1,1
2009-07-20 13:44:03.790,unknown,w-302252-DebtReduction1-1DC-CreditSolutions,TopLeft,DebtReductionInc,5.0,3.0,creditsolutions-branded-shortform,AZ,7500-15000,google,search.mywebsearch.com,Lower Payments,How to lower monthly payments,,http://www.debtreductioninc.com/index8.html,lower_payment,302252,1DC,CreditSolutions,0,0
2009-09-22 19:22:23.000,bad,w-302252-DebtReduction1-1DC-yellowarrow,TopLeft,DebtReductionInc,3.0,3.0,Debt Settlement1 Master,AZ,More_than_100000,google,www.google.com,Loan Default,Default on loan,default on loan,http://www.debtreductioninc.com/index8.html,loan,302252,1DC,yellowarrow,0,0
2009-06-05 22:25:12.107,unknown,w-302252-DebtReduction1-1DC-white,TopLeft,DebtReductionInc,0.0,0.0,Debt Settlement1 Master,NM,7500-15000,google,www.tattoodle.com,Debt,Debt,,http://www.debtreductioninc.com/index8.html,debt,302252,1DC,white,1,1
2009-04-13 23:41:32.707,unknown,w-300250-DebtReduction1-1DC-Head2,TopLeft,DebtReductionInc,0.0,0.0,Debt Settlement1 Master,CO,50001-70000,google,search.myway.com,Credit Card Debt,800 credit card debt,,http://www.debtreductioninc.com/index8.html,credit_general,300250,1DC,Head2,1,1
2009-07-23 00:31:47.407,unknown,w-302252-DebtReduction1-1DC-yellowarrow-blue,TopLeft,DebtReductionInc,5.0,3.0,Debt Settlement1 Master,AZ,30001-50000,google,finance.kosmix.com,Lower Payments,Credit card payments,,http://www.debtreductioninc.com/index8.html,lower_payment,302252,1DC,yellowarrow-blue,0,0
2009-06-18 01:35:51.000,bad,w-302252-DebtReduction1-1DC,TopLeft,DebtReductionInc,0.0,0.0,Debt Settlement1 Master,MT,7500-15000,yahoo,us.yhs.search.yahoo.com,Debt Program,,www.debtsolutions.com,http://www.debtreductioninc.com/index8.html,debt,302252,1DC,default,1,1
2009-08-24 11:19:24.757,unknown,w-302252-DebtReduction1-1DC-white,TopLeft,DebtReductionInc,5.0,5.0,Debt Settlement1 Master,MT,7500-15000,google,unknown,How,How to fix your credit,,http://www.debtreductioninc.com/index12.html,other,302252,1DC,white,0,0
2009-07-13 18:41:37.070,unknown,w-302252-DebtReduction1-1DC-yellowarrow-blue,TopLeft,DebtReductionInc,5.0,5.0,Debt Settlement1 Master,CA,7500-15000,google,searchportal.information.com,Lower Payments,Credit card payments,,http://www.debtreductioninc.com/index8.html,lower_payment,302252,1DC,yellowarrow-blue,0,0
2009-09-04 02:08:13.710,unknown,w-302252-DebtReduction1-1DC-CreditSolutions,TopLeft,DebtReductionInc,5.0,5.0,creditsolutions-branded-shortform,CA,30001-50000,yahoo,search.yahoo.com,Credit Card Debt,,credit relief,http://www.debtreductioninc.com/index8.html,credit_general,302252,1DC,CreditSolutions,0,0
2009-04-11 16:21:53.103,unknown,w-300250-DebtReduction1-1DC-BlueMeter,TopLeft,DebtReductionInc,0.0,0.0,Debt Settlement1 Master,CA,More_than_100000,google,googleads.g.doubleclick.net,Debt Reduction,,,http://www.debtreductioninc.com/index8.html,debt,300250,1DC,BlueMeter,1,1
2009-09-02 16:25:23.450,unknown,w-302252-DebtReduction1-1DC-CreditSolutions,TopLeft,DebtReductionInc,5.0,2.0,creditsolutions-branded-shortform,CA,20001-30000,google,credit.about.com,Credit Card Debt - high volume,,,http://www.debtreductioninc.com/index8.html,credit_general,302252,1DC,CreditSolutions,0,0
2009-09-11 10:44:27.357,unknown,w-302252-DebtReduction1-1DC-white,TopLeft,DebtReductionInc,5.0,5.0,Debt Settlement1 Master,NY,50001-70000,google,www.info.com,Lower Payments,Credit card payments,,http://www.debtreductioninc.com/index8.html,lower_payment,302252,1DC,white,0,0
2009-04-27 11:56:58.000,bad,w-300250-DebtReduction1-1DC-CreditSolutions,TopLeft,DebtReductionInc,0.0,0.0,creditsolutions-branded-shortform,VA,More_than_100000,google,googleads.g.doubleclick.net,Consolidation Program,Credit card debt consolidation program,,http://www.debtreductioninc.com/index8.html,consolidation,300250,1DC,CreditSolutions,1,1
2009-09-23 20:46:06.790,unknown,w-302252-DebtReduction1-1DC-CreditSolutions,TopLeft,DebtReductionInc,5.0,5.0,creditsolutions-branded-shortform,PA,30001-50000,google,www.ehow.com,Credit Card Debt - high volume,,,http://www.debtreductioninc.com/index8.html,credit_general,302252,1DC,CreditSolutions,0,0
2009-08-18 09:41:15.190,unknown,w-302252-DebtReduction1-1DC-CreditSolutions,TopLeft,DebtReductionInc,5.0,3.0,creditsolutions-branded-shortform,VA,20001-30000,yahoo,search.yahoo.com,Debt Consolidation,,us government debt help,http://www.debtreductioninc.com/index8.html,consolidation,302252,1DC,CreditSolutions,0,0
2009-05-22 10:37:13.753,unknown,w-302252-DebtReduction1-1DC-CreditSolutions,TopLeft,DebtReductionInc,0.0,0.0,creditsolutions-branded-shortform,PA,7500-15000,google,www.google.com,Debt Loan,Credit card debt loan,loan for no income student,http://www.debtreductioninc.com/index8.html,loan,302252,1DC,CreditSolutions,1,1
2009-05-04 18:03:33.000,bad,w-300250-DebtReduction1-1DC-CreditSolutions,TopLeft,DebtReductionInc,0.0,0.0,creditsolutions-branded-shortform,IL,7500-15000,yahoo,search.yahoo.com,Debt Services,,debt support groups,http://www.debtreductioninc.com/index8.html,debt,300250,1DC,CreditSolutions,1,1
2009-07-12 18:35:41.477,unknown,w-302252-DebtReduction1-1DC,TopLeft,DebtReductionInc,5.0,5.0,Debt Settlement1 Master,IL,30001-50000,google,www.google.com,Holding Tank - Debt,Consumer debt advocates,consumer debt advocates,http://www.debtreductioninc.com/index8.html,debt,302252,1DC,default,0,0
2009-04-25 16:07:09.000,bad,w-300250-DebtReduction1-2DC-BlueMeter,TopLeft,DebtReductionInc,0.0,0.0,Debt Settlement1 Master,TX,15001-20000,google,www.google.com,Holding Tank - Debt,Debt cures they don t want you to know about,debt cures they don't want you to know about,http://www.debtreductioninc.com/index8.html,debt,300250,2DC,BlueMeter,1,1
2009-08-16 22:56:07.000,bad,w-302252-DebtReduction1-1DC-CreditSolutions,TopLeft,DebtReductionInc,1.0,3.0,creditsolutions-branded-shortform,TX,50001-70000,google,www.google.com,Loan Default,Loan default help,defaulted student loan help,http://www.debtreductioninc.com/index8.html,loan,302252,1DC,CreditSolutions,0,0
2009-05-31 11:26:58.477,unknown,w-302252-DebtReduction1-1DC-CreditSolutions,TopLeft,DebtReductionInc,0.0,0.0,creditsolutions-branded-shortform,IL,7500-15000,google,googleads.g.doubleclick.net,Credit Card Debt - high volume,,,http://www.debtreductioninc.com/index8.html,credit_general,302252,1DC,CreditSolutions,1,1
2009-08-01 09:13:48.763,unknown,w-302252-DebtReduction1-1DC-yellowarrow-dark,TopLeft,DebtReductionInc,5.0,5.0,Debt Settlement1 Master,NY,30001-50000,google,googleads.g.doubleclick.net,Credit Card Debt,,,http://www.debtreductioninc.com/index8.html,credit_general,302252,1DC,yellowarrow-dark,0,0
2009-09-20 10:41:30.313,unknown,w-302252-DebtReduction1-1DC-yellowarrow-blue,TopLeft,DebtReductionInc,1.0,3.0,Debt Settlement1 Master,CA,70001-90000,google,googleads.g.doubleclick.net,Consolidation,Consolidated credit card debt,,http://www.debtreductioninc.com/index8.html,consolidation,302252,1DC,yellowarrow-blue,0,0
2009-07-13 19:25:35.243,unknown,w-302252-DebtReduction1-1DC-CreditSolutions,TopLeft,DebtReductionInc,1.0,5.0,creditsolutions-branded-shortform,AZ,90000-100000,google,www.google.com,Holding Tank - Debt,Debters,debters anonaymos.com,http://www.debtreductioninc.com/index8.html,debt,302252,1DC,CreditSolutions,0,0
2009-04-20 19:47:34.120,unknown,w-300250-DebtReduction1-1DC-Head2,TopLeft,DebtReductionInc,0.0,0.0,Debt Settlement1 Master,IL,15001-20000,google,www.ask.com,Holding Tank - Debt,Loans for personal debt,Loans for Personal Debt,http://www.debtreductioninc.com/index8.html,debt,300250,1DC,Head2,1,1
2009-07-23 11:41:46.033,unknown,w-302252-DebtReduction1-1DC-white,TopLeft,DebtReductionInc,5.0,2.0,Debt Settlement1 Master,CA,More_than_100000,google,www.google.com,Debt Restructuring,Restructuring bankruptcy,bankruptcy reorganization,http://www.debtreductioninc.com/index8.html,debt,302252,1DC,white,0,0
2009-04-26 02:12:07.000,bad,w-300250-DebtReduction1-1DC,TopLeft,DebtReductionInc,0.0,0.0,Debt Settlement1 Master,AZ,15001-20000,google,en.allexperts.com,How,debt,,http://www.debtreductioninc.com/index8.html,other,300250,1DC,default,1,1
2009-09-28 21:08:33.820,unknown,w-302252-DebtReduction1-1DC-CreditSolutions,TopLeft,DebtReductionInc,5.0,5.0,creditsolutions-branded-shortform,CA,50001-70000,google,unknown,Credit Card Reduction,Credit card interest reduction,,http://www.debtreductioninc.com/index11.html,credit_general,302252,1DC,CreditSolutions,0,0
2009-08-16 15:17:09.000,bad,w-302252-DebtReduction1-1DC-CreditSolutions,TopLeft,DebtReductionInc,5.0,2.0,creditsolutions-branded-shortform,MI,7500-15000,adknowledge,us.mg2.mail.yahoo.com,Consolidate,,,http://www.debtreductioninc.com/index8.html,consolidation,302252,1DC,CreditSolutions,0,0
2009-09-17 01:42:50.760,unknown,w-302252-DebtReduction1-1DC-yellowarrow-blue,TopLeft,DebtReductionInc,5.0,5.0,Debt Settlement1 Master,IL,More_than_100000,yahoo,shop2.forless.com,Credit Card Consolidation,,,http://www.debtreductioninc.com/index8.html,credit_general,302252,1DC,yellowarrow-blue,0,0
2009-07-19 11:59:08.697,unknown,w-302252-DebtReduction1-1DC-CreditSolutions,TopLeft,DebtReductionInc,5.0,3.0,creditsolutions-branded-shortform,CA,30001-50000,google,www.mahalo.com,Student Debt,,,http://www.debtreductioninc.com/index12.html,student_debt,302252,1DC,CreditSolutions,0,0
2009-08-01 11:40:47.780,unknown,w-302252-DebtReduction1-1DC-CreditSolutions,TopLeft,DebtReductionInc,5.0,3.0,creditsolutions-branded-shortform,NY,20001-30000,google,ezinearticles.com,Credit Card Debt - high volume,,,http://www.debtreductioninc.com/index8.html,credit_general,302252,1DC,CreditSolutions,0,0
2009-04-11 16:32:53.013,unknown,w-300250-DebtReduction1-1DC-Head2,TopLeft,DebtReductionInc,0.0,0.0,Debt Settlement1 Master,IL,30001-50000,yahoo,search.yahoo.com,Bankruptcy And Chapter 7,,Bankrupsy in illinois,http://www.debtreductioninc.com/index8.html,bankrup,300250,1DC,Head2,1,1
2009-06-09 01:07:02.000,bad,w-302252-DebtReduction1-1DC-white,TopLeft,DebtReductionInc,0.0,0.0,Debt Settlement1 Master,IL,30001-50000,google,www.google.com,Holding Tank - Debt,Credit counselor,credit counseling,http://www.debtreductioninc.com/index8.html,debt,302252,1DC,white,1,1
2009-08-09 20:00:19.927,unknown,w-302252-DebtReduction1-1DC-white,TopLeft,DebtReductionInc,5.0,5.0,Debt Settlement1 Master,CT,7500-15000,google,www.ask.com,Credit Debt Consolidation,Credit consolidators,credit consolidators in danbury connecticut,http://www.debtreductioninc.com/index12.html,credit_general,302252,1DC,white,0,0
2009-07-03 21:16:55.877,unknown,w-302252-DebtReduction1-1DC-CreditSolutions,TopLeft,DebtReductionInc,0.0,3.0,creditsolutions-branded-shortform,FL,15001-20000,google,unknown,How,How to repair credit,,http://www.debtreductioninc.com/index11.html,other,302252,1DC,CreditSolutions,1,0
2009-06-09 00:00:00.000,good,w-302252-DebtReduction1-1DC,TopLeft,DebtReductionInc,0.0,0.0,Debt Settlement1 Master,OK,7500-15000,google,usmilitary.about.com,Student Debt,,,http://www.debtreductioninc.com/index8.html,student_debt,302252,1DC,default,1,1
2009-08-31 22:59:34.260,unknown,w-302252-DebtReduction1-1DC-CreditSolutions,TopLeft,DebtReductionInc,5.0,4.0,creditsolutions-branded-shortform,SD,7500-15000,google,unknown,Credit Card Debt,Credit card debt bankruptcy,,http://www.debtreductioninc.com/index11.html,credit_general,302252,1DC,CreditSolutions,0,0
2009-06-16 10:35:45.373,unknown,w-302252-DebtReduction1-1DC-white,TopLeft,DebtReductionInc,0.0,0.0,Debt Settlement1 Master,TX,7500-15000,google,www.google.com,Debt Reduction,Reduce medical debt,negotiate to lower medical bills,http://www.debtreductioninc.com/index8.html,debt,302252,1DC,white,1,1
2009-05-13 16:28:31.803,unknown,w-302252-DebtReduction1-1DC-white,TopLeft,DebtReductionInc,0.0,0.0,Debt Settlement1 Master,IL,20001-30000,yahoo,search.yahoo.com,Federal Debt,,federal help for debt,http://www.debtreductioninc.com/index8.html,debt,302252,1DC,white,1,1
2009-09-06 06:19:00.000,bad,w-302252-DebtReduction1-1DC-CreditSolutions,TopLeft,DebtReductionInc,5.0,5.0,creditsolutions-branded-shortform,CA,More_than_100000,google,search.incredimail.com,Credit Card Reduction,Credit card reducing,credit cards reduction,http://www.debtreductioninc.com/index12.html,credit_general,302252,1DC,CreditSolutions,0,0
2009-05-08 21:47:23.707,unknown,w-302252-DebtReduction1-1DC-white,TopLeft,DebtReductionInc,0.0,0.0,Debt Settlement1 Master,MO,More_than_100000,google,www.ask.com,Credit Card Reduction,Credit card reducing,loweringcreditcardpayments,http://www.debtreductioninc.com/index8.html,credit_general,302252,1DC,white,1,1
2009-08-20 06:00:47.000,bad,w-302252-DebtReduction1-1DC-yellowarrow-dark,TopLeft,DebtReductionInc,5.0,5.0,Debt Settlement1 Master,TX,15001-20000,google,www.google.com,Holding Tank - Debt,National debt initiative,national debt initiative program,http://www.debtreductioninc.com/index8.html,debt,302252,1DC,yellowarrow-dark,0,0
2009-04-13 22:02:33.253,unknown,w-300250-DebtReduction1-1DC-Head3,TopLeft,DebtReductionInc,0.0,0.0,Debt Settlement1 Master,TX,20001-30000,google,homebuying.about.com,Debt Negotiation,Negotiating letter,,http://www.debtreductioninc.com/index8.html,debt,300250,1DC,Head3,1,1
2009-08-15 11:32:34.367,unknown,w-302252-DebtReduction1-1DC-CreditSolutions,TopLeft,DebtReductionInc,5.0,5.0,creditsolutions-branded-shortform,NV,50001-70000,google,ezinearticles.com,Credit Card Debt - high volume,,,http://www.debtreductioninc.com/index8.html,credit_general,302252,1DC,CreditSolutions,0,0
2009-06-10 06:57:38.220,unknown,w-302252-DebtReduction1-1DC,TopLeft,DebtReductionInc,0.0,0.0,Debt Settlement1 Master,TX,7500-15000,yahoo,search.yahoo.com,General Debt,,Consumer Debit Initiative,http://www.debtreductioninc.com/index8.html,debt,302252,1DC,default,1,1
2009-08-20 23:22:58.617,unknown,w-302252-DebtReduction1-1DC-CreditSolutions,TopLeft,DebtReductionInc,5.0,3.0,creditsolutions-branded-shortform,TX,20001-30000,yahoo,search.yahoo.com,Debt Consolidation,,non profit debt consolidation,http://www.debtreductioninc.com/index8.html,consolidation,302252,1DC,CreditSolutions,0,0
2009-05-01 19:17:17.523,unknown,w-300250-DebtReduction1-1DC,TopLeft,DebtReductionInc,0.0,0.0,Debt Settlement1 Master,IN,7500-15000,google,www.google.com,Student Debt,Student loan default,student loan default help,http://www.debtreductioninc.com/index8.html,student_debt,300250,1DC,default,1,1
2009-06-25 08:07:22.000,bad,w-302252-DebtReduction1-1DC-yellowarrow-blue,TopLeft,DebtReductionInc,0.0,0.0,Debt Settlement1 Master,IL,7500-15000,google,usmilitary.about.com,Student Debt,,,http://www.debtreductioninc.com/index8.html,student_debt,302252,1DC,yellowarrow-blue,1,1
2009-08-12 15:05:10.927,unknown,w-302252-DebtReduction1-1DC-white,TopLeft,DebtReductionInc,5.0,5.0,Debt Settlement1 Master,IL,30001-50000,yahoo,search.yahoo.com,Debt Consolidation,,government help for dedt,http://www.debtreductioninc.com/index8.html,consolidation,302252,1DC,white,0,0
2009-06-01 23:44:45.607,unknown,w-302252-DebtReduction1-1DC-CreditSolutions,TopLeft,DebtReductionInc,0.0,0.0,creditsolutions-branded-shortform,CA,20001-30000,yahoo,www.findstuff.com,Debt Consolidation,,,http://www.debtreductioninc.com/index8.html,consolidation,302252,1DC,CreditSolutions,1,1
2009-04-28 00:00:00.000,closed,w-300250-DebtReduction1-1DC-BlueMeter,TopLeft,DebtReductionInc,0.0,0.0,Debt Settlement1 Master,TX,7500-15000,google,unknown,Holding Tank - Debt,Consumer debt initiative,,http://www.debtreductioninc.com/index8.html,debt,300250,1DC,BlueMeter,1,1
2009-07-31 20:38:51.720,unknown,w-302252-DebtReduction1-1DC-CreditSolutions,TopLeft,DebtReductionInc,5.0,3.0,creditsolutions-branded-shortform,CA,7500-15000,google,www.finweb.com,Credit Card Debt - high volume,,,http://www.debtreductioninc.com/index8.html,credit_general,302252,1DC,CreditSolutions,0,0
2009-04-29 21:07:26.567,unknown,w-300250-DebtReduction1-1DC,TopLeft,DebtReductionInc,0.0,0.0,Debt Settlement1 Master,CA,15001-20000,yahoo,search.yahoo.com,Student Debt,,defaulted student loans,http://www.debtreductioninc.com/index8.html,student_debt,300250,1DC,default,1,1
2009-07-14 00:00:00.000,closed,w-302252-DebtReduction1-1DC-yellowarrow-blue,TopLeft,DebtReductionInc,5.0,2.0,Debt Settlement1 Master,MI,20001-30000,google,search.mywebsearch.com,Holding Tank - Debt,Legally eliminate debt,,http://www.debtreductioninc.com/index8.html,debt,302252,1DC,yellowarrow-blue,0,0
2009-09-29 11:29:31.360,unknown,w-302252-DebtReduction1-1DC-yellowarrow-dark,TopLeft,DebtReductionInc,5.0,5.0,Debt Settlement1 Master,CA,7500-15000,google,www.google.com,Lower_Payments,Credit card payments,www.chase.com creditcards payment,http://www.debtreductioninc.com/index8.html,lower_payment,302252,1DC,yellowarrow-dark,0,0
2009-08-20 19:16:59.983,unknown,w-302252-DebtReduction1-1DC-CreditSolutions,TopLeft,DebtReductionInc,5.0,3.0,creditsolutions-branded-shortform,MI,7500-15000,google,search.conduit.com,Holding Tank - Debt,Debtfree com,debtfree.com,http://www.debtreductioninc.com/index8.html,debt,302252,1DC,CreditSolutions,0,0
2009-07-03 01:31:01.557,unknown,w-302252-DebtReduction1-1DC-yellowarrow-blue,TopLeft,DebtReductionInc,0.0,3.0,Debt Settlement1 Master,MI,30001-50000,yahoo,search.yahoo.com,Credit Card Debt,,condensing credit card debt,http://www.debtreductioninc.com/index8.html,credit_general,302252,1DC,yellowarrow-blue,1,0
2009-08-06 10:23:20.993,unknown,w-302252-DebtReduction1-1DC-yellowarrow-blue,TopLeft,DebtReductionInc,5.0,5.0,Debt Settlement1 Master,MI,7500-15000,google,search.hp.my.aol.com,How,How to lower credit interest,How to get credit cards to lower interest rate,http://www.debtreductioninc.com/index12.html,other,302252,1DC,yellowarrow-blue,0,0
2009-06-02 19:01:39.700,unknown,w-302252-DebtReduction1-1DC-white,TopLeft,DebtReductionInc,0.0,0.0,Debt Settlement1 Master,CA,7500-15000,google,www.webcrawler.com,Lower Payments,Credit card payments,,http://www.debtreductioninc.com/index8.html,lower_payment,302252,1DC,white,1,1
2009-09-28 00:00:00.000,good,w-302252-DebtReduction1-1DC-CreditSolutions,TopLeft,DebtReductionInc,2.0,5.0,creditsolutions-branded-shortform,CA,7500-15000,yahoo,search.yahoo.com,Credit Card Consolidation,,debt cosolidation,http://www.debtreductioninc.com/index8.html,credit_general,302252,1DC,CreditSolutions,0,0
2009-05-31 23:33:53.980,unknown,w-302252-DebtReduction1-1DC-white,TopLeft,DebtReductionInc,0.0,0.0,Debt Settlement1 Master,CA,50001-70000,yahoo,www.kwinzy.com,General Debt,,,http://www.debtreductioninc.com/index8.html,debt,302252,1DC,white,1,1
2009-05-04 15:38:46.703,unknown,w-300250-DebtReduction1-1DC,TopLeft,DebtReductionInc,0.0,0.0,Debt Settlement1 Master,IL,50001-70000,yahoo,www.findstuff.com,Debt Consolidation,,,http://www.debtreductioninc.com/index8.html,consolidation,300250,1DC,default,1,1
2009-06-30 00:00:00.000,closed,w-302252-DebtReduction1-1DC-CreditSolutions,TopLeft,DebtReductionInc,0.0,5.0,creditsolutions-branded-shortform,CA,7500-15000,yahoo,unknown,Debt Consolidation,,,http://www.debtreductioninc.com/index8.html,consolidation,302252,1DC,CreditSolutions,1,0
2009-08-28 00:00:00.000,good,w-302252-DebtReduction1-1DC-yellowarrow-blue,TopLeft,DebtReductionInc,5.0,2.0,Debt Settlement1 Master,TX,50001-70000,adknowledge,us.mc830.mail.yahoo.com,Consolidate,,,http://www.debtreductioninc.com/index8.html,consolidation,302252,1DC,yellowarrow-blue,0,0
2009-04-29 22:18:19.693,unknown,w-300250-DebtReduction1-1DC-Head2,TopLeft,DebtReductionInc,0.0,0.0,Debt Settlement1 Master,CA,20001-30000,yahoo,search.yahoo.com,General Debt,,finance debt relief,http://www.debtreductioninc.com/index8.html,debt,300250,1DC,Head2,1,1
2009-04-07 00:00:00.000,good,w-300250-DebtReduction1-2DC-BlueMeter,TopLeft,DebtReductionInc,0.0,0.0,Debt Settlement1 Master,MI,7500-15000,adknowledge,infostraightaway.com,Consolidate,,,http://www.debtreductioninc.com/index8.html,consolidation,300250,2DC,BlueMeter,1,1
2009-04-06 11:37:01.780,unknown,w-300250-DebtReduction1-1DC-Head3,TopLeft,DebtReductionInc,0.0,0.0,Debt Settlement1 Master,CA,7500-15000,yahoo,www.creditrelief.com,Credit Card Debt,,,http://www.debtreductioninc.com/index8.html,credit_general,300250,1DC,Head3,1,1
2009-04-21 03:03:31.377,unknown,w-300250-DebtReduction1-1DC-Head3,TopLeft,DebtReductionInc,0.0,0.0,Debt Settlement1 Master,CA,30001-50000,yahoo,search.yahoo.com,General Debt,,debt cancellation insurance,http://www.debtreductioninc.com/index8.html,debt,300250,1DC,Head3,1,1
2009-08-17 20:56:19.040,unknown,w-302252-DebtReduction1-1DC-CreditSolutions,TopLeft,DebtReductionInc,5.0,4.0,creditsolutions-branded-shortform,CA,15001-20000,google,www.google.com,Debt,Debt,800-211-debt,http://www.debtreductioninc.com/index8.html,debt,302252,1DC,CreditSolutions,0,0
2009-07-14 19:29:28.937,unknown,w-302252-DebtReduction1-1DC-yellowarrow-blue,TopLeft,DebtReductionInc,1.0,5.0,Debt Settlement1 Master,CA,30001-50000,yahoo,search.yahoo.com,Bankruptcy,,can I file single bankruptcy when married?,http://www.debtreductioninc.com/index8.html,bankrup,302252,1DC,yellowarrow-blue,0,0
2009-04-15 00:00:00.000,closed,w-300250-DebtReduction1-1DC,TopLeft,DebtReductionInc,0.0,0.0,Debt Settlement1 Master,CA,50001-70000,google,unknown,How,debt,,http://www.debtreductioninc.com/index8.html,other,300250,1DC,default,1,1
2009-04-21 20:59:54.000,bad,w-300250-DebtReduction1-1DC-CreditSolutions,TopLeft,DebtReductionInc,0.0,0.0,creditsolutions-branded-shortform,TX,20001-30000,google,ezinearticles.com,Student Debt,,,http://www.debtreductioninc.com/index8.html,student_debt,300250,1DC,CreditSolutions,1,1
2009-06-02 22:25:38.247,unknown,w-302252-DebtReduction1-1DC-CreditSolutions,TopLeft,DebtReductionInc,0.0,0.0,creditsolutions-branded-shortform,TX,7500-15000,yahoo,search.yahoo.com,Bill Consolidation,,"Bills consolidation In Houston, Texas",http://www.debtreductioninc.com/index8.html,consolidation,302252,1DC,CreditSolutions,1,1
2009-07-10 14:55:52.000,bad,w-302252-DebtReduction1-1DC,TopLeft,DebtReductionInc,0.0,5.0,Debt Settlement1 Master,TX,7500-15000,google,unknown,How,How do i out of credit cards,,http://www.debtreductioninc.com/index11.html,other,302252,1DC,default,1,0
2009-05-17 17:28:15.963,unknown,w-302252-DebtReduction1-1DC-CreditSolutions,TopLeft,DebtReductionInc,0.0,0.0,creditsolutions-branded-shortform,TX,20001-30000,yahoo,www.dotellall.com,Lower Payments,,,http://www.debtreductioninc.com/index8.html,lower_payment,302252,1DC,CreditSolutions,1,1
2009-05-17 00:00:00.000,good,w-302252-DebtReduction1-1DC-CreditSolutions,TopLeft,DebtReductionInc,0.0,0.0,creditsolutions-branded-shortform,CA,50001-70000,yahoo,search.yahoo.com,General Debt,,www.debt free.com,http://www.debtreductioninc.com/index8.html,debt,302252,1DC,CreditSolutions,1,1
2009-08-12 20:18:11.000,bad,w-302252-DebtReduction1-1DC-white,TopLeft,DebtReductionInc,5.0,2.0,Debt Settlement1 Master,IL,90000-100000,yahoo,search.yahoo.com,About Debt Consolidation,,debt consolidation in lake county illinois,http://www.debtreductioninc.com/index8.html,consolidation,302252,1DC,white,0,0
2009-08-04 21:38:28.423,unknown,w-302252-DebtReduction1-1DC-yellowarrow-dark,TopLeft,DebtReductionInc,5.0,5.0,Debt Settlement1 Master,IL,7500-15000,google,googleads.g.doubleclick.net,Credit Card Debt - high volume,,,http://www.debtreductioninc.com/index8.html,credit_general,302252,1DC,yellowarrow-dark,0,0
2009-07-06 18:24:39.767,unknown,w-302252-DebtReduction1-1DC-white,TopLeft,DebtReductionInc,0.0,3.0,Debt Settlement1 Master,IL,30001-50000,google,googleads.g.doubleclick.net,Student Debt,,,http://www.debtreductioninc.com/index8.html,student_debt,302252,1DC,white,1,0
2009-06-05 14:45:36.000,bad,w-302252-DebtReduction1-1DC-white,TopLeft,DebtReductionInc,0.0,0.0,Debt Settlement1 Master,TX,7500-15000,yahoo,search.yahoo.com,Credit Card Debt,,how to get rid credit card debt,http://www.debtreductioninc.com/index8.html,credit_general,302252,1DC,white,1,1
2009-04-22 01:27:53.000,bad,w-300250-DebtReduction1-2DC-CreditSolutions,TopLeft,DebtReductionInc,0.0,0.0,creditsolutions-branded-shortform,CA,20001-30000,yahoo,unknown,General Debt,,,http://www.debtreductioninc.com/index8.html,debt,300250,2DC,CreditSolutions,1,1
2009-06-18 20:18:30.843,unknown,w-302252-DebtReduction1-1DC-yellowarrow-blue,TopLeft,DebtReductionInc,0.0,0.0,Debt Settlement1 Master,CA,20001-30000,yahoo,search.yahoo.com,Credit Card Debt,,legal credit card debt elimination,http://www.debtreductioninc.com/index8.html,credit_general,302252,1DC,yellowarrow-blue,1,1
2009-07-20 03:11:06.317,unknown,w-302252-DebtReduction1-1DC,TopLeft,DebtReductionInc,5.0,5.0,Debt Settlement1 Master,CA,7500-15000,yahoo,pages.us.com,Debt Reduction,,,http://www.debtreductioninc.com/index8.html,debt,302252,1DC,default,0,0
2009-05-21 20:56:17.527,unknown,w-302252-DebtReduction1-1DC-white,TopLeft,DebtReductionInc,0.0,0.0,Debt Settlement1 Master,CA,7500-15000,yahoo,search.yahoo.com,Stop Collections,,fair debt collection,http://www.debtreductioninc.com/index8.html,collection,302252,1DC,white,1,1
2009-09-04 00:07:14.757,unknown,w-302252-DebtReduction1-1DC-CreditSolutions,TopLeft,DebtReductionInc,1.0,5.0,creditsolutions-branded-shortform,CA,15001-20000,yahoo,www.foundry42.com,Credit Card Consolidation,,,http://www.debtreductioninc.com/index8.html,credit_general,302252,1DC,CreditSolutions,0,0
2009-09-12 00:00:00.000,good,w-302252-DebtReduction1-1DC-CreditSolutions,TopLeft,DebtReductionInc,3.0,3.0,creditsolutions-branded-shortform,LA,15001-20000,yahoo,www.findstuff.com,Debt Consolidation,,,http://www.debtreductioninc.com/index8.html,consolidation,302252,1DC,CreditSolutions,0,0
2009-06-29 12:41:21.000,bad,w-302252-DebtReduction1-1DC-CreditSolutions,TopLeft,DebtReductionInc,0.0,2.0,creditsolutions-branded-shortform,LA,7500-15000,yahoo,unknown,General Debt,,,http://www.debtreductioninc.com/index8.html,debt,302252,1DC,CreditSolutions,1,0
2009-06-15 19:49:02.000,bad,w-302252-DebtReduction1-1DC-CreditSolutions,TopLeft,DebtReductionInc,0.0,0.0,creditsolutions-branded-shortform,MA,30001-50000,yahoo,consalodate.com,Debt Consolidation - high volume,,,http://www.debtreductioninc.com/index8.html,consolidation,302252,1DC,CreditSolutions,1,1
2009-04-30 23:02:24.947,unknown,w-300250-DebtReduction1-2DC-CreditSolutions,TopLeft,DebtReductionInc,0.0,0.0,creditsolutions-branded-shortform,MA,30001-50000,google,search.aol.com,Holding Tank - Debt,Msnbc debt,,http://www.debtreductioninc.com/index8.html,debt,300250,2DC,CreditSolutions,1,1
2009-05-12 16:28:38.633,unknown,w-302252-DebtReduction1-1DC,TopLeft,DebtReductionInc,0.0,0.0,Debt Settlement1 Master,MA,30001-50000,google,www.google.com,How,How to lower credit interest,how to lower interest rates on credit cards,http://www.debtreductioninc.com/index8.html,other,302252,1DC,default,1,1
2009-05-15 15:40:21.393,unknown,w-302252-DebtReduction1-1DC-CreditSolutions,TopLeft,DebtReductionInc,0.0,0.0,creditsolutions-branded-shortform,CO,30001-50000,google,www.google.com,Loan Default,Loan default help,default student loan assistance,http://www.debtreductioninc.com/index8.html,loan,302252,1DC,CreditSolutions,1,1
2009-06-08 23:18:47.783,unknown,w-302252-DebtReduction1-1DC-CreditSolutions,TopLeft,DebtReductionInc,0.0,0.0,creditsolutions-branded-shortform,CO,7500-15000,google,www.google.com,Holding Tank - Debt,Debt calculator,debt calculator,http://www.debtreductioninc.com/index8.html,debt,302252,1DC,CreditSolutions,1,1
2009-05-03 00:00:00.000,good,w-300250-DebtReduction1-2DC-CreditSolutions,TopLeft,DebtReductionInc,0.0,0.0,creditsolutions-branded-shortform,CO,50001-70000,google,search.comcast.net,Holding Tank - Debt,Debtrescueusa,www.debtrescueusa.com,http://www.debtreductioninc.com/index8.html,debt,300250,2DC,CreditSolutions,1,1
2009-04-26 17:21:46.927,unknown,w-300250-DebtReduction1-2DC-CreditSolutions,TopLeft,DebtReductionInc,0.0,0.0,creditsolutions-branded-shortform,CO,50001-70000,yahoo,unknown,Debt Solution,,,http://www.debtreductioninc.com/index8.html,debt,300250,2DC,CreditSolutions,1,1
2009-05-20 18:21:32.000,bad,w-302252-DebtReduction1-1DC-white,TopLeft,DebtReductionInc,0.0,0.0,Debt Settlement1 Master,CO,50001-70000,google,www.google.com,Holding Tank - Debt,Msnbc debt,msnbc debt stimulus package,http://www.debtreductioninc.com/index8.html,debt,302252,1DC,white,1,1
2009-06-29 20:01:19.000,bad,w-302252-DebtReduction1-1DC,TopLeft,DebtReductionInc,0.0,5.0,Debt Settlement1 Master,CO,7500-15000,google,googleads.g.doubleclick.net,Credit Card Debt - high volume,,,http://www.debtreductioninc.com/index8.html,credit_general,302252,1DC,default,1,0
2009-09-06 10:03:59.000,bad,w-302252-DebtReduction1-1DC-yellowarrow-blue,TopLeft,DebtReductionInc,5.0,5.0,Debt Settlement1 Master,CO,7500-15000,google,www.google.com,Holding Tank - Debt,Government grants for debt,government grants for debt,http://www.debtreductioninc.com/index8.html,debt,302252,1DC,yellowarrow-blue,0,0
2009-05-08 22:01:22.693,unknown,w-302252-DebtReduction1-1DC-CreditSolutions,TopLeft,DebtReductionInc,0.0,0.0,creditsolutions-branded-shortform,CO,7500-15000,yahoo,search.yahoo.com,Credit Card Reduction,,reducing credit card rates,http://www.debtreductioninc.com/index8.html,credit_general,302252,1DC,CreditSolutions,1,1
2009-07-21 10:44:56.657,unknown,w-302252-DebtReduction1-1DC-CreditSolutions,TopLeft,DebtReductionInc,5.0,5.0,creditsolutions-branded-shortform,CO,7500-15000,google,www.google.com,Student Debt,Defaulted student loans,defaulted student loans,http://www.debtreductioninc.com/index8.html,student_debt,302252,1DC,CreditSolutions,0,0
2009-05-25 00:13:52.123,unknown,w-302252-DebtReduction1-1DC-CreditSolutions,TopLeft,DebtReductionInc,0.0,0.0,creditsolutions-branded-shortform,FL,More_than_100000,google,unknown,Student Debt,,,http://www.debtreductioninc.com/index8.html,student_debt,302252,1DC,CreditSolutions,1,1
2009-05-06 18:22:33.793,unknown,w-300250-DebtReduction1-2DC-CreditSolutions,TopLeft,DebtReductionInc,0.0,0.0,creditsolutions-branded-shortform,FL,30001-50000,google,unknown,How,how can i reduce debt,,http://www.debtreductioninc.com/index8.html,other,300250,2DC,CreditSolutions,1,1
2009-08-29 18:19:49.810,unknown,w-302252-DebtReduction1-1DC-yellowarrow-dark,TopLeft,DebtReductionInc,5.0,4.0,Debt Settlement1 Master,TX,7500-15000,yahoo,search.yahoo.com,Credit Card Consolidation,,credit card debt,http://www.debtreductioninc.com/index8.html,credit_general,302252,1DC,yellowarrow-dark,0,0
2009-04-23 00:00:00.000,good,w-300250-DebtReduction1-2DC-CreditSolutions,TopLeft,DebtReductionInc,0.0,0.0,creditsolutions-branded-shortform,CA,20001-30000,google,search.mywebsearch.com,General Debt,Clear debt,,http://www.debtreductioninc.com/index8.html,debt,300250,2DC,CreditSolutions,1,1
2009-05-12 19:15:38.010,unknown,w-302252-DebtReduction1-1DC-white,TopLeft,DebtReductionInc,0.0,0.0,Debt Settlement1 Master,CA,7500-15000,google,searchportal.information.com,Student Debt,Student loan default,,http://www.debtreductioninc.com/index8.html,student_debt,302252,1DC,white,1,1
2009-06-07 18:17:57.880,unknown,w-302252-DebtReduction1-1DC-CreditSolutions,TopLeft,DebtReductionInc,0.0,0.0,creditsolutions-branded-shortform,CA,20001-30000,google,www.google.com,Lower Payments,Credit card payments,www.chase.com creditcards payment,http://www.debtreductioninc.com/index8.html,lower_payment,302252,1DC,CreditSolutions,1,1
2009-07-10 01:47:04.287,unknown,w-302252-DebtReduction1-1DC-CreditSolutions,TopLeft,DebtReductionInc,0.0,5.0,creditsolutions-branded-shortform,CA,More_than_100000,google,googleads.g.doubleclick.net,Student Debt,,,http://www.debtreductioninc.com/index8.html,student_debt,302252,1DC,CreditSolutions,1,0
2009-08-13 21:41:03.650,unknown,w-302252-DebtReduction1-1DC-yellowarrow-blue,TopLeft,DebtReductionInc,4.0,4.0,Debt Settlement1 Master,CA,7500-15000,google,unknown,Lower Payments,,,http://www.debtreductioninc.com/index11.html,lower_payment,302252,1DC,yellowarrow-blue,0,0
2009-08-15 04:14:36.187,unknown,w-302252-DebtReduction1-1DC-CreditSolutions,TopLeft,DebtReductionInc,1.0,5.0,creditsolutions-branded-shortform,CA,7500-15000,adknowledge,us.mg2.mail.yahoo.com,Consolidate,,,http://www.debtreductioninc.com/index8.html,consolidation,302252,1DC,CreditSolutions,0,0
2009-04-25 15:22:53.540,unknown,w-300250-DebtReduction1-1DC-Head3,TopLeft,DebtReductionInc,0.0,0.0,Debt Settlement1 Master,CA,15001-20000,yahoo,directory.consumeronly.com,Credit Card Debt,,,http://www.debtreductioninc.com/index8.html,credit_general,300250,1DC,Head3,1,1
2009-05-16 02:13:28.770,unknown,w-302252-DebtReduction1-1DC-CreditSolutions,TopLeft,DebtReductionInc,0.0,0.0,creditsolutions-branded-shortform,CA,7500-15000,yahoo,www.findstuff.com,Debt Consolidation,,,http://www.debtreductioninc.com/index8.html,consolidation,302252,1DC,CreditSolutions,1,1
2009-05-30 17:17:04.980,unknown,w-302252-DebtReduction1-1DC-CreditSolutions,TopLeft,DebtReductionInc,0.0,0.0,creditsolutions-branded-shortform,CA,30001-50000,google,unknown,Credit Card Debt - high volume,,,http://www.debtreductioninc.com/index8.html,credit_general,302252,1DC,CreditSolutions,1,1
2009-05-10 00:00:00.000,good,w-302252-DebtReduction1-1DC-CreditSolutions,TopLeft,DebtReductionInc,0.0,0.0,creditsolutions-branded-shortform,CA,7500-15000,yahoo,ww23.rr.com,Debt Consolidation,,,http://www.debtreductioninc.com/index8.html,consolidation,302252,1DC,CreditSolutions,1,1
2009-06-27 23:15:50.247,unknown,w-302252-DebtReduction1-1DC-yellowarrow-blue,TopLeft,DebtReductionInc,0.0,2.0,Debt Settlement1 Master,CA,20001-30000,yahoo,www.emergencydebtrelief.com,General Debt,,,http://www.debtreductioninc.com/index8.html,debt,302252,1DC,yellowarrow-blue,1,0
2009-07-28 18:47:38.000,bad,w-302252-DebtReduction1-1DC-yellowarrow-blue,TopLeft,DebtReductionInc,5.0,2.0,Debt Settlement1 Master,MO,30001-50000,google,unknown,Loan Default,Loan default help,,http://www.debtreductioninc.com/index8.html,loan,302252,1DC,yellowarrow-blue,0,0
2009-09-10 21:45:33.000,bad,w-302252-DebtReduction1-1DC-CreditSolutions,TopLeft,DebtReductionInc,5.0,5.0,creditsolutions-branded-shortform,MO,15001-20000,adknowledge,us.mg2.mail.yahoo.com,Consolidate,,,http://www.debtreductioninc.com/index8.html,consolidation,302252,1DC,CreditSolutions,0,0
2009-04-07 00:00:00.000,closed,w-300250-DebtReduction1-1DC,TopLeft,DebtReductionInc,0.0,0.0,Debt Settlement1 Master,FL,70001-90000,google,ezinearticles.com,Credit Card Debt - high volume,,,http://www.debtreductioninc.com/index8.html,credit_general,300250,1DC,default,1,1
2009-09-17 20:27:46.693,unknown,w-302252-DebtReduction1-1DC-yellowarrow-dark,TopLeft,DebtReductionInc,5.0,5.0,Debt Settlement1 Master,WA,30001-50000,yahoo,search.yahoo.com,Debt Services,,debt relief,http://www.debtreductioninc.com/index8.html,debt,302252,1DC,yellowarrow-dark,0,0
2009-07-30 16:32:00.600,unknown,w-302252-DebtReduction1-1DC-white,TopLeft,DebtReductionInc,2.0,5.0,Debt Settlement1 Master,OR,70001-90000,yahoo,search.yahoo.com,Debt Reduction,,best rated debt reduction company;s,http://www.debtreductioninc.com/index8.html,debt,302252,1DC,white,0,0
2009-07-21 17:39:55.463,unknown,w-302252-DebtReduction1-1DC,TopLeft,DebtReductionInc,5.0,5.0,Debt Settlement1 Master,CA,50001-70000,google,www.google.com,Holding Tank - Debt,Fair debt act,fair debt act,http://www.debtreductioninc.com/index8.html,debt,302252,1DC,default,0,0
2009-09-18 14:33:48.000,bad,w-302252-DebtReduction1-1DC-yellowarrow-dark,TopLeft,DebtReductionInc,3.0,4.0,Debt Settlement1 Master,OR,20001-30000,yahoo,www.moneypowercenter.com,Student Debt - high volume,,,http://www.debtreductioninc.com/index8.html,student_debt,302252,1DC,yellowarrow-dark,0,0
2009-09-10 17:29:30.423,unknown,w-302252-DebtReduction1-1DC-white,TopLeft,DebtReductionInc,4.0,3.0,Debt Settlement1 Master,HI,7500-15000,google,unknown,Debt Credit Services,Credit services,,http://www.debtreductioninc.com/index11.html,credit_general,302252,1DC,white,0,0
2009-04-25 12:59:06.107,unknown,w-300250-DebtReduction1-1DC-BlueMeter,TopLeft,DebtReductionInc,0.0,0.0,Debt Settlement1 Master,VA,50001-70000,yahoo,search.yahoo.com,Chapter 7 Bankruptcy,,what is chapter 7 bankruptcy,http://www.debtreductioninc.com/index8.html,bankrup,300250,1DC,BlueMeter,1,1
2009-09-27 19:05:42.340,unknown,w-302252-DebtReduction1-1DC-yellowarrow-blue,TopLeft,DebtReductionInc,5.0,5.0,Debt Settlement1 Master,PA,15001-20000,yahoo,search.yahoo.com,Credit Card Consolidation,,debt consolidation,http://www.debtreductioninc.com/index8.html,credit_general,302252,1DC,yellowarrow-blue,0,0
2009-04-03 14:29:29.900,unknown,w-300250-DebtReduction1-2DC-BlueMeter,TopLeft,DebtReductionInc,0.0,0.0,Debt Settlement1 Master,NV,50001-70000,adknowledge,us.mg2.mail.yahoo.com,Consolidate,,,http://www.debtreductioninc.com/index8.html,consolidation,300250,2DC,BlueMeter,1,1
2009-04-27 20:27:40.567,unknown,w-300250-DebtReduction1-1DC-CreditSolutions,TopLeft,DebtReductionInc,0.0,0.0,creditsolutions-branded-shortform,VA,15001-20000,yahoo,search.yahoo.com,Chapter 7 Bankruptcy,,chapter 7 bankruptcy laws,http://www.debtreductioninc.com/index8.html,bankrup,300250,1DC,CreditSolutions,1,1
2009-04-30 08:42:29.437,unknown,w-300250-DebtReduction1-1DC-BlueMeter,TopLeft,DebtReductionInc,0.0,0.0,Debt Settlement1 Master,TX,50001-70000,yahoo,search.yahoo.com,Chapter 7,,how to file chapter 7 texas,http://www.debtreductioninc.com/index8.html,bankrup,300250,1DC,BlueMeter,1,1
2009-05-13 13:53:31.200,unknown,w-302252-DebtReduction1-1DC,TopLeft,DebtReductionInc,0.0,0.0,Debt Settlement1 Master,MD,7500-15000,yahoo,www.findstuff.com,Debt Consolidation,,,http://www.debtreductioninc.com/index8.html,consolidation,302252,1DC,default,1,1
2009-06-17 15:50:36.687,unknown,w-302252-DebtReduction1-1DC-CreditSolutions,TopLeft,DebtReductionInc,0.0,0.0,creditsolutions-branded-shortform,MD,50001-70000,yahoo,www.myfoxdc.com,Student Debt,,,http://www.debtreductioninc.com/index8.html,student_debt,302252,1DC,CreditSolutions,1,1
2009-05-11 00:00:00.000,good,w-302252-DebtReduction1-1DC-CreditSolutions,TopLeft,DebtReductionInc,0.0,0.0,creditsolutions-branded-shortform,FL,50001-70000,yahoo,search.yahoo.com,Debt Consolidation,,debt agency,http://www.debtreductioninc.com/index8.html,consolidation,302252,1DC,CreditSolutions,1,1
2009-06-28 17:57:44.057,unknown,w-302252-DebtReduction1-1DC,TopLeft,DebtReductionInc,0.0,3.0,Debt Settlement1 Master,FL,7500-15000,google,www.google.com,Holding Tank - Debt,Debt group,debt group,http://www.debtreductioninc.com/index8.html,debt,302252,1DC,default,1,0
2009-07-27 23:52:15.577,unknown,w-302252-DebtReduction1-1DC-yellowarrow-blue,TopLeft,DebtReductionInc,5.0,5.0,Debt Settlement1 Master,CA,50001-70000,yahoo,www.info.com,General Debt,,,http://www.debtreductioninc.com/index8.html,debt,302252,1DC,yellowarrow-blue,0,0
2009-08-29 22:43:47.937,unknown,w-302252-DebtReduction1-1DC-white,TopLeft,DebtReductionInc,5.0,5.0,Debt Settlement1 Master,CA,7500-15000,google,unknown,Lower Payments,,,http://www.debtreductioninc.com/index12.html,lower_payment,302252,1DC,white,0,0
2009-08-09 22:45:20.103,unknown,w-302252-DebtReduction1-1DC-white,TopLeft,DebtReductionInc,5.0,3.0,Debt Settlement1 Master,CA,7500-15000,google,www.google.com,How,How to fix credit,how to earn credit,http://www.debtreductioninc.com/index12.html,other,302252,1DC,white,0,0
2009-08-09 08:26:17.777,unknown,w-302252-DebtReduction1-1DC-CreditSolutions,TopLeft,DebtReductionInc,5.0,5.0,creditsolutions-branded-shortform,WA,50001-70000,google,ezinearticles.com,Debt Consolidation,College debt consolidation,,http://www.debtreductioninc.com/index8.html,consolidation,302252,1DC,CreditSolutions,0,0
2009-04-07 17:53:49.000,bad,w-300250-DebtReduction1-1DC-Head3,TopLeft,DebtReductionInc,0.0,0.0,Debt Settlement1 Master,OR,70001-90000,google,en.allexperts.com,How,debt,,http://www.debtreductioninc.com/index8.html,other,300250,1DC,Head3,1,1
2009-06-05 20:28:24.000,bad,w-302252-DebtReduction1-1DC-CreditSolutions,TopLeft,DebtReductionInc,0.0,0.0,creditsolutions-branded-shortform,CA,30001-50000,yahoo,search.yahoo.com,Debt Consolidation,,how to lower secured debt,http://www.debtreductioninc.com/index8.html,consolidation,302252,1DC,CreditSolutions,1,1
2009-05-16 23:01:22.657,unknown,w-302252-DebtReduction1-1DC,TopLeft,DebtReductionInc,0.0,0.0,Debt Settlement1 Master,FL,15001-20000,google,www.google.com,Get Out Of Debt,Get out of debt,get out of debt before marriage,http://www.debtreductioninc.com/index8.html,debt,302252,1DC,default,1,1
2009-05-26 18:57:38.327,unknown,w-302252-DebtReduction1-1DC,TopLeft,DebtReductionInc,0.0,0.0,Debt Settlement1 Master,VA,20001-30000,yahoo,search.yahoo.com,Debt Consolidation,,SECUREDEBTCONSOLIDATION,http://www.debtreductioninc.com/index8.html,consolidation,302252,1DC,default,1,1
2009-04-29 15:36:26.750,unknown,w-300250-DebtReduction1-1DC-Head3,TopLeft,DebtReductionInc,0.0,0.0,Debt Settlement1 Master,LA,More_than_100000,google,ezinearticles.com,Student Debt,,,http://www.debtreductioninc.com/index8.html,student_debt,300250,1DC,Head3,1,1
2009-04-09 09:06:32.910,unknown,w-300250-DebtReduction1-1DC-BlueMeter,TopLeft,DebtReductionInc,0.0,0.0,Debt Settlement1 Master,LA,15001-20000,yahoo,my.att.net,Credit Card Debt - high volume,,,http://www.debtreductioninc.com/index8.html,credit_general,300250,1DC,BlueMeter,1,1
2009-05-07 21:33:28.490,unknown,w-302252-DebtReduction1-1DC-white,TopLeft,DebtReductionInc,0.0,0.0,Debt Settlement1 Master,AR,30001-50000,google,googleads.g.doubleclick.net,Credit Card Debt - high volume,,,http://www.debtreductioninc.com/index8.html,credit_general,302252,1DC,white,1,1
2009-04-17 12:46:02.470,unknown,w-300250-DebtReduction1-1DC-Head3,TopLeft,DebtReductionInc,0.0,0.0,Debt Settlement1 Master,FL,7500-15000,yahoo,www.feasiblefinance.com,Debt Credit Services,,,http://www.debtreductioninc.com/index8.html,credit_general,300250,1DC,Head3,1,1
2009-04-09 15:06:33.000,bad,w-300250-DebtReduction1-1DC-BlueMeter,TopLeft,DebtReductionInc,0.0,0.0,Debt Settlement1 Master,FL,30001-50000,google,ezinearticles.com,Student Debt,,,http://www.debtreductioninc.com/index8.html,student_debt,300250,1DC,BlueMeter,1,1
2009-06-01 12:55:49.287,unknown,w-302252-DebtReduction1-1DC-CreditSolutions,TopLeft,DebtReductionInc,0.0,0.0,creditsolutions-branded-shortform,FL,30001-50000,yahoo,answers.yahoo.com,Debt Consolidation,,goverment credit card consolidation,http://www.debtreductioninc.com/index8.html,consolidation,302252,1DC,CreditSolutions,1,1
2009-07-05 22:46:43.217,unknown,w-302252-DebtReduction1-1DC-yellowarrow-blue,TopLeft,DebtReductionInc,0.0,4.0,Debt Settlement1 Master,FL,90000-100000,yahoo,unknown,General Debt,,,http://www.debtreductioninc.com/index8.html,debt,302252,1DC,yellowarrow-blue,1,0
2009-07-30 15:51:00.470,unknown,w-302252-DebtReduction1-1DC-yellowarrow-dark,TopLeft,DebtReductionInc,1.0,3.0,Debt Settlement1 Master,FL,7500-15000,google,search.magentic.com,Lower Payments,Credit card payments,www.chase.com/creditcards payment,http://www.debtreductioninc.com/index8.html,lower_payment,302252,1DC,yellowarrow-dark,0,0
2009-06-24 07:38:37.807,unknown,w-302252-DebtReduction1-1DC-yellowarrow-blue,TopLeft,DebtReductionInc,0.0,0.0,Debt Settlement1 Master,FL,15001-20000,google,www.google.com,Student Debt,Student loan default,student loan default companies,http://www.debtreductioninc.com/index8.html,student_debt,302252,1DC,yellowarrow-blue,1,1
2009-06-12 15:37:20.000,bad,w-302252-DebtReduction1-1DC-white,TopLeft,DebtReductionInc,0.0,0.0,Debt Settlement1 Master,FL,7500-15000,google,wwww.householdbankplatinum.com,Lower Payments,Credit card payments,,http://www.debtreductioninc.com/index8.html,lower_payment,302252,1DC,white,1,1
2009-04-11 22:54:50.523,unknown,w-300250-DebtReduction1-2DC-CreditSolutions,TopLeft,DebtReductionInc,0.0,0.0,creditsolutions-branded-shortform,MI,7500-15000,yahoo,search.yahoo.com,General Debt,,government help to pay off debt,http://www.debtreductioninc.com/index8.html,debt,300250,2DC,CreditSolutions,1,1
2009-06-10 23:50:29.000,bad,w-302252-DebtReduction1-1DC-white,TopLeft,DebtReductionInc,0.0,0.0,Debt Settlement1 Master,MI,7500-15000,google,www.google.com,Loan Default,Loan default help,car loan delinquency help,http://www.debtreductioninc.com/index8.html,loan,302252,1DC,white,1,1
2009-08-02 10:48:41.787,unknown,w-302252-DebtReduction1-1DC-CreditSolutions,TopLeft,DebtReductionInc,5.0,3.0,creditsolutions-branded-shortform,MI,20001-30000,google,beginnersinvest.about.com,Credit Card Debt - high volume,,,http://www.debtreductioninc.com/index8.html,credit_general,302252,1DC,CreditSolutions,0,0
2009-06-01 01:26:53.370,unknown,w-302252-DebtReduction1-1DC-white,TopLeft,DebtReductionInc,0.0,0.0,Debt Settlement1 Master,MI,7500-15000,yahoo,www.debt-information.info,General Debt - high volume,,,http://www.debtreductioninc.com/index8.html,debt,302252,1DC,white,1,1
2009-06-19 18:56:11.147,unknown,w-302252-DebtReduction1-1DC-CreditSolutions,TopLeft,DebtReductionInc,0.0,0.0,creditsolutions-branded-shortform,MI,15001-20000,yahoo,unknown,Debt Credit Services (HV),,,http://www.debtreductioninc.com/index8.html,credit_general,302252,1DC,CreditSolutions,1,1
2009-07-24 22:54:59.000,bad,w-302252-DebtReduction1-1DC-CreditSolutions,TopLeft,DebtReductionInc,5.0,5.0,creditsolutions-branded-shortform,NM,More_than_100000,google,googleads.g.doubleclick.net,Student Debt,,,http://www.debtreductioninc.com/index12.html,student_debt,302252,1DC,CreditSolutions,0,0
2009-08-18 01:01:19.340,unknown,w-302252-DebtReduction1-1DC-white,TopLeft,DebtReductionInc,5.0,3.0,Debt Settlement1 Master,OR,15001-20000,yahoo,search.yahoo.com,About Debt Consolidation,,debt consolidation in salem or,http://www.debtreductioninc.com/index8.html,consolidation,302252,1DC,white,0,0
2009-09-08 00:01:48.210,unknown,w-302252-DebtReduction1-1DC-CreditSolutions,TopLeft,DebtReductionInc,5.0,5.0,creditsolutions-branded-shortform,OR,90000-100000,google,www.google.com,Holding Tank - Debt,Consumer debt attorneys,consumer debt attorneys,http://www.debtreductioninc.com/index8.html,debt,302252,1DC,CreditSolutions,0,0
2009-04-03 06:39:32.490,unknown,w-300250-DebtReduction1-1DC-BlueMeter,TopLeft,DebtReductionInc,0.0,0.0,Debt Settlement1 Master,PA,7500-15000,adknowledge,bl102w.blu102.mail.live.com,Consolidate,,,http://www.debtreductioninc.com/index8.html,consolidation,300250,1DC,BlueMeter,1,1
2009-09-14 12:25:12.000,bad,w-302252-DebtReduction1-1DC-white,TopLeft,DebtReductionInc,1.0,5.0,Debt Settlement1 Master,PA,7500-15000,google,www.ndparking.com,Lower Payments,Credit card payments,,http://www.debtreductioninc.com/index8.html,lower_payment,302252,1DC,white,0,0
2009-09-02 00:00:00.000,good,w-302252-DebtReduction1-1DC-CreditSolutions,TopLeft,DebtReductionInc,5.0,5.0,creditsolutions-branded-shortform,PA,50001-70000,adknowledge,sz0150.wc.mail.comcast.net,Consolidate,,,http://www.debtreductioninc.com/index8.html,consolidation,302252,1DC,CreditSolutions,0,0
2009-06-15 19:19:03.000,bad,w-302252-DebtReduction1-1DC-white,TopLeft,DebtReductionInc,0.0,0.0,Debt Settlement1 Master,MA,30001-50000,google,www.google.com,Loan Default,Loan default help,help with defaulted private student loans,http://www.debtreductioninc.com/index8.html,loan,302252,1DC,white,1,1
2009-08-21 08:10:56.420,unknown,w-302252-DebtReduction1-1DC-CreditSolutions,TopLeft,DebtReductionInc,5.0,3.0,creditsolutions-branded-shortform,WV,7500-15000,google,googleads.g.doubleclick.net,Credit Card Debt - high volume,,,http://www.debtreductioninc.com/index8.html,credit_general,302252,1DC,CreditSolutions,0,0
2009-08-12 23:20:07.750,unknown,w-302252-DebtReduction1-1DC-CreditSolutions,TopLeft,DebtReductionInc,5.0,2.0,creditsolutions-branded-shortform,PA,30001-50000,google,search.cnn.com,Debt,Debt,,http://www.debtreductioninc.com/index8.html,debt,302252,1DC,CreditSolutions,0,0
2009-05-11 16:44:46.157,unknown,w-302252-DebtReduction1-1DC-CreditSolutions,TopLeft,DebtReductionInc,0.0,0.0,creditsolutions-branded-shortform,VA,7500-15000,google,www.google.com,Debt Negotiation,Debt negotiation lawyer,debt settlement lawer,http://www.debtreductioninc.com/index8.html,debt,302252,1DC,CreditSolutions,1,1
2009-08-12 21:59:07.917,unknown,w-302252-DebtReduction1-1DC-CreditSolutions,TopLeft,DebtReductionInc,5.0,3.0,creditsolutions-branded-shortform,MI,More_than_100000,yahoo,unknown,Lower Payments,,,http://www.debtreductioninc.com/index8.html,lower_payment,302252,1DC,CreditSolutions,0,0
2009-06-06 10:58:08.150,unknown,w-302252-DebtReduction1-1DC-CreditSolutions,TopLeft,DebtReductionInc,0.0,0.0,creditsolutions-branded-shortform,FL,7500-15000,google,www.google.com,Holding Tank - Debt,Christian debt,christian debt relief services,http://www.debtreductioninc.com/index8.html,debt,302252,1DC,CreditSolutions,1,1
2009-07-15 20:37:31.547,unknown,w-302252-DebtReduction1-1DC-CreditSolutions,TopLeft,DebtReductionInc,1.0,3.0,creditsolutions-branded-shortform,CA,15001-20000,google,search.comcast.net,Holding Tank - Debt,Legally erase your debt,legally erase your debt,http://www.debtreductioninc.com/index8.html,debt,302252,1DC,CreditSolutions,0,0
2009-06-16 01:46:01.000,bad,w-302252-DebtReduction1-1DC,TopLeft,DebtReductionInc,0.0,0.0,Debt Settlement1 Master,CA,7500-15000,yahoo,unknown,General Debt,,,http://www.debtreductioninc.com/index8.html,debt,302252,1DC,default,1,1
2009-04-09 10:11:32.563,unknown,w-300250-DebtReduction1-1DC-Head3,TopLeft,DebtReductionInc,0.0,0.0,Debt Settlement1 Master,CA,30001-50000,google,www.google.com,Holding Tank - Debt,Consumer debt initiative,consumer debt initiative,http://www.debtreductioninc.com/index8.html,debt,300250,1DC,Head3,1,1
2009-05-18 19:58:07.177,unknown,w-302252-DebtReduction1-1DC-white,TopLeft,DebtReductionInc,0.0,0.0,Debt Settlement1 Master,CA,7500-15000,google,searchportal.information.com,Lower Payments,Credit card payments,,http://www.debtreductioninc.com/index8.html,lower_payment,302252,1DC,white,1,1
2009-05-21 13:44:34.000,bad,w-302252-DebtReduction1-1DC-CreditSolutions,TopLeft,DebtReductionInc,0.0,0.0,creditsolutions-branded-shortform,CA,30001-50000,yahoo,www.findstuff.com,Debt Consolidation,,,http://www.debtreductioninc.com/index8.html,consolidation,302252,1DC,CreditSolutions,1,1
2009-06-08 11:33:52.270,unknown,w-302252-DebtReduction1-1DC-CreditSolutions,TopLeft,DebtReductionInc,0.0,0.0,creditsolutions-branded-shortform,CA,20001-30000,yahoo,search.yahoo.com,Bill Consolidation,,consolidation,http://www.debtreductioninc.com/index8.html,consolidation,302252,1DC,CreditSolutions,1,1
2009-07-27 21:43:16.627,unknown,w-302252-DebtReduction1-1DC-CreditSolutions,TopLeft,DebtReductionInc,3.0,3.0,creditsolutions-branded-shortform,CA,20001-30000,yahoo,search.yahoo.com,Consolidation Program,,debt consolidation.gov,http://www.debtreductioninc.com/index8.html,consolidation,302252,1DC,CreditSolutions,0,0
2009-04-06 21:30:58.637,unknown,w-300250-DebtReduction1-1DC,TopLeft,DebtReductionInc,0.0,0.0,Debt Settlement1 Master,CA,50001-70000,google,search.aol.com,Holding Tank - Debt,Credit counselor,,http://www.debtreductioninc.com/index8.html,debt,300250,1DC,default,1,1
2009-05-12 01:09:07.000,bad,w-302252-DebtReduction1-1DC,TopLeft,DebtReductionInc,0.0,0.0,Debt Settlement1 Master,NY,30001-50000,yahoo,unknown,Debt Loan,,,http://www.debtreductioninc.com/index8.html,loan,302252,1DC,default,1,1
2009-05-01 00:00:00.000,closed,w-300250-DebtReduction1-1DC-Head2,TopLeft,DebtReductionInc,0.0,0.0,Debt Settlement1 Master,NY,20001-30000,yahoo,search.yahoo.com,Debt Settlement,,debt settlement in ny,http://www.debtreductioninc.com/index8.html,settlement,300250,1DC,Head2,1,1
2009-04-15 12:39:19.907,unknown,w-300250-DebtReduction1-2DC-BlueMeter,TopLeft,DebtReductionInc,0.0,0.0,Debt Settlement1 Master,NY,More_than_100000,google,www.google.com,Student Debt,Student loan default,how to deal with student loan default,http://www.debtreductioninc.com/index8.html,student_debt,300250,2DC,BlueMeter,1,1
2009-04-24 14:25:18.643,unknown,w-300250-DebtReduction1-2DC-BlueMeter,TopLeft,DebtReductionInc,0.0,0.0,Debt Settlement1 Master,CA,15001-20000,yahoo,search.yahoo.com,Debt Consolidation,,Securedebt,http://www.debtreductioninc.com/index8.html,consolidation,300250,2DC,BlueMeter,1,1
2009-09-16 05:56:54.513,unknown,w-302252-DebtReduction1-1DC-CreditSolutions,TopLeft,DebtReductionInc,5.0,5.0,creditsolutions-branded-shortform,CA,50001-70000,google,ezinearticles.com,Online Settle,Online debt settlement,,http://www.debtreductioninc.com/index8.html,settlement,302252,1DC,CreditSolutions,0,0
2009-05-20 09:24:55.470,unknown,w-302252-DebtReduction1-1DC-white,TopLeft,DebtReductionInc,0.0,0.0,Debt Settlement1 Master,CA,50001-70000,google,www.mahalo.com,Student Debt,,,http://www.debtreductioninc.com/index8.html,student_debt,302252,1DC,white,1,1
2009-07-23 23:03:41.553,unknown,w-302252-DebtReduction1-1DC-CreditSolutions,TopLeft,DebtReductionInc,5.0,4.0,creditsolutions-branded-shortform,CA,50001-70000,yahoo,www.searchnut.com,Credit Card Debt,,,http://www.debtreductioninc.com/index8.html,credit_general,302252,1DC,CreditSolutions,0,0
2009-07-11 03:27:49.183,unknown,w-302252-DebtReduction1-1DC-yellowarrow-blue,TopLeft,DebtReductionInc,1.0,3.0,Debt Settlement1 Master,CA,15001-20000,google,googleads.g.doubleclick.net,Debt,Debt,,http://www.debtreductioninc.com/index8.html,debt,302252,1DC,yellowarrow-blue,0,0
2009-09-29 13:08:29.510,unknown,w-302252-DebtReduction1-1DC-CreditSolutions,TopLeft,DebtReductionInc,5.0,3.0,creditsolutions-branded-shortform,NY,70001-90000,google,www.google.com,Loan Default,Loan default help,help!!! my student loan is in default and they want the whole balance ...what cn i do,http://www.debtreductioninc.com/index8.html,loan,302252,1DC,CreditSolutions,0,0
2009-06-11 16:15:26.000,bad,w-302252-DebtReduction1-1DC,TopLeft,DebtReductionInc,0.0,0.0,Debt Settlement1 Master,CA,7500-15000,google,www.webcrawler.com,Lower Payments,Credit card payments,,http://www.debtreductioninc.com/index8.html,lower_payment,302252,1DC,default,1,1
2009-05-30 11:12:07.420,unknown,w-302252-DebtReduction1-1DC-CreditSolutions,TopLeft,DebtReductionInc,0.0,0.0,creditsolutions-branded-shortform,CA,7500-15000,yahoo,search.yahoo.com,Credit Card Debt Reduction,,principal reduction credit card,http://www.debtreductioninc.com/index8.html,credit_general,302252,1DC,CreditSolutions,1,1
2009-09-29 00:23:33.597,unknown,w-302252-DebtReduction1-1DC-yellowarrow-dark,TopLeft,DebtReductionInc,5.0,2.0,Debt Settlement1 Master,CA,7500-15000,google,searchportal.information.com,Lower_Payments,Credit card payments,,http://www.debtreductioninc.com/index8.html,lower_payment,302252,1DC,yellowarrow-dark,0,0
2009-06-30 11:47:34.273,unknown,w-302252-DebtReduction1-1DC-CreditSolutions,TopLeft,DebtReductionInc,0.0,5.0,creditsolutions-branded-shortform,CA,More_than_100000,yahoo,us.yhs.search.yahoo.com,Chapter 13 Bankruptcy,,Chapter Thirteen,http://www.debtreductioninc.com/index8.html,bankrup,302252,1DC,CreditSolutions,1,0
2009-06-01 23:19:45.907,unknown,w-302252-DebtReduction1-1DC-white,TopLeft,DebtReductionInc,0.0,0.0,Debt Settlement1 Master,CA,More_than_100000,yahoo,search.yahoo.com,Filing Bankrupcy,,california bankruptcy,http://www.debtreductioninc.com/index8.html,bankrup,302252,1DC,white,1,1
2009-08-24 23:21:19.543,unknown,w-302252-DebtReduction1-1DC-white,TopLeft,DebtReductionInc,4.0,5.0,Debt Settlement1 Master,CA,20001-30000,adknowledge,by124w.bay124.mail.live.com,Consolidate,,,http://www.debtreductioninc.com/index8.html,consolidation,302252,1DC,white,0,0
2009-08-13 16:23:03.953,unknown,w-302252-DebtReduction1-1DC-CreditSolutions,TopLeft,DebtReductionInc,5.0,5.0,creditsolutions-branded-shortform,CA,More_than_100000,google,www.ehow.com,Consolidation,Student debt consolidation,,http://www.debtreductioninc.com/index8.html,consolidation,302252,1DC,CreditSolutions,0,0
2009-04-19 23:25:09.000,bad,w-300250-DebtReduction1-1DC-Head3,TopLeft,DebtReductionInc,0.0,0.0,Debt Settlement1 Master,CA,15001-20000,yahoo,search.yahoo.com,Credit Card Debt,,in debt how to pay,http://www.debtreductioninc.com/index8.html,credit_general,300250,1DC,Head3,1,1
2009-06-30 13:56:34.557,unknown,w-302252-DebtReduction1-1DC-white,TopLeft,DebtReductionInc,0.0,2.0,Debt Settlement1 Master,CA,50001-70000,google,wiki.answers.com,Student Debt,,,http://www.debtreductioninc.com/index8.html,student_debt,302252,1DC,white,1,0
2009-06-14 20:49:08.000,bad,w-302252-DebtReduction1-1DC,TopLeft,DebtReductionInc,0.0,0.0,Debt Settlement1 Master,CA,20001-30000,yahoo,purelocal.com,General Debt,,,http://www.debtreductioninc.com/index8.html,debt,302252,1DC,default,1,1
2009-08-13 00:23:07.810,unknown,w-302252-DebtReduction1-1DC-CreditSolutions,TopLeft,DebtReductionInc,1.0,4.0,creditsolutions-branded-shortform,CA,7500-15000,google,www.google.com,Settlement,Debt settle,settle debt collectors,http://www.debtreductioninc.com/index8.html,settlement,302252,1DC,CreditSolutions,0,0
2009-04-15 00:00:00.000,closed,w-300250-DebtReduction1-2DC-BlueMeter,TopLeft,DebtReductionInc,0.0,0.0,Debt Settlement1 Master,CA,70001-90000,yahoo,search.yahoo.com,Chapter 7 Bankruptcy,,bankrupcty laws,http://www.debtreductioninc.com/index8.html,bankrup,300250,2DC,BlueMeter,1,1
2009-05-28 08:48:25.067,unknown,w-302252-DebtReduction1-1DC-CreditSolutions,TopLeft,DebtReductionInc,0.0,0.0,creditsolutions-branded-shortform,CA,More_than_100000,google,unknown,Debt Restructuring,Business debt restructuring,,http://www.debtreductioninc.com/index8.html,debt,302252,1DC,CreditSolutions,1,1
2009-06-28 17:59:43.477,unknown,w-302252-DebtReduction1-1DC-CreditSolutions,TopLeft,DebtReductionInc,0.0,3.0,creditsolutions-branded-shortform,CA,30001-50000,google,www.google.com,Loan Default,Loan default help,defaulted student loan help,http://www.debtreductioninc.com/index8.html,loan,302252,1DC,CreditSolutions,1,0
2009-08-31 02:33:39.567,unknown,w-302252-DebtReduction1-1DC-CreditSolutions,TopLeft,DebtReductionInc,5.0,5.0,creditsolutions-branded-shortform,CA,20001-30000,google,www.ask.com,Debt,Debt,how can i pay my debt if am in collection,http://www.debtreductioninc.com/index8.html,debt,302252,1DC,CreditSolutions,0,0
2009-04-29 18:29:25.807,unknown,w-300250-DebtReduction1-1DC-CreditSolutions,TopLeft,DebtReductionInc,0.0,0.0,creditsolutions-branded-shortform,AZ,15001-20000,yahoo,www.helpwithcredit.org,General Debt,,,http://www.debtreductioninc.com/index8.html,debt,300250,1DC,CreditSolutions,1,1
2009-07-06 19:03:14.000,bad,w-302252-DebtReduction1-1DC-CreditSolutions,TopLeft,DebtReductionInc,0.0,5.0,creditsolutions-branded-shortform,AZ,15001-20000,google,googleads.g.doubleclick.net,Student Debt,,,http://www.debtreductioninc.com/index8.html,student_debt,302252,1DC,CreditSolutions,1,0
2009-08-25 05:16:18.590,unknown,w-302252-DebtReduction1-1DC-white,TopLeft,DebtReductionInc,5.0,5.0,Debt Settlement1 Master,FL,7500-15000,adknowledge,webmail.aol.com,Consolidate,,,http://www.debtreductioninc.com/index8.html,consolidation,302252,1DC,white,0,0
2009-04-28 10:02:54.000,bad,w-300250-DebtReduction1-1DC-CreditSolutions,TopLeft,DebtReductionInc,0.0,0.0,creditsolutions-branded-shortform,NY,7500-15000,google,wiki.answers.com,Credit Card Debt - high volume,,,http://www.debtreductioninc.com/index8.html,credit_general,300250,1DC,CreditSolutions,1,1
2009-08-02 21:00:39.963,unknown,w-302252-DebtReduction1-1DC-white,TopLeft,DebtReductionInc,5.0,3.0,Debt Settlement1 Master,TX,15001-20000,google,googleads.g.doubleclick.net,Credit Card Debt - high volume,,,http://www.debtreductioninc.com/index8.html,credit_general,302252,1DC,white,0,0
2009-05-24 16:40:55.023,unknown,w-302252-DebtReduction1-1DC,TopLeft,DebtReductionInc,0.0,0.0,Debt Settlement1 Master,TX,15001-20000,google,googleads.g.doubleclick.net,Credit Card Debt - high volume,,,http://www.debtreductioninc.com/index8.html,credit_general,302252,1DC,default,1,1
2009-04-22 23:09:32.600,unknown,w-300250-DebtReduction1-1DC,TopLeft,DebtReductionInc,0.0,0.0,Debt Settlement1 Master,TX,50001-70000,yahoo,search.yahoo.com,Credit Card Debt,,reduce credit card debt,http://www.debtreductioninc.com/index8.html,credit_general,300250,1DC,default,1,1
2009-05-13 21:14:53.000,bad,w-302252-DebtReduction1-1DC,TopLeft,DebtReductionInc,0.0,0.0,Debt Settlement1 Master,TX,7500-15000,yahoo,ww23.rr.com,Chapter 13 Bankruptcy,,,http://www.debtreductioninc.com/index8.html,bankrup,302252,1DC,default,1,1
2009-04-25 07:57:12.153,unknown,w-300250-DebtReduction1-1DC-CreditSolutions,TopLeft,DebtReductionInc,0.0,0.0,creditsolutions-branded-shortform,TX,7500-15000,yahoo,unknown,Credit Debt Consolidation Loan,,,http://www.debtreductioninc.com/index8.html,credit_general,300250,1DC,CreditSolutions,1,1
2009-07-23 20:52:06.000,bad,w-302252-DebtReduction1-1DC-CreditSolutions,TopLeft,DebtReductionInc,4.0,4.0,creditsolutions-branded-shortform,CA,7500-15000,google,googleads.g.doubleclick.net,Student Debt,,,http://www.debtreductioninc.com/index12.html,student_debt,302252,1DC,CreditSolutions,0,0
2009-07-03 13:46:59.300,unknown,w-302252-DebtReduction1-1DC-white,TopLeft,DebtReductionInc,0.0,5.0,Debt Settlement1 Master,CA,70001-90000,adknowledge,www.bing.com,Consolidate,,debt forgiveness,http://www.debtreductioninc.com/index8.html,consolidation,302252,1DC,white,1,0
2009-05-03 09:32:55.450,unknown,w-300250-DebtReduction1-2DC-BlueMeter,TopLeft,DebtReductionInc,0.0,0.0,Debt Settlement1 Master,TX,More_than_100000,google,www.google.com,Holding Tank - Debt,Legally erase your debt as seen on cnbc,Legally erase your debt as seen on CNBC,http://www.debtreductioninc.com/index8.html,debt,300250,2DC,BlueMeter,1,1
2009-05-06 14:09:33.907,unknown,w-300250-DebtReduction1-1DC,TopLeft,DebtReductionInc,0.0,0.0,Debt Settlement1 Master,IN,30001-50000,yahoo,www.findstuff.com,Debt Consolidation,,,http://www.debtreductioninc.com/index8.html,consolidation,300250,1DC,default,1,1
2009-06-02 07:46:42.940,unknown,w-302252-DebtReduction1-1DC,TopLeft,DebtReductionInc,0.0,0.0,Debt Settlement1 Master,IL,20001-30000,yahoo,unknown,General Debt,,,http://www.debtreductioninc.com/index8.html,debt,302252,1DC,default,1,1
2009-04-07 00:00:00.000,closed,w-300250-DebtReduction1-1DC-Head2,TopLeft,DebtReductionInc,0.0,0.0,Debt Settlement1 Master,IL,50001-70000,google,www.google.com,Holding Tank - Debt,Debt com,debt.com,http://www.debtreductioninc.com/index8.html,debt,300250,1DC,Head2,1,1
2009-06-19 07:45:26.697,unknown,w-302252-DebtReduction1-1DC-white,TopLeft,DebtReductionInc,0.0,0.0,Debt Settlement1 Master,TX,30001-50000,yahoo,search.yahoo.com,Student Debt,,default student loan loan,http://www.debtreductioninc.com/index8.html,student_debt,302252,1DC,white,1,1
2009-08-05 00:00:00.000,closed,w-302252-DebtReduction1-1DC-CreditSolutions,TopLeft,DebtReductionInc,5.0,5.0,creditsolutions-branded-shortform,MI,30001-50000,google,ezinearticles.com,Settlement,Debt settlement,,http://www.debtreductioninc.com/index8.html,settlement,302252,1DC,CreditSolutions,0,0
2009-06-24 22:28:34.350,unknown,w-302252-DebtReduction1-1DC-CreditSolutions,TopLeft,DebtReductionInc,0.0,0.0,creditsolutions-branded-shortform,CA,20001-30000,yahoo,search.yahoo.com,File Bankruptcy (HV),,how to file for bankruptcy in california,http://www.debtreductioninc.com/index8.html,bankrup,302252,1DC,CreditSolutions,1,1
2009-05-11 20:17:46.990,unknown,w-302252-DebtReduction1-1DC,TopLeft,DebtReductionInc,0.0,0.0,Debt Settlement1 Master,CA,7500-15000,google,googleads.g.doubleclick.net,Lower Payments,,,http://www.debtreductioninc.com/index8.html,lower_payment,302252,1DC,default,1,1
2009-08-09 17:29:28.000,bad,w-302252-DebtReduction1-1DC-CreditSolutions,TopLeft,DebtReductionInc,5.0,5.0,creditsolutions-branded-shortform,CA,30001-50000,yahoo,search.yahoo.com,Stop Collections,,bill collectors,http://www.debtreductioninc.com/index8.html,collection,302252,1DC,CreditSolutions,0,0
2009-09-08 15:57:44.187,unknown,w-302252-DebtReduction1-1DC-CreditSolutions,TopLeft,DebtReductionInc,3.0,2.0,creditsolutions-branded-shortform,TX,50001-70000,google,googleads.g.doubleclick.net,Credit Card Debt - high volume,,,http://www.debtreductioninc.com/index8.html,credit_general,302252,1DC,CreditSolutions,0,0
2009-05-09 14:24:19.017,unknown,w-302252-DebtReduction1-1DC-CreditSolutions,TopLeft,DebtReductionInc,0.0,0.0,creditsolutions-branded-shortform,CA,30001-50000,adknowledge,webmaila.netzero.net,Consolidate,,,http://www.debtreductioninc.com/index8.html,consolidation,302252,1DC,CreditSolutions,1,1
2009-08-17 01:05:24.027,unknown,w-302252-DebtReduction1-1DC-CreditSolutions,TopLeft,DebtReductionInc,5.0,5.0,creditsolutions-branded-shortform,TX,20001-30000,yahoo,search.yahoo.com,Debt Consolidation,,debt consolidation government,http://www.debtreductioninc.com/index8.html,consolidation,302252,1DC,CreditSolutions,0,0
2009-06-15 04:38:53.103,unknown,w-302252-DebtReduction1-1DC-CreditSolutions,TopLeft,DebtReductionInc,0.0,0.0,creditsolutions-branded-shortform,TX,15001-20000,google,www.google.com,Holding Tank - Debt,Debt calculator,debt calculator,http://www.debtreductioninc.com/index8.html,debt,302252,1DC,CreditSolutions,1,1
2009-06-08 12:18:56.587,unknown,w-302252-DebtReduction1-1DC,TopLeft,DebtReductionInc,0.0,0.0,Debt Settlement1 Master,IN,More_than_100000,adknowledge,www.bing.com,Consolidate,,debt mortgage student loan consolidation,http://www.debtreductioninc.com/index8.html,consolidation,302252,1DC,default,1,1
2009-07-26 00:27:28.843,unknown,w-302252-DebtReduction1-1DC-white,TopLeft,DebtReductionInc,5.0,3.0,Debt Settlement1 Master,IL,7500-15000,google,googleads.g.doubleclick.net,Credit Card Debt - high volume,,,http://www.debtreductioninc.com/index8.html,credit_general,302252,1DC,white,0,0
2009-09-27 14:06:44.160,unknown,w-302252-DebtReduction1-1DC-yellowarrow-blue,TopLeft,DebtReductionInc,3.0,3.0,Debt Settlement1 Master,CA,30001-50000,yahoo,search.yahoo.com,Credit Card Consolidation,,free debt consolidation,http://www.debtreductioninc.com/index8.html,credit_general,302252,1DC,yellowarrow-blue,0,0
2009-08-30 19:33:42.337,unknown,w-302252-DebtReduction1-1DC-CreditSolutions,TopLeft,DebtReductionInc,1.0,4.0,creditsolutions-branded-shortform,VA,7500-15000,yahoo,search.yahoo.com,Credit Debt Consolidation,,credit consolidators,http://www.debtreductioninc.com/index8.html,credit_general,302252,1DC,CreditSolutions,0,0
2009-08-11 17:41:15.867,unknown,w-302252-DebtReduction1-1DC-yellowarrow-dark,TopLeft,DebtReductionInc,5.0,5.0,Debt Settlement1 Master,MD,7500-15000,google,ezinearticles.com,Credit Card Debt - high volume,,,http://www.debtreductioninc.com/index8.html,credit_general,302252,1DC,yellowarrow-dark,0,0
2009-07-29 20:09:31.000,bad,w-302252-DebtReduction1-1DC-white,TopLeft,DebtReductionInc,5.0,3.0,Debt Settlement1 Master,CA,More_than_100000,google,www.google.com,Loan Default,Loans in default,defaulting on student loans,http://www.debtreductioninc.com/index8.html,loan,302252,1DC,white,0,0
2009-04-22 07:53:20.923,unknown,w-300250-DebtReduction1-1DC-BlueMeter,TopLeft,DebtReductionInc,0.0,0.0,Debt Settlement1 Master,TX,7500-15000,google,www.google.com,Holding Tank - Debt,Visa debt,visa debt biz index,http://www.debtreductioninc.com/index8.html,debt,300250,1DC,BlueMeter,1,1
2009-07-17 16:50:20.040,unknown,w-302252-DebtReduction1-1DC-CreditSolutions,TopLeft,DebtReductionInc,5.0,5.0,creditsolutions-branded-shortform,NV,30001-50000,google,www2.searchresultsdirect.com,How,debt,,http://www.debtreductioninc.com/index8.html,other,302252,1DC,CreditSolutions,0,0
2009-06-22 00:00:00.000,closed,w-302252-DebtReduction1-1DC-yellowarrow-blue,TopLeft,DebtReductionInc,0.0,0.0,Debt Settlement1 Master,CA,70001-90000,yahoo,unknown,Debt Services (LV),,,http://www.debtreductioninc.com/index8.html,debt,302252,1DC,yellowarrow-blue,1,1
2009-07-30 15:28:59.513,unknown,w-302252-DebtReduction1-1DC-CreditSolutions,TopLeft,DebtReductionInc,5.0,4.0,creditsolutions-branded-shortform,MI,20001-30000,yahoo,search.yahoo.com,Get Out Of Debt,,how to get out of debt,http://www.debtreductioninc.com/index8.html,debt,302252,1DC,CreditSolutions,0,0
2009-07-08 00:00:00.000,closed,w-302252-DebtReduction1-1DC-CreditSolutions,TopLeft,DebtReductionInc,0.0,3.0,creditsolutions-branded-shortform,CA,50001-70000,google,mws.ask.com,Lower Payments,Credit card payments,,http://www.debtreductioninc.com/index8.html,lower_payment,302252,1DC,CreditSolutions,1,0
2009-06-19 21:01:10.680,unknown,w-302252-DebtReduction1-1DC-yellowarrow-blue,TopLeft,DebtReductionInc,0.0,0.0,Debt Settlement1 Master,IN,More_than_100000,yahoo,www.searchacross.com,General Debt (LV),,,http://www.debtreductioninc.com/index8.html,debt,302252,1DC,yellowarrow-blue,1,1
2009-06-01 22:26:46.107,unknown,w-302252-DebtReduction1-1DC-CreditSolutions,TopLeft,DebtReductionInc,0.0,0.0,creditsolutions-branded-shortform,CA,7500-15000,yahoo,www.applyforaloan.com,Bill Consolidation Loan,,,http://www.debtreductioninc.com/index8.html,consolidation,302252,1DC,CreditSolutions,1,1
2009-06-10 00:00:00.000,closed,w-302252-DebtReduction1-1DC-white,TopLeft,DebtReductionInc,0.0,0.0,Debt Settlement1 Master,TX,30001-50000,google,www.google.com,How,How to lower credit card,how do I get my credit card companies to lower my interest rates,http://www.debtreductioninc.com/index12.html,other,302252,1DC,white,1,1
2009-05-27 02:47:35.463,unknown,w-302252-DebtReduction1-1DC-white,TopLeft,DebtReductionInc,0.0,0.0,Debt Settlement1 Master,CA,20001-30000,yahoo,search.yahoo.com,Debt Consolidation,,top rated debt consolidation,http://www.debtreductioninc.com/index8.html,consolidation,302252,1DC,white,1,1
2009-07-11 17:01:46.967,unknown,w-302252-DebtReduction1-1DC-CreditSolutions,TopLeft,DebtReductionInc,3.0,3.0,creditsolutions-branded-shortform,IL,30001-50000,google,ezinearticles.com,Student Debt,,,http://www.debtreductioninc.com/index8.html,student_debt,302252,1DC,CreditSolutions,0,0
2009-04-19 16:27:43.977,unknown,w-300250-DebtReduction1-2DC-BlueMeter,TopLeft,DebtReductionInc,0.0,0.0,Debt Settlement1 Master,CA,15001-20000,yahoo,search.yahoo.com,Credit Card Reduction,,reducing credit card balance,http://www.debtreductioninc.com/index8.html,credit_general,300250,2DC,BlueMeter,1,1
2009-04-24 15:07:18.463,unknown,w-300250-DebtReduction1-2DC-BlueMeter,TopLeft,DebtReductionInc,0.0,0.0,Debt Settlement1 Master,MI,20001-30000,google,www.google.com,Student Debt,Student loan default,student loan default,http://www.debtreductioninc.com/index8.html,student_debt,300250,2DC,BlueMeter,1,1
2009-05-23 10:39:05.190,unknown,w-302252-DebtReduction1-1DC,TopLeft,DebtReductionInc,0.0,0.0,Debt Settlement1 Master,AR,50001-70000,google,www.ehow.com,Student Debt,,,http://www.debtreductioninc.com/index8.html,student_debt,302252,1DC,default,1,1
2009-04-21 20:33:26.057,unknown,w-300250-DebtReduction1-1DC-BlueMeter,TopLeft,DebtReductionInc,0.0,0.0,Debt Settlement1 Master,MI,70001-90000,google,www.google.com,Holding Tank - Debt,Government grants for debt,government grants for debt,http://www.debtreductioninc.com/index8.html,debt,300250,1DC,BlueMeter,1,1
2009-08-14 22:59:37.973,unknown,w-302252-DebtReduction1-1DC-yellowarrow-blue,TopLeft,DebtReductionInc,2.0,5.0,Debt Settlement1 Master,IL,7500-15000,google,search.mywebsearch.com,Lower Payments,Credit card payments,,http://www.debtreductioninc.com/index8.html,lower_payment,302252,1DC,yellowarrow-blue,0,0
2009-07-27 13:42:19.503,unknown,w-302252-DebtReduction1-1DC-CreditSolutions,TopLeft,DebtReductionInc,5.0,4.0,creditsolutions-branded-shortform,IL,90000-100000,google,googleads.g.doubleclick.net,Student Debt,,,http://www.debtreductioninc.com/index12.html,student_debt,302252,1DC,CreditSolutions,0,0
2009-05-31 00:00:00.000,good,w-302252-DebtReduction1-1DC,TopLeft,DebtReductionInc,0.0,0.0,Debt Settlement1 Master,CA,50001-70000,yahoo,my.att.net,Debt Consolidation,,,http://www.debtreductioninc.com/index8.html,consolidation,302252,1DC,default,1,1
2009-04-06 23:37:57.090,unknown,w-300250-DebtReduction1-1DC-Head2,TopLeft,DebtReductionInc,0.0,0.0,Debt Settlement1 Master,MI,50001-70000,google,en.allexperts.com,How,debt,,http://www.debtreductioninc.com/index8.html,other,300250,1DC,Head2,1,1
2009-07-23 13:30:44.120,unknown,w-302252-DebtReduction1-1DC-CreditSolutions,TopLeft,DebtReductionInc,5.0,2.0,creditsolutions-branded-shortform,MI,90000-100000,google,collegesavings.about.com,Student Debt,,,http://www.debtreductioninc.com/index12.html,student_debt,302252,1DC,CreditSolutions,0,0
2009-06-09 14:54:43.457,unknown,w-302252-DebtReduction1-1DC,TopLeft,DebtReductionInc,0.0,0.0,Debt Settlement1 Master,CA,50001-70000,google,googleads.g.doubleclick.net,Student Debt,,,http://www.debtreductioninc.com/index8.html,student_debt,302252,1DC,default,1,1
2009-06-27 14:42:50.900,unknown,w-302252-DebtReduction1-1DC-CreditSolutions,TopLeft,DebtReductionInc,0.0,5.0,creditsolutions-branded-shortform,TX,90000-100000,google,www.google.com,General Debt,Debt software,debt software best of,http://www.debtreductioninc.com/index8.html,debt,302252,1DC,CreditSolutions,1,0
2009-04-19 00:00:00.000,closed,w-300250-DebtReduction1-2DC-BlueMeter,TopLeft,DebtReductionInc,0.0,0.0,Debt Settlement1 Master,CA,20001-30000,yahoo,search.yahoo.com,Credit Card Debt,,CREDIT COUNSELING,http://www.debtreductioninc.com/index8.html,credit_general,300250,2DC,BlueMeter,1,1
2009-05-29 00:00:00.000,good,w-302252-DebtReduction1-1DC,TopLeft,DebtReductionInc,0.0,0.0,Debt Settlement1 Master,CT,20001-30000,adknowledge,search.live.com,Consolidate,,debt eliminator,http://www.debtreductioninc.com/index8.html,consolidation,302252,1DC,default,1,1
2009-06-20 12:17:07.813,unknown,w-302252-DebtReduction1-1DC-yellowarrow-blue,TopLeft,DebtReductionInc,0.0,0.0,Debt Settlement1 Master,CA,50001-70000,yahoo,search.yahoo.com,Filing Bankrupcy (LV),,filing bankruptcy in ca,http://www.debtreductioninc.com/index8.html,bankrup,302252,1DC,yellowarrow-blue,1,1
2009-08-18 00:00:00.000,good,w-302252-DebtReduction1-1DC-yellowarrow-blue,TopLeft,DebtReductionInc,5.0,5.0,Debt Settlement1 Master,CA,20001-30000,yahoo,search.yahoo.com,Debt Consolidation,,government debt consolidation,http://www.debtreductioninc.com/index8.html,consolidation,302252,1DC,yellowarrow-blue,0,0
2009-07-24 12:43:37.980,unknown,w-302252-DebtReduction1-1DC-CreditSolutions,TopLeft,DebtReductionInc,5.0,5.0,creditsolutions-branded-shortform,TX,7500-15000,google,googleads.g.doubleclick.net,Lower Payments,,http://www.complaintsboard.com,http://www.debtreductioninc.com/index12.html,lower_payment,302252,1DC,CreditSolutions,0,0
2009-07-17 07:16:23.107,unknown,w-302252-DebtReduction1-1DC-white,TopLeft,DebtReductionInc,5.0,5.0,Debt Settlement1 Master,TX,50001-70000,google,www.debtreductioninc.com,Student Debt,,,http://www.debtreductioninc.com/index11.html,student_debt,302252,1DC,white,0,0
2009-04-17 17:30:00.720,unknown,w-300250-DebtReduction1-1DC-CreditSolutions,TopLeft,DebtReductionInc,0.0,0.0,creditsolutions-branded-shortform,TX,20001-30000,adknowledge,us.mc508.mail.yahoo.com,Consolidate,,,http://www.debtreductioninc.com/index8.html,consolidation,300250,1DC,CreditSolutions,1,1
2009-05-12 09:21:40.027,unknown,w-302252-DebtReduction1-1DC-white,TopLeft,DebtReductionInc,0.0,0.0,Debt Settlement1 Master,MI,20001-30000,yahoo,www.findstuff.com,Debt Consolidation,,,http://www.debtreductioninc.com/index8.html,consolidation,302252,1DC,white,1,1
2009-05-31 19:58:55.637,unknown,w-302252-DebtReduction1-1DC,TopLeft,DebtReductionInc,0.0,0.0,Debt Settlement1 Master,MI,90000-100000,google,googleads.g.doubleclick.net,Credit Card Debt,,,http://www.debtreductioninc.com/index8.html,credit_general,302252,1DC,default,1,1
2009-04-20 19:38:34.183,unknown,w-300250-DebtReduction1-1DC-Head2,TopLeft,DebtReductionInc,0.0,0.0,Debt Settlement1 Master,MI,30001-50000,google,www.ehow.com,Credit Card Debt - high volume,,,http://www.debtreductioninc.com/index8.html,credit_general,300250,1DC,Head2,1,1
2009-07-09 18:41:08.613,unknown,w-302252-DebtReduction1-1DC-white,TopLeft,DebtReductionInc,0.0,5.0,Debt Settlement1 Master,IL,15001-20000,google,www.fastbrowsersearch.com,Lower Payments,Lower monthly bills,,http://www.debtreductioninc.com/index8.html,lower_payment,302252,1DC,white,1,0
2009-04-23 22:03:24.307,unknown,w-300250-DebtReduction1-1DC-Head3,TopLeft,DebtReductionInc,0.0,0.0,Debt Settlement1 Master,MO,15001-20000,yahoo,search.yahoo.com,Credit Card Settlement,,legal steps to credit card settlements,http://www.debtreductioninc.com/index8.html,credit_general,300250,1DC,Head3,1,1
2009-04-29 13:47:26.657,unknown,w-300250-DebtReduction1-1DC-Head3,TopLeft,DebtReductionInc,0.0,0.0,Debt Settlement1 Master,MI,15001-20000,yahoo,search.yahoo.com,General Debt - high volume,,government debt solution,http://www.debtreductioninc.com/index8.html,debt,300250,1DC,Head3,1,1
2009-05-29 20:00:12.927,unknown,w-302252-DebtReduction1-1DC-CreditSolutions,TopLeft,DebtReductionInc,0.0,0.0,creditsolutions-branded-shortform,CA,15001-20000,yahoo,bankruptcy.com,General Debt - high volume,,,http://www.debtreductioninc.com/index8.html,debt,302252,1DC,CreditSolutions,1,1
2009-05-28 16:35:22.353,unknown,w-302252-DebtReduction1-1DC-CreditSolutions,TopLeft,DebtReductionInc,0.0,0.0,creditsolutions-branded-shortform,MA,50001-70000,google,googleads.g.doubleclick.net,Credit Card Debt - high volume,,,http://www.debtreductioninc.com/index8.html,credit_general,302252,1DC,CreditSolutions,1,1
2009-05-03 20:46:53.343,unknown,w-300250-DebtReduction1-1DC-Head3,TopLeft,DebtReductionInc,0.0,0.0,Debt Settlement1 Master,MA,90000-100000,google,www.google.com,Holding Tank - Debt,Christian debt,christian debt,http://www.debtreductioninc.com/index8.html,debt,300250,1DC,Head3,1,1
2009-08-17 21:54:01.000,bad,w-302252-DebtReduction1-1DC-CreditSolutions,TopLeft,DebtReductionInc,5.0,3.0,creditsolutions-branded-shortform,CA,7500-15000,google,ezinearticles.com,Settlement,Debt settlement,,http://www.debtreductioninc.com/index8.html,settlement,302252,1DC,CreditSolutions,0,0
2009-08-17 00:00:00.000,good,w-302252-DebtReduction1-1DC-yellowarrow-dark,TopLeft,DebtReductionInc,5.0,5.0,Debt Settlement1 Master,MI,15001-20000,google,wiki.answers.com,Credit Card Debt - high volume,,,http://www.debtreductioninc.com/index8.html,credit_general,302252,1DC,yellowarrow-dark,0,0
2009-08-13 00:00:00.000,closed,w-302252-DebtReduction1-1DC-yellowarrow-dark,TopLeft,DebtReductionInc,5.0,5.0,Debt Settlement1 Master,TX,20001-30000,google,www.google.com,Holding Tank - Debt,Consumer debt initiative,consumer debt initiative,http://www.debtreductioninc.com/index8.html,debt,302252,1DC,yellowarrow-dark,0,0
2009-07-20 00:00:00.000,good,w-302252-DebtReduction1-1DC-CreditSolutions,TopLeft,DebtReductionInc,5.0,3.0,creditsolutions-branded-shortform,CO,30001-50000,yahoo,search.yahoo.com,Debt Consolidation,,free debt consolidation services,http://www.debtreductioninc.com/index8.html,consolidation,302252,1DC,CreditSolutions,0,0
2009-04-24 17:00:48.000,bad,w-300250-DebtReduction1-1DC,TopLeft,DebtReductionInc,0.0,0.0,Debt Settlement1 Master,CO,7500-15000,google,search.mywebsearch.com,Student Debt,Student loan default,,http://www.debtreductioninc.com/index8.html,student_debt,300250,1DC,default,1,1
2009-04-11 00:00:00.000,closed,w-300250-DebtReduction1-1DC,TopLeft,DebtReductionInc,0.0,0.0,Debt Settlement1 Master,CA,50001-70000,google,www.google.com,Holding Tank - Debt,Consumer debt initiative,Consumer debt initiative,http://www.debtreductioninc.com/index8.html,debt,300250,1DC,default,1,1
2009-05-14 21:18:28.790,unknown,w-302252-DebtReduction1-1DC,TopLeft,DebtReductionInc,0.0,0.0,Debt Settlement1 Master,TX,30001-50000,google,wiki.answers.com,Student Debt,,,http://www.debtreductioninc.com/index8.html,student_debt,302252,1DC,default,1,1
2009-05-18 20:33:06.747,unknown,w-302252-DebtReduction1-1DC-CreditSolutions,TopLeft,DebtReductionInc,0.0,0.0,creditsolutions-branded-shortform,AL,7500-15000,google,www.defaultloans.com,Student Debt,,,http://www.debtreductioninc.com/index8.html,student_debt,302252,1DC,CreditSolutions,1,1
2009-07-30 00:12:02.790,unknown,w-302252-DebtReduction1-1DC-white,TopLeft,DebtReductionInc,1.0,5.0,Debt Settlement1 Master,WA,15001-20000,google,www.google.com,Holding Tank - Debt,Debt solutions they don t want you to know about,debt solutions they don't want you to know about,http://www.debtreductioninc.com/index8.html,debt,302252,1DC,white,0,0
2009-07-09 16:32:07.583,unknown,w-302252-DebtReduction1-1DC,TopLeft,DebtReductionInc,0.0,2.0,Debt Settlement1 Master,AL,50001-70000,google,ezinearticles.com,Credit Card Debt - high volume,,,http://www.debtreductioninc.com/index8.html,credit_general,302252,1DC,default,1,0
2009-06-30 12:29:33.613,unknown,w-302252-DebtReduction1-1DC-yellowarrow-blue,TopLeft,DebtReductionInc,0.0,5.0,Debt Settlement1 Master,TX,7500-15000,adknowledge,www.apply4onlineloans.com,Consolidate,,,http://www.debtreductioninc.com/index8.html,consolidation,302252,1DC,yellowarrow-blue,1,0
2009-07-27 12:54:19.747,unknown,w-302252-DebtReduction1-1DC-yellowarrow-dark,TopLeft,DebtReductionInc,3.0,3.0,Debt Settlement1 Master,TX,7500-15000,google,unknown,Student Debt,,,http://www.debtreductioninc.com/index11.html,student_debt,302252,1DC,yellowarrow-dark,0,0
2009-08-14 12:15:41.403,unknown,w-302252-DebtReduction1-1DC-CreditSolutions,TopLeft,DebtReductionInc,5.0,3.0,creditsolutions-branded-shortform,TX,7500-15000,google,finance.kosmix.com,Lower Payments,Credit card payments,,http://www.debtreductioninc.com/index8.html,lower_payment,302252,1DC,CreditSolutions,0,0
2009-08-12 00:00:00.000,closed,w-302252-DebtReduction1-1DC-CreditSolutions,TopLeft,DebtReductionInc,5.0,2.0,creditsolutions-branded-shortform,TX,90000-100000,google,www.google.com,Holding Tank - Debt,Debt cures,debt cures,http://www.debtreductioninc.com/index8.html,debt,302252,1DC,CreditSolutions,0,0
2009-08-12 22:55:09.773,unknown,w-302252-DebtReduction1-1DC-yellowarrow-dark,TopLeft,DebtReductionInc,5.0,5.0,Debt Settlement1 Master,TX,15001-20000,google,www.google.com,Holding Tank - Debt,Debt loan,can i get a consolidation debt loan without a house?,http://www.debtreductioninc.com/index8.html,debt,302252,1DC,yellowarrow-dark,0,0
2009-08-22 17:16:14.650,unknown,w-302252-DebtReduction1-1DC-CreditSolutions,TopLeft,DebtReductionInc,3.0,4.0,creditsolutions-branded-shortform,FL,30001-50000,google,googleads.g.doubleclick.net,Credit Card Debt - high volume,,,http://www.debtreductioninc.com/index8.html,credit_general,302252,1DC,CreditSolutions,0,0
2009-05-20 10:44:54.853,unknown,w-302252-DebtReduction1-1DC,TopLeft,DebtReductionInc,0.0,0.0,Debt Settlement1 Master,FL,30001-50000,google,googleads.g.doubleclick.net,Student Debt,,,http://www.debtreductioninc.com/index8.html,student_debt,302252,1DC,default,1,1
2009-09-06 15:32:57.487,unknown,w-302252-DebtReduction1-1DC-CreditSolutions,TopLeft,DebtReductionInc,5.0,5.0,creditsolutions-branded-shortform,VA,7500-15000,yahoo,unknown,Debt Company,,,http://www.debtreductioninc.com/index8.html,debt,302252,1DC,CreditSolutions,0,0
2009-05-07 07:12:29.707,unknown,w-300250-DebtReduction1-1DC,TopLeft,DebtReductionInc,0.0,0.0,Debt Settlement1 Master,VA,70001-90000,google,www.google.com,Loan Default,Loan default help,defaulted student loan assistance,http://www.debtreductioninc.com/index8.html,loan,300250,1DC,default,1,1
2009-06-16 18:43:42.300,unknown,w-302252-DebtReduction1-1DC-CreditSolutions,TopLeft,DebtReductionInc,0.0,0.0,creditsolutions-branded-shortform,VA,7500-15000,yahoo,search.yahoo.com,Consolidation Debt Loan,,debt consolidation loans in virginia,http://www.debtreductioninc.com/index8.html,consolidation,302252,1DC,CreditSolutions,1,1
2009-06-17 01:27:40.480,unknown,w-302252-DebtReduction1-1DC-CreditSolutions,TopLeft,DebtReductionInc,0.0,0.0,creditsolutions-branded-shortform,IL,30001-50000,google,www.google.com,Holding Tank - Debt,Debt stoppers,debt stoppers,http://www.debtreductioninc.com/index8.html,debt,302252,1DC,CreditSolutions,1,1
2009-05-14 02:00:37.520,unknown,w-302252-DebtReduction1-1DC-white,TopLeft,DebtReductionInc,0.0,0.0,Debt Settlement1 Master,CA,7500-15000,google,en.allexperts.com,How,debt,,http://www.debtreductioninc.com/index8.html,other,302252,1DC,white,1,1
2009-04-29 07:08:28.627,unknown,w-300250-DebtReduction1-1DC-Head2,TopLeft,DebtReductionInc,0.0,0.0,Debt Settlement1 Master,NE,50001-70000,yahoo,search.yahoo.com,Debt Consolidation,,www.cambridge.com,http://www.debtreductioninc.com/index8.html,consolidation,300250,1DC,Head2,1,1
2009-09-05 15:13:05.380,unknown,w-302252-DebtReduction1-1DC-white,TopLeft,DebtReductionInc,1.0,3.0,Debt Settlement1 Master,NE,15001-20000,yahoo,search.yahoo.com,Debt Consolidation,,government approved debt consolation,http://www.debtreductioninc.com/index8.html,consolidation,302252,1DC,white,0,0
2009-05-14 00:47:35.180,unknown,w-302252-DebtReduction1-1DC-CreditSolutions,TopLeft,DebtReductionInc,0.0,0.0,creditsolutions-branded-shortform,CA,50001-70000,google,googleads.g.doubleclick.net,Stop Collections,,,http://www.debtreductioninc.com/index8.html,collection,302252,1DC,CreditSolutions,1,1
2009-08-04 02:25:01.000,bad,w-302252-DebtReduction1-1DC-CreditSolutions,TopLeft,DebtReductionInc,5.0,5.0,creditsolutions-branded-shortform,CA,20001-30000,google,googleads.g.doubleclick.net,Consolidation,Debt consolidation,,http://www.debtreductioninc.com/index8.html,consolidation,302252,1DC,CreditSolutions,0,0
2009-09-22 00:00:00.000,good,w-302252-DebtReduction1-1DC-yellowarrow,TopLeft,DebtReductionInc,5.0,3.0,Debt Settlement1 Master,CA,15001-20000,google,unknown,How,How to lower credit card,,http://www.debtreductioninc.com/index11.html,other,302252,1DC,yellowarrow,0,0
2009-06-13 00:59:05.403,unknown,w-302252-DebtReduction1-1DC,TopLeft,DebtReductionInc,0.0,0.0,Debt Settlement1 Master,CA,More_than_100000,adknowledge,www.bing.com,Consolidate,,combine credit card debt,http://www.debtreductioninc.com/index8.html,consolidation,302252,1DC,default,1,1
2009-08-23 15:03:28.567,unknown,w-302252-DebtReduction1-1DC-white,TopLeft,DebtReductionInc,5.0,3.0,Debt Settlement1 Master,CA,7500-15000,adknowledge,us.mc1124.mail.yahoo.com,Consolidate,,,http://www.debtreductioninc.com/index8.html,consolidation,302252,1DC,white,0,0
2009-06-11 12:33:11.313,unknown,w-302252-DebtReduction1-1DC-CreditSolutions,TopLeft,DebtReductionInc,0.0,0.0,creditsolutions-branded-shortform,CA,More_than_100000,google,googleads.g.doubleclick.net,How,debt,http://www.brasschecktv.com,http://www.debtreductioninc.com/index8.html,other,302252,1DC,CreditSolutions,1,1
2009-04-24 19:12:16.783,unknown,w-300250-DebtReduction1-1DC-CreditSolutions,TopLeft,DebtReductionInc,0.0,0.0,creditsolutions-branded-shortform,CA,50001-70000,yahoo,www.shopica.com,General Debt,,det help,http://www.debtreductioninc.com/index8.html,debt,300250,1DC,CreditSolutions,1,1
2009-06-05 14:27:15.797,unknown,w-302252-DebtReduction1-1DC,TopLeft,DebtReductionInc,0.0,0.0,Debt Settlement1 Master,CA,20001-30000,google,googleads.g.doubleclick.net,Credit Card Debt - high volume,,,http://www.debtreductioninc.com/index8.html,credit_general,302252,1DC,default,1,1
2009-07-26 13:33:51.000,bad,w-302252-DebtReduction1-1DC-yellowarrow-blue,TopLeft,DebtReductionInc,5.0,5.0,Debt Settlement1 Master,CA,7500-15000,google,www.webcrawler.com,Lower Payments,Credit card payments,,http://www.debtreductioninc.com/index8.html,lower_payment,302252,1DC,yellowarrow-blue,0,0
2009-06-08 14:41:51.077,unknown,w-302252-DebtReduction1-1DC-CreditSolutions,TopLeft,DebtReductionInc,0.0,0.0,creditsolutions-branded-shortform,CA,7500-15000,google,www.google.com,Holding Tank - Debt,Resq debt,resq debt,http://www.debtreductioninc.com/index8.html,debt,302252,1DC,CreditSolutions,1,1
2009-04-16 21:52:07.867,unknown,w-300250-DebtReduction1-1DC-Head3,TopLeft,DebtReductionInc,0.0,0.0,Debt Settlement1 Master,CA,7500-15000,google,www.banks.com,Stop Collections,Credit collectors,,http://www.debtreductioninc.com/index8.html,collection,300250,1DC,Head3,1,1
2009-06-27 20:38:49.787,unknown,w-302252-DebtReduction1-1DC-white,TopLeft,DebtReductionInc,0.0,5.0,Debt Settlement1 Master,CA,7500-15000,google,googleads.g.doubleclick.net,Credit Card Debt - high volume,,,http://www.debtreductioninc.com/index8.html,credit_general,302252,1DC,white,1,0
2009-05-22 18:51:10.090,unknown,w-302252-DebtReduction1-1DC-CreditSolutions,TopLeft,DebtReductionInc,0.0,0.0,creditsolutions-branded-shortform,CA,7500-15000,yahoo,search.yahoo.com,Lower Payments,,lower car payment,http://www.debtreductioninc.com/index8.html,lower_payment,302252,1DC,CreditSolutions,1,1
2009-05-02 23:15:58.487,unknown,w-300250-DebtReduction1-2DC-BlueMeter,TopLeft,DebtReductionInc,0.0,0.0,Debt Settlement1 Master,HI,15001-20000,google,unknown,Debt,Debt,,http://www.debtreductioninc.com/index8.html,debt,300250,2DC,BlueMeter,1,1
2009-09-15 16:18:59.993,unknown,w-302252-DebtReduction1-1DC-yellowarrow-dark,TopLeft,DebtReductionInc,0.0,0.0,Debt Settlement1 Master,HI,90000-100000,google,searscreditcardservices.com,Lower Payments,Credit card payments,,http://www.debtreductioninc.com/index8.html,lower_payment,302252,1DC,yellowarrow-dark,1,1
2009-05-01 21:22:15.890,unknown,w-300250-DebtReduction1-1DC-CreditSolutions,TopLeft,DebtReductionInc,0.0,0.0,creditsolutions-branded-shortform,CA,7500-15000,google,www.google.com,Debt Credit Services,Credit services,Credit services,http://www.debtreductioninc.com/index8.html,credit_general,300250,1DC,CreditSolutions,1,1
2009-04-09 22:00:28.270,unknown,w-300250-DebtReduction1-1DC-Head2,TopLeft,DebtReductionInc,0.0,0.0,Debt Settlement1 Master,CA,50001-70000,yahoo,search.yahoo.com,Debt Settlement,,business debt,http://www.debtreductioninc.com/index8.html,settlement,300250,1DC,Head2,1,1
2009-05-20 18:17:52.240,unknown,w-302252-DebtReduction1-1DC-CreditSolutions,TopLeft,DebtReductionInc,0.0,0.0,creditsolutions-branded-shortform,CA,20001-30000,google,www.google.com,Holding Tank - Debt,Debit,debit,http://www.debtreductioninc.com/index8.html,debt,302252,1DC,CreditSolutions,1,1
2009-09-17 19:07:52.000,bad,w-302252-DebtReduction1-1DC-yellowarrow,TopLeft,DebtReductionInc,5.0,2.0,Debt Settlement1 Master,CA,20001-30000,google,www.google.com,Loan Default,Loan default help,help with defaulted loans,http://www.debtreductioninc.com/index8.html,loan,302252,1DC,yellowarrow,0,0
2009-07-01 18:50:28.757,unknown,w-302252-DebtReduction1-1DC,TopLeft,DebtReductionInc,0.0,5.0,Debt Settlement1 Master,CA,30001-50000,google,www.google.com,Holding Tank - Debt,Debt rescue usa,debt rescue usa,http://www.debtreductioninc.com/index8.html,debt,302252,1DC,default,1,0
2009-06-04 04:37:26.750,unknown,w-302252-DebtReduction1-1DC-CreditSolutions,TopLeft,DebtReductionInc,0.0,0.0,creditsolutions-branded-shortform,CA,7500-15000,yahoo,us.yhs.search.yahoo.com,Chapter 13 Bankruptcy,,my chapter 13 plan with rebecca connelly trustee,http://www.debtreductioninc.com/index8.html,bankrup,302252,1DC,CreditSolutions,1,1
2009-08-11 16:45:15.230,unknown,w-302252-DebtReduction1-1DC-CreditSolutions,TopLeft,DebtReductionInc,5.0,5.0,creditsolutions-branded-shortform,CA,15001-20000,google,finance.kosmix.com,Lower Payments,Credit card payments,,http://www.debtreductioninc.com/index8.html,lower_payment,302252,1DC,CreditSolutions,0,0
2009-05-01 21:08:16.660,unknown,w-300250-DebtReduction1-1DC,TopLeft,DebtReductionInc,0.0,0.0,Debt Settlement1 Master,CA,30001-50000,yahoo,search.yahoo.com,Chapter 7 Bankruptcy,,bankruptcy laws,http://www.debtreductioninc.com/index8.html,bankrup,300250,1DC,default,1,1
2009-09-11 21:30:27.000,bad,w-302252-DebtReduction1-1DC-CreditSolutions,TopLeft,DebtReductionInc,4.0,3.0,creditsolutions-branded-shortform,CA,7500-15000,adknowledge,us.mc1116.mail.yahoo.com,Consolidate,,,http://www.debtreductioninc.com/index8.html,consolidation,302252,1DC,CreditSolutions,0,0
2009-06-06 21:43:05.187,unknown,w-302252-DebtReduction1-1DC,TopLeft,DebtReductionInc,0.0,0.0,Debt Settlement1 Master,CA,7500-15000,google,www.webcrawler.com,Lower Payments,Credit card payments,,http://www.debtreductioninc.com/index8.html,lower_payment,302252,1DC,default,1,1
2009-09-29 14:46:53.000,bad,w-302252-DebtReduction1-1DC-yellowarrow-dark,TopLeft,DebtReductionInc,4.0,5.0,Debt Settlement1 Master,AR,7500-15000,google,www.google.com,Debt_Consolidation,Debt consolidation non profit,,http://www.debtreductioninc.com/index8.html,consolidation,302252,1DC,yellowarrow-dark,0,0
2009-06-22 08:46:33.000,bad,w-302252-DebtReduction1-1DC,TopLeft,DebtReductionInc,0.0,0.0,Debt Settlement1 Master,CO,30001-50000,yahoo,payoffstudentloansdebt.com,Debt Consolidation (LV),,,http://www.debtreductioninc.com/index8.html,consolidation,302252,1DC,default,1,1
2009-06-16 00:00:00.000,closed,w-302252-DebtReduction1-1DC,TopLeft,DebtReductionInc,0.0,0.0,Debt Settlement1 Master,NV,20001-30000,yahoo,search.yahoo.com,Debt Consolidation - high volume,,self debt consolidation,http://www.debtreductioninc.com/index8.html,consolidation,302252,1DC,default,1,1
2009-08-29 00:00:00.000,closed,w-302252-DebtReduction1-1DC-CreditSolutions,TopLeft,DebtReductionInc,5.0,5.0,creditsolutions-branded-shortform,AZ,30001-50000,google,search.mywebsearch.com,Holding Tank - Debt,Fair debt,,http://www.debtreductioninc.com/index8.html,debt,302252,1DC,CreditSolutions,0,0
2009-05-25 07:28:49.570,unknown,w-302252-DebtReduction1-1DC-CreditSolutions,TopLeft,DebtReductionInc,0.0,0.0,creditsolutions-branded-shortform,TX,50001-70000,google,googleads.g.doubleclick.net,Credit Card Debt,,,http://www.debtreductioninc.com/index8.html,credit_general,302252,1DC,CreditSolutions,1,1
2009-05-03 11:09:54.733,unknown,w-300250-DebtReduction1-1DC-Head2,TopLeft,DebtReductionInc,0.0,0.0,Debt Settlement1 Master,MO,30001-50000,yahoo,search.yahoo.com,Debt Settlement,,debt relief missouri,http://www.debtreductioninc.com/index8.html,settlement,300250,1DC,Head2,1,1
2009-08-28 04:06:58.523,unknown,w-302252-DebtReduction1-1DC-CreditSolutions,TopLeft,DebtReductionInc,5.0,3.0,creditsolutions-branded-shortform,OR,20001-30000,google,www.google.com,Debt,Debt,what is the best program to help reduce debt?,http://www.debtreductioninc.com/index8.html,debt,302252,1DC,CreditSolutions,0,0
2009-04-27 00:00:00.000,closed,w-300250-DebtReduction1-1DC-CreditSolutions,TopLeft,DebtReductionInc,0.0,0.0,creditsolutions-branded-shortform,NY,15001-20000,google,www.google.com,Debt Arbitration,Debt arbitrators,family debt arbitration,http://www.debtreductioninc.com/index8.html,debt,300250,1DC,CreditSolutions,1,1
2009-05-15 11:48:22.597,unknown,w-302252-DebtReduction1-1DC-white,TopLeft,DebtReductionInc,0.0,0.0,Debt Settlement1 Master,NY,30001-50000,yahoo,search.yahoo.com,General Debt,,debt relief albany ny,http://www.debtreductioninc.com/index8.html,debt,302252,1DC,white,1,1
2009-09-20 00:00:00.000,good,w-302252-DebtReduction1-1DC-CreditSolutions,TopLeft,DebtReductionInc,5.0,5.0,creditsolutions-branded-shortform,VA,50001-70000,google,www.google.com,Debt Services,Advantage debt services,advantage debt services,http://www.debtreductioninc.com/index8.html,debt,302252,1DC,CreditSolutions,0,0
2009-09-06 14:52:57.353,unknown,w-302252-DebtReduction1-1DC-yellowarrow-dark,TopLeft,DebtReductionInc,5.0,2.0,Debt Settlement1 Master,CA,7500-15000,yahoo,search.yahoo.com,Debt Company,,debt management,http://www.debtreductioninc.com/index8.html,debt,302252,1DC,yellowarrow-dark,0,0
2009-05-19 18:52:59.947,unknown,w-302252-DebtReduction1-1DC-white,TopLeft,DebtReductionInc,0.0,0.0,Debt Settlement1 Master,CA,More_than_100000,yahoo,www.linkroll.com,General Debt,,,http://www.debtreductioninc.com/index8.html,debt,302252,1DC,white,1,1
2009-05-14 15:23:30.623,unknown,w-302252-DebtReduction1-1DC,TopLeft,DebtReductionInc,0.0,0.0,Debt Settlement1 Master,CA,30001-50000,yahoo,search.yahoo.com,Credit Card Consolidation,,8007066208 credit card consolidation,http://www.debtreductioninc.com/index8.html,credit_general,302252,1DC,default,1,1
2009-05-14 15:47:30.183,unknown,w-302252-DebtReduction1-1DC-white,TopLeft,DebtReductionInc,0.0,0.0,Debt Settlement1 Master,IL,15001-20000,yahoo,wwwz.websearch.verizon.net,General Debt,,,http://www.debtreductioninc.com/index8.html,debt,302252,1DC,white,1,1
2009-04-08 00:00:00.000,closed,w-300250-DebtReduction1-1DC,TopLeft,DebtReductionInc,0.0,0.0,Debt Settlement1 Master,MD,30001-50000,google,googleads.g.doubleclick.net,Stop Collections,,,http://www.debtreductioninc.com/index8.html,collection,300250,1DC,default,1,1
2009-07-16 17:38:26.437,unknown,w-302252-DebtReduction1-1DC-CreditSolutions,TopLeft,DebtReductionInc,5.0,4.0,creditsolutions-branded-shortform,VA,30001-50000,google,unknown,Student Debt,,,http://www.debtreductioninc.com/index11.html,student_debt,302252,1DC,CreditSolutions,0,0
2009-09-25 22:59:04.000,bad,w-302252-DebtReduction1-1DC-CreditSolutions,TopLeft,DebtReductionInc,3.0,3.0,creditsolutions-branded-shortform,VA,20001-30000,google,unknown,Debt_Consolidate,Consolidate bill,,http://www.debtreductioninc.com/index8.html,consolidation,302252,1DC,CreditSolutions,0,0
2009-07-15 15:30:57.000,bad,w-302252-DebtReduction1-1DC-yellowarrow-blue,TopLeft,DebtReductionInc,1.0,5.0,Debt Settlement1 Master,NY,7500-15000,google,www.google.com,Debt Credit Services,Credit services,credit services,http://www.debtreductioninc.com/index12.html,credit_general,302252,1DC,yellowarrow-blue,0,0
2009-04-30 17:39:26.493,unknown,w-300250-DebtReduction1-2DC-CreditSolutions,TopLeft,DebtReductionInc,0.0,0.0,creditsolutions-branded-shortform,NY,30001-50000,google,googleads.g.doubleclick.net,Credit Card Debt - high volume,,,http://www.debtreductioninc.com/index8.html,credit_general,300250,2DC,CreditSolutions,1,1
2009-06-29 23:34:36.940,unknown,w-302252-DebtReduction1-1DC-white,TopLeft,DebtReductionInc,0.0,5.0,Debt Settlement1 Master,PA,7500-15000,yahoo,unknown,General Debt,,,http://www.debtreductioninc.com/index8.html,debt,302252,1DC,white,1,0
2009-05-23 14:48:07.000,bad,w-302252-DebtReduction1-1DC-white,TopLeft,DebtReductionInc,0.0,0.0,Debt Settlement1 Master,MD,20001-30000,google,www.buzzle.com,How,debt,,http://www.debtreductioninc.com/index8.html,other,302252,1DC,white,1,1
2009-04-29 12:59:44.000,bad,w-300250-DebtReduction1-1DC-Head2,TopLeft,DebtReductionInc,0.0,0.0,Debt Settlement1 Master,MA,7500-15000,yahoo,unknown,Debt Consolidation,,,http://www.debtreductioninc.com/index8.html,consolidation,300250,1DC,Head2,1,1
2009-04-08 13:20:41.303,unknown,w-300250-DebtReduction1-1DC,TopLeft,DebtReductionInc,0.0,0.0,Debt Settlement1 Master,WV,15001-20000,yahoo,search.yahoo.com,Debt Consolidation,,government debt consolidation programs wv,http://www.debtreductioninc.com/index8.html,consolidation,300250,1DC,default,1,1
2009-09-19 00:00:00.000,good,w-302252-DebtReduction1-1DC-white,TopLeft,DebtReductionInc,5.0,5.0,Debt Settlement1 Master,MA,7500-15000,yahoo,search.yahoo.com,Credit Card Consolidation,,debt consolidation,http://www.debtreductioninc.com/index8.html,credit_general,302252,1DC,white,0,0
2009-06-01 19:36:48.550,unknown,w-302252-DebtReduction1-1DC,TopLeft,DebtReductionInc,0.0,0.0,Debt Settlement1 Master,MA,7500-15000,yahoo,search.yahoo.com,Get Out Of Debt,,get out of debt free,http://www.debtreductioninc.com/index8.html,debt,302252,1DC,default,1,1
2009-07-08 17:05:27.113,unknown,w-302252-DebtReduction1-1DC-CreditSolutions,TopLeft,DebtReductionInc,0.0,2.0,creditsolutions-branded-shortform,NY,50001-70000,google,ezinearticles.com,Student Debt,,,http://www.debtreductioninc.com/index8.html,student_debt,302252,1DC,CreditSolutions,1,0
2009-07-29 18:10:05.340,unknown,w-302252-DebtReduction1-1DC-white,TopLeft,DebtReductionInc,5.0,2.0,Debt Settlement1 Master,NY,7500-15000,google,www.google.com,Holding Tank - Debt,Debtfree,debtfree,http://www.debtreductioninc.com/index8.html,debt,302252,1DC,white,0,0
2009-07-18 10:48:16.960,unknown,w-302252-DebtReduction1-1DC-white,TopLeft,DebtReductionInc,5.0,5.0,Debt Settlement1 Master,NY,20001-30000,yahoo,search.yahoo.com,Student Debt - high volume,,cannot pay student loan debt,http://www.debtreductioninc.com/index8.html,student_debt,302252,1DC,white,0,0
2009-09-20 21:02:25.973,unknown,w-302252-DebtReduction1-1DC-yellowarrow,TopLeft,DebtReductionInc,2.0,5.0,Debt Settlement1 Master,NY,7500-15000,yahoo,unknown,Credit Card Consolidation,,,http://www.debtreductioninc.com/index8.html,credit_general,302252,1DC,yellowarrow,0,0
2009-07-02 09:44:22.473,unknown,w-302252-DebtReduction1-1DC-yellowarrow-blue,TopLeft,DebtReductionInc,0.0,5.0,Debt Settlement1 Master,MA,30001-50000,google,googleads.g.doubleclick.net,Free,Free debt consolidation,,http://www.debtreductioninc.com/index8.html,other,302252,1DC,yellowarrow-blue,1,0
2009-07-25 22:24:30.113,unknown,w-302252-DebtReduction1-1DC-yellowarrow-dark,TopLeft,DebtReductionInc,5.0,2.0,Debt Settlement1 Master,MD,90000-100000,yahoo,search.yahoo.com,Debt Restructuring,,dc area personal debt restructuring lawyer,http://www.debtreductioninc.com/index8.html,debt,302252,1DC,yellowarrow-dark,0,0
2009-05-15 14:40:11.000,bad,w-302252-DebtReduction1-1DC-CreditSolutions,TopLeft,DebtReductionInc,0.0,0.0,creditsolutions-branded-shortform,MD,More_than_100000,adknowledge,us.mc361.mail.yahoo.com,Consolidate,,,http://www.debtreductioninc.com/index8.html,consolidation,302252,1DC,CreditSolutions,1,1
2009-08-23 09:00:28.320,unknown,w-302252-DebtReduction1-1DC-CreditSolutions,TopLeft,DebtReductionInc,5.0,3.0,creditsolutions-branded-shortform,VA,30001-50000,google,searchservice.myspace.com,Debt,Debt,,http://www.debtreductioninc.com/index8.html,debt,302252,1DC,CreditSolutions,0,0
2009-07-01 10:15:29.683,unknown,w-302252-DebtReduction1-1DC-yellowarrow-blue,TopLeft,DebtReductionInc,0.0,5.0,Debt Settlement1 Master,FL,More_than_100000,google,googleads.g.doubleclick.net,Student Debt,,,http://www.debtreductioninc.com/index8.html,student_debt,302252,1DC,yellowarrow-blue,1,0
2009-05-07 00:00:00.000,closed,w-300250-DebtReduction1-2DC-CreditSolutions,TopLeft,DebtReductionInc,0.0,0.0,creditsolutions-branded-shortform,FL,30001-50000,yahoo,search.yahoo.com,Get Out Of Debt,,ways to get out of debt,http://www.debtreductioninc.com/index8.html,debt,300250,2DC,CreditSolutions,1,1
2009-07-14 16:03:52.000,bad,w-302252-DebtReduction1-1DC-CreditSolutions,TopLeft,DebtReductionInc,3.0,3.0,creditsolutions-branded-shortform,MD,More_than_100000,google,ezinearticles.com,Student Debt,,,http://www.debtreductioninc.com/index12.html,student_debt,302252,1DC,CreditSolutions,0,0
2009-07-30 21:30:57.223,unknown,w-302252-DebtReduction1-1DC-CreditSolutions,TopLeft,DebtReductionInc,5.0,5.0,creditsolutions-branded-shortform,MD,15001-20000,google,search.cnn.com,Holding Tank - Debt,Debt,,http://www.debtreductioninc.com/index8.html,debt,302252,1DC,CreditSolutions,0,0
2009-05-16 00:00:00.000,closed,w-302252-DebtReduction1-1DC,TopLeft,DebtReductionInc,0.0,0.0,Debt Settlement1 Master,VA,70001-90000,yahoo,search.yahoo.com,General Debt,,credit repair,http://www.debtreductioninc.com/index8.html,debt,302252,1DC,default,1,1
2009-08-01 02:30:49.553,unknown,w-302252-DebtReduction1-1DC-yellowarrow-dark,TopLeft,DebtReductionInc,5.0,5.0,Debt Settlement1 Master,VA,15001-20000,google,www.ehow.com,Credit Card Debt - high volume,,,http://www.debtreductioninc.com/index8.html,credit_general,302252,1DC,yellowarrow-dark,0,0
2009-06-15 00:00:00.000,closed,w-302252-DebtReduction1-1DC-CreditSolutions,TopLeft,DebtReductionInc,0.0,0.0,creditsolutions-branded-shortform,CA,20001-30000,yahoo,www.justclicklocal.com,Debt Consolidation,,,http://www.debtreductioninc.com/index8.html,consolidation,302252,1DC,CreditSolutions,1,1
2009-09-18 22:40:39.413,unknown,w-302252-DebtReduction1-1DC-white,TopLeft,DebtReductionInc,2.0,5.0,Debt Settlement1 Master,NY,30001-50000,yahoo,hostghostplus.com,Credit Card Consolidation,,,http://www.debtreductioninc.com/index8.html,credit_general,302252,1DC,white,0,0
2009-06-30 06:57:34.120,unknown,w-302252-DebtReduction1-1DC-CreditSolutions,TopLeft,DebtReductionInc,0.0,5.0,creditsolutions-branded-shortform,NY,50001-70000,google,unknown,General Debt - high volume,,,http://www.debtreductioninc.com/index11.html,debt,302252,1DC,CreditSolutions,1,0
2009-06-06 12:06:07.963,unknown,w-302252-DebtReduction1-1DC-CreditSolutions,TopLeft,DebtReductionInc,0.0,0.0,creditsolutions-branded-shortform,CA,7500-15000,google,www.lowpriceshopper.com,Lower Payments,Credit card payments,,http://www.debtreductioninc.com/index8.html,lower_payment,302252,1DC,CreditSolutions,1,1
2009-07-24 09:31:41.140,unknown,w-302252-DebtReduction1-1DC-yellowarrow-dark,TopLeft,DebtReductionInc,3.0,3.0,Debt Settlement1 Master,CA,30001-50000,google,www.debtreductioninc.com,Student Debt,,,http://www.debtreductioninc.com/index11.html,student_debt,302252,1DC,yellowarrow-dark,0,0
2009-07-28 12:24:13.213,unknown,w-302252-DebtReduction1-1DC-CreditSolutions,TopLeft,DebtReductionInc,5.0,5.0,creditsolutions-branded-shortform,CA,7500-15000,google,www.info.com,Lower Payments,Credit card payments,,http://www.debtreductioninc.com/index8.html,lower_payment,302252,1DC,CreditSolutions,0,0
2009-04-16 18:58:08.883,unknown,w-300250-DebtReduction1-1DC-BlueMeter,TopLeft,DebtReductionInc,0.0,0.0,Debt Settlement1 Master,MA,70001-90000,google,www.google.com,Holding Tank - Debt,Debt cures they don t want you to know about,debt cures they don't want you to know about,http://www.debtreductioninc.com/index8.html,debt,300250,1DC,BlueMeter,1,1
2009-04-11 10:27:55.293,unknown,w-300250-DebtReduction1-2DC-BlueMeter,TopLeft,DebtReductionInc,0.0,0.0,Debt Settlement1 Master,FL,30001-50000,google,googleads.g.doubleclick.net,Debt Reduction,,,http://www.debtreductioninc.com/index8.html,debt,300250,2DC,BlueMeter,1,1
2009-06-18 07:00:32.150,unknown,w-302252-DebtReduction1-1DC-yellowarrow-blue,TopLeft,DebtReductionInc,0.0,0.0,Debt Settlement1 Master,MA,15001-20000,yahoo,search.yahoo.com,Personal Debt Consolidation Loan,,personal loan debt constellations,http://www.debtreductioninc.com/index8.html,consolidation,302252,1DC,yellowarrow-blue,1,1
2009-07-04 16:26:50.477,unknown,w-302252-DebtReduction1-1DC-CreditSolutions,TopLeft,DebtReductionInc,0.0,3.0,creditsolutions-branded-shortform,VA,30001-50000,yahoo,search.yahoo.com,General Debt,,financial counseling,http://www.debtreductioninc.com/index8.html,debt,302252,1DC,CreditSolutions,1,0
2009-05-10 15:59:50.367,unknown,w-302252-DebtReduction1-1DC-CreditSolutions,TopLeft,DebtReductionInc,0.0,0.0,creditsolutions-branded-shortform,MD,30001-50000,yahoo,www.findstuff.com,Credit Debt Consolidation Loan,,,http://www.debtreductioninc.com/index8.html,credit_general,302252,1DC,CreditSolutions,1,1
2009-05-28 14:58:24.340,unknown,w-302252-DebtReduction1-1DC-white,TopLeft,DebtReductionInc,0.0,0.0,Debt Settlement1 Master,MI,7500-15000,google,ezinearticles.com,Student Debt,,,http://www.debtreductioninc.com/index12.html,student_debt,302252,1DC,white,1,1
2009-05-09 17:02:20.587,unknown,w-302252-DebtReduction1-1DC-white,TopLeft,DebtReductionInc,0.0,0.0,Debt Settlement1 Master,ND,50001-70000,google,googleads.g.doubleclick.net,Student Debt,,,http://www.debtreductioninc.com/index8.html,student_debt,302252,1DC,white,1,1
2009-06-19 06:42:34.477,unknown,w-302252-DebtReduction1-1DC-CreditSolutions,TopLeft,DebtReductionInc,0.0,0.0,creditsolutions-branded-shortform,ND,30001-50000,yahoo,search.yahoo.com,Debt Consolidation - high volume,,debt consolidation in Bismarck nd,http://www.debtreductioninc.com/index8.html,consolidation,302252,1DC,CreditSolutions,1,1
2009-06-22 23:19:54.803,unknown,w-302252-DebtReduction1-1DC,TopLeft,DebtReductionInc,0.0,0.0,Debt Settlement1 Master,ND,30001-50000,google,search.money.cnn.com,Holding Tank - Debt,Us debt resolve,,http://www.debtreductioninc.com/index8.html,debt,302252,1DC,default,1,1
2009-05-14 15:11:30.080,unknown,w-302252-DebtReduction1-1DC,TopLeft,DebtReductionInc,0.0,0.0,Debt Settlement1 Master,CA,50001-70000,adknowledge,us.mc656.mail.yahoo.com,Consolidate,,,http://www.debtreductioninc.com/index8.html,consolidation,302252,1DC,default,1,1
2009-07-27 23:13:42.000,bad,w-302252-DebtReduction1-1DC-CreditSolutions,TopLeft,DebtReductionInc,1.0,5.0,creditsolutions-branded-shortform,CA,20001-30000,google,unknown,Debt Credit Services,Credit services,,http://www.debtreductioninc.com/index11.html,credit_general,302252,1DC,CreditSolutions,0,0
2009-07-15 13:41:33.117,unknown,w-302252-DebtReduction1-1DC-CreditSolutions,TopLeft,DebtReductionInc,1.0,4.0,creditsolutions-branded-shortform,CO,7500-15000,google,news.google.com,Lower Payments,Credit card payments,www.chase.com creditcards payment,http://www.debtreductioninc.com/index8.html,lower_payment,302252,1DC,CreditSolutions,0,0
2009-08-23 00:14:13.130,unknown,w-302252-DebtReduction1-1DC-white,TopLeft,DebtReductionInc,5.0,2.0,Debt Settlement1 Master,AL,7500-15000,google,www.ask.com,Holding Tank - Debt,Debts,When debtors file lein on estates does the debts  have to be paid,http://www.debtreductioninc.com/index8.html,debt,302252,1DC,white,0,0
2009-07-12 16:06:41.200,unknown,w-302252-DebtReduction1-1DC-CreditSolutions,TopLeft,DebtReductionInc,5.0,5.0,creditsolutions-branded-shortform,TX,30001-50000,google,ads.cnn.com,Student Debt,,,http://www.debtreductioninc.com/index8.html,student_debt,302252,1DC,CreditSolutions,0,0
2009-04-27 21:41:42.073,unknown,w-300250-DebtReduction1-1DC,TopLeft,DebtReductionInc,0.0,0.0,Debt Settlement1 Master,TX,30001-50000,google,googleads.g.doubleclick.net,Debt Credit Services,,,http://www.debtreductioninc.com/index8.html,credit_general,300250,1DC,default,1,1
2009-07-12 22:54:40.117,unknown,w-302252-DebtReduction1-1DC-CreditSolutions,TopLeft,DebtReductionInc,5.0,4.0,creditsolutions-branded-shortform,FL,More_than_100000,google,www.mahalo.com,Student Debt,,,http://www.debtreductioninc.com/index12.html,student_debt,302252,1DC,CreditSolutions,0,0
2009-07-11 14:13:46.630,unknown,w-302252-DebtReduction1-1DC-CreditSolutions,TopLeft,DebtReductionInc,5.0,4.0,creditsolutions-branded-shortform,FL,7500-15000,google,www.ehow.com,Credit Card Debt - high volume,,,http://www.debtreductioninc.com/index8.html,credit_general,302252,1DC,CreditSolutions,0,0
2009-09-27 18:20:43.357,unknown,w-302252-DebtReduction1-1DC-yellowarrow,TopLeft,DebtReductionInc,5.0,3.0,Debt Settlement1 Master,FL,30001-50000,yahoo,www.zwangi.com,General Debt,,,http://www.debtreductioninc.com/index8.html,debt,302252,1DC,yellowarrow,0,0
2009-05-10 19:33:50.850,unknown,w-302252-DebtReduction1-1DC,TopLeft,DebtReductionInc,0.0,0.0,Debt Settlement1 Master,FL,7500-15000,yahoo,www.findstuff.com,Credit Debt Consolidation Loan,,,http://www.debtreductioninc.com/index8.html,credit_general,302252,1DC,default,1,1
2009-09-24 22:04:59.763,unknown,w-302252-DebtReduction1-1DC-CreditSolutions,TopLeft,DebtReductionInc,5.0,2.0,creditsolutions-branded-shortform,FL,7500-15000,yahoo,landings.trafficz.com,Credit Card Consolidation,,,http://www.debtreductioninc.com/index8.html,credit_general,302252,1DC,CreditSolutions,0,0
2009-05-04 23:44:44.303,unknown,w-300250-DebtReduction1-2DC-CreditSolutions,TopLeft,DebtReductionInc,0.0,0.0,creditsolutions-branded-shortform,FL,50001-70000,google,googleads.g.doubleclick.net,Consolidation,Debt consolidation,,http://www.debtreductioninc.com/index8.html,consolidation,300250,2DC,CreditSolutions,1,1
2009-08-16 01:08:31.710,unknown,w-302252-DebtReduction1-1DC-yellowarrow-dark,TopLeft,DebtReductionInc,1.0,3.0,Debt Settlement1 Master,FL,90000-100000,google,googleads.g.doubleclick.net,Credit Card Debt - high volume,,,http://www.debtreductioninc.com/index8.html,credit_general,302252,1DC,yellowarrow-dark,0,0
2009-05-31 00:00:00.000,good,w-302252-DebtReduction1-1DC-white,TopLeft,DebtReductionInc,0.0,0.0,Debt Settlement1 Master,FL,7500-15000,yahoo,www.linkroll.com,General Debt,,,http://www.debtreductioninc.com/index8.html,debt,302252,1DC,white,1,1
2009-05-02 09:48:02.327,unknown,w-300250-DebtReduction1-2DC-BlueMeter,TopLeft,DebtReductionInc,0.0,0.0,Debt Settlement1 Master,FL,50001-70000,google,ezinearticles.com,Student Debt,,,http://www.debtreductioninc.com/index8.html,student_debt,300250,2DC,BlueMeter,1,1
2009-05-12 00:00:00.000,closed,w-302252-DebtReduction1-1DC-white,TopLeft,DebtReductionInc,0.0,0.0,Debt Settlement1 Master,OR,15001-20000,yahoo,search.yahoo.com,Debt Consolidation,,government debt consolidator,http://www.debtreductioninc.com/index8.html,consolidation,302252,1DC,white,1,1
2009-06-15 23:50:02.000,bad,w-302252-DebtReduction1-1DC,TopLeft,DebtReductionInc,0.0,0.0,Debt Settlement1 Master,AZ,7500-15000,yahoo,search.yahoo.com,Debt Consolidation,,cambridge debt,http://www.debtreductioninc.com/index8.html,consolidation,302252,1DC,default,1,1
2009-06-07 13:17:59.270,unknown,w-302252-DebtReduction1-1DC-CreditSolutions,TopLeft,DebtReductionInc,0.0,0.0,creditsolutions-branded-shortform,AZ,50001-70000,google,search23.info.com,Holding Tank - Debt,Debt letters,,http://www.debtreductioninc.com/index8.html,debt,302252,1DC,CreditSolutions,1,1
2009-09-22 22:55:13.407,unknown,w-302252-DebtReduction1-1DC-CreditSolutions,TopLeft,DebtReductionInc,5.0,5.0,creditsolutions-branded-shortform,CO,7500-15000,google,www.google.com,Debt Program,Debt reduction program,free debt reduction programs,http://www.debtreductioninc.com/index8.html,debt,302252,1DC,CreditSolutions,0,0
2009-05-23 22:09:01.307,unknown,w-302252-DebtReduction1-1DC-white,TopLeft,DebtReductionInc,0.0,0.0,Debt Settlement1 Master,CO,7500-15000,yahoo,search.yahoo.com,General Debt,,colorado debt repair,http://www.debtreductioninc.com/index8.html,debt,302252,1DC,white,1,1
2009-06-07 00:12:16.000,bad,w-302252-DebtReduction1-1DC-CreditSolutions,TopLeft,DebtReductionInc,0.0,0.0,creditsolutions-branded-shortform,MT,7500-15000,yahoo,search.yahoo.com,About Debt Consolidation,,montana consumer credit counseling,http://www.debtreductioninc.com/index8.html,consolidation,302252,1DC,CreditSolutions,1,1
2009-07-06 00:00:00.000,closed,w-302252-DebtReduction1-1DC,TopLeft,DebtReductionInc,0.0,3.0,Debt Settlement1 Master,MT,20001-30000,yahoo,purelocal.com,Lower Payments,,,http://www.debtreductioninc.com/index8.html,lower_payment,302252,1DC,default,1,0
2009-04-11 12:02:54.710,unknown,w-300250-DebtReduction1-1DC-Head2,TopLeft,DebtReductionInc,0.0,0.0,Debt Settlement1 Master,NM,7500-15000,google,googleads.g.doubleclick.net,Stop Collections,,,http://www.debtreductioninc.com/index8.html,collection,300250,1DC,Head2,1,1
2009-06-17 10:18:53.000,bad,w-302252-DebtReduction1-1DC-yellowarrow-blue,TopLeft,DebtReductionInc,0.0,0.0,Debt Settlement1 Master,AZ,20001-30000,google,www.google.com,Lower Payments,Credit card payments,www.chase.com creditcards payment,http://www.debtreductioninc.com/index8.html,lower_payment,302252,1DC,yellowarrow-blue,1,1
2009-06-26 21:53:55.087,unknown,w-302252-DebtReduction1-1DC-CreditSolutions,TopLeft,DebtReductionInc,0.0,5.0,creditsolutions-branded-shortform,CO,30001-50000,yahoo,search.yahoo.com,Credit Card Debt,,average credit card debt,http://www.debtreductioninc.com/index8.html,credit_general,302252,1DC,CreditSolutions,1,0
2009-08-20 22:23:59.050,unknown,w-302252-DebtReduction1-1DC-yellowarrow-blue,TopLeft,DebtReductionInc,5.0,3.0,Debt Settlement1 Master,CO,30001-50000,google,googleads.g.doubleclick.net,Debt Consolidation,Debt consolidation online,,http://www.debtreductioninc.com/index8.html,consolidation,302252,1DC,yellowarrow-blue,0,0
2009-04-14 13:34:27.883,unknown,w-300250-DebtReduction1-2DC-BlueMeter,TopLeft,DebtReductionInc,0.0,0.0,Debt Settlement1 Master,AZ,70001-90000,google,domains.googlesyndication.com,How,debt,,http://www.debtreductioninc.com/index8.html,other,300250,2DC,BlueMeter,1,1
2009-09-20 19:00:26.090,unknown,w-302252-DebtReduction1-1DC-CreditSolutions,TopLeft,DebtReductionInc,5.0,4.0,creditsolutions-branded-shortform,OR,30001-50000,google,googleads.g.doubleclick.net,Credit Card Debt - high volume,,,http://www.debtreductioninc.com/index8.html,credit_general,302252,1DC,CreditSolutions,0,0
2009-06-10 16:10:34.543,unknown,w-302252-DebtReduction1-1DC-white,TopLeft,DebtReductionInc,0.0,0.0,Debt Settlement1 Master,IA,50001-70000,google,www.google.com,Student Debt,Student loan default,studentloans for people who are in default,http://www.debtreductioninc.com/index8.html,student_debt,302252,1DC,white,1,1
2009-05-13 17:18:32.373,unknown,w-302252-DebtReduction1-1DC,TopLeft,DebtReductionInc,0.0,0.0,Debt Settlement1 Master,TX,7500-15000,adknowledge,us.mc310.mail.yahoo.com,Consolidate,,,http://www.debtreductioninc.com/index8.html,consolidation,302252,1DC,default,1,1
2009-08-05 15:08:25.000,unknown,w-302252-DebtReduction1-1DC-yellowarrow-blue,TopLeft,DebtReductionInc,1.0,5.0,Debt Settlement1 Master,WV,90000-100000,yahoo,search.yahoo.com,Debt Consolidation,,government help for debt consolation,http://www.debtreductioninc.com/index8.html,consolidation,302252,1DC,yellowarrow-blue,0,0
2009-07-25 07:30:32.327,unknown,w-302252-DebtReduction1-1DC-CreditSolutions,TopLeft,DebtReductionInc,3.0,4.0,creditsolutions-branded-shortform,TX,20001-30000,google,googleads.g.doubleclick.net,Student Debt,,,http://www.debtreductioninc.com/index12.html,student_debt,302252,1DC,CreditSolutions,0,0
2009-08-21 11:41:39.000,bad,w-302252-DebtReduction1-1DC-white,TopLeft,DebtReductionInc,3.0,3.0,Debt Settlement1 Master,FL,20001-30000,google,www.ask.com,Loan Default,Loans in default,education loan default for darick lashey jackson,http://www.debtreductioninc.com/index8.html,loan,302252,1DC,white,0,0
2009-07-12 13:47:41.427,unknown,w-302252-DebtReduction1-1DC-CreditSolutions,TopLeft,DebtReductionInc,3.0,3.0,creditsolutions-branded-shortform,MA,7500-15000,google,ezinearticles.com,Debt Consolidation,Military debt consolidation,,http://www.debtreductioninc.com/index8.html,consolidation,302252,1DC,CreditSolutions,0,0
2009-04-16 19:20:08.773,unknown,w-300250-DebtReduction1-2DC-BlueMeter,TopLeft,DebtReductionInc,0.0,0.0,Debt Settlement1 Master,LA,20001-30000,yahoo,affordablestudentloan.net,Student Debt,,,http://www.debtreductioninc.com/index8.html,student_debt,300250,2DC,BlueMeter,1,1
2009-08-17 08:43:23.590,unknown,w-302252-DebtReduction1-1DC-yellowarrow-blue,TopLeft,DebtReductionInc,5.0,5.0,Debt Settlement1 Master,MI,7500-15000,google,www.google.com,Lower Payments,Credit card payments,chase credit card payment,http://www.debtreductioninc.com/index8.html,lower_payment,302252,1DC,yellowarrow-blue,0,0
2009-07-26 00:00:00.000,closed,w-302252-DebtReduction1-1DC-CreditSolutions,TopLeft,DebtReductionInc,5.0,5.0,creditsolutions-branded-shortform,MI,7500-15000,google,www.google.com,Stop Collections,Creditor harassment,creditor harassment,http://www.debtreductioninc.com/index8.html,collection,302252,1DC,CreditSolutions,0,0
2009-05-25 00:00:00.000,closed,w-302252-DebtReduction1-1DC,TopLeft,DebtReductionInc,0.0,0.0,Debt Settlement1 Master,MI,70001-90000,google,www.google.com,Credit Card Reduction,Credit card interest reduction,credit card interest rate reduction program,http://www.debtreductioninc.com/index8.html,credit_general,302252,1DC,default,1,1
2009-04-17 20:32:59.513,unknown,w-300250-DebtReduction1-1DC-CreditSolutions,TopLeft,DebtReductionInc,0.0,0.0,creditsolutions-branded-shortform,MO,50001-70000,google,www.google.com,Student Debt,Student loan default,programs for getting out of student loan default,http://www.debtreductioninc.com/index8.html,student_debt,300250,1DC,CreditSolutions,1,1
2009-06-24 11:47:36.480,unknown,w-302252-DebtReduction1-1DC-CreditSolutions,TopLeft,DebtReductionInc,0.0,0.0,creditsolutions-branded-shortform,IL,20001-30000,yahoo,search.yahoo.com,Bankruptcy (LV),,should i file bankruptsy on debt thats 7years old,http://www.debtreductioninc.com/index8.html,bankrup,302252,1DC,CreditSolutions,1,1
2009-04-17 02:31:34.000,bad,w-300250-DebtReduction1-2DC-CreditSolutions,TopLeft,DebtReductionInc,0.0,0.0,creditsolutions-branded-shortform,CA,70001-90000,yahoo,search.yahoo.com,Debt Credit Services,,credit service,http://www.debtreductioninc.com/index8.html,credit_general,300250,2DC,CreditSolutions,1,1
2009-09-27 14:46:43.777,unknown,w-302252-DebtReduction1-1DC-yellowarrow-dark,TopLeft,DebtReductionInc,5.0,2.0,Debt Settlement1 Master,IL,7500-15000,yahoo,search.yahoo.com,Credit Card Consolidation,,how to eliminate debt,http://www.debtreductioninc.com/index8.html,credit_general,302252,1DC,yellowarrow-dark,0,0
2009-06-15 08:20:51.097,unknown,w-302252-DebtReduction1-1DC-CreditSolutions,TopLeft,DebtReductionInc,0.0,0.0,creditsolutions-branded-shortform,IL,30001-50000,google,www.google.com,Holding Tank - Debt,National debt initiative program,national debt initiative program,http://www.debtreductioninc.com/index8.html,debt,302252,1DC,CreditSolutions,1,1
2009-07-25 00:26:33.960,unknown,w-302252-DebtReduction1-1DC-yellowarrow-dark,TopLeft,DebtReductionInc,5.0,5.0,Debt Settlement1 Master,MO,50001-70000,google,www.debtreductioninc.com,Student Debt,,,http://www.debtreductioninc.com/index11.html,student_debt,302252,1DC,yellowarrow-dark,0,0
2009-04-26 00:00:00.000,good,w-300250-DebtReduction1-2DC-BlueMeter,TopLeft,DebtReductionInc,0.0,0.0,Debt Settlement1 Master,TX,20001-30000,google,www.google.com,Debt Negotiation,Credit negotiators,CREDIT CARD NEGOIATOR,http://www.debtreductioninc.com/index8.html,debt,300250,2DC,BlueMeter,1,1
2009-06-07 10:54:00.170,unknown,w-302252-DebtReduction1-1DC-CreditSolutions,TopLeft,DebtReductionInc,0.0,0.0,creditsolutions-branded-shortform,CA,15001-20000,yahoo,search.yahoo.com,Debt Consolidation,,debit consolidators in california,http://www.debtreductioninc.com/index8.html,consolidation,302252,1DC,CreditSolutions,1,1
2009-07-25 22:01:29.747,unknown,w-302252-DebtReduction1-1DC-yellowarrow-blue,TopLeft,DebtReductionInc,5.0,5.0,Debt Settlement1 Master,CA,15001-20000,yahoo,search.yahoo.com,Debt Consolidation,,debt consolidation with a non-profit agency,http://www.debtreductioninc.com/index8.html,consolidation,302252,1DC,yellowarrow-blue,0,0
2009-09-08 16:34:43.857,unknown,w-302252-DebtReduction1-1DC-CreditSolutions,TopLeft,DebtReductionInc,5.0,2.0,creditsolutions-branded-shortform,OR,20001-30000,yahoo,www.kidica.com,Student Debt - high volume,,,http://www.debtreductioninc.com/index8.html,student_debt,302252,1DC,CreditSolutions,0,0
2009-07-11 21:50:09.000,bad,w-302252-DebtReduction1-1DC-CreditSolutions,TopLeft,DebtReductionInc,5.0,5.0,creditsolutions-branded-shortform,MI,15001-20000,google,googleads.g.doubleclick.net,Student Debt,,,http://www.debtreductioninc.com/index8.html,student_debt,302252,1DC,CreditSolutions,0,0
2009-06-17 00:14:41.217,unknown,w-302252-DebtReduction1-1DC-CreditSolutions,TopLeft,DebtReductionInc,0.0,0.0,creditsolutions-branded-shortform,NY,More_than_100000,yahoo,unknown,Debt Consolidation,,,http://www.debtreductioninc.com/index8.html,consolidation,302252,1DC,CreditSolutions,1,1
2009-06-09 22:30:40.547,unknown,w-302252-DebtReduction1-1DC-white,TopLeft,DebtReductionInc,0.0,0.0,Debt Settlement1 Master,FL,20001-30000,yahoo,search.yahoo.com,General Debt,,florida debt relief center,http://www.debtreductioninc.com/index8.html,debt,302252,1DC,white,1,1
2009-06-07 21:12:10.000,bad,w-302252-DebtReduction1-1DC-CreditSolutions,TopLeft,DebtReductionInc,0.0,0.0,creditsolutions-branded-shortform,TX,50001-70000,google,search.mywebsearch.com,Debt Program,National debt program,,http://www.debtreductioninc.com/index8.html,debt,302252,1DC,CreditSolutions,1,1
2009-07-09 21:13:54.000,bad,w-302252-DebtReduction1-1DC,TopLeft,DebtReductionInc,0.0,5.0,Debt Settlement1 Master,IN,More_than_100000,yahoo,unknown,Debt Consolidation - high volume,,,http://www.debtreductioninc.com/index8.html,consolidation,302252,1DC,default,1,0
2009-06-27 19:55:14.000,bad,w-302252-DebtReduction1-1DC-CreditSolutions,TopLeft,DebtReductionInc,0.0,2.0,creditsolutions-branded-shortform,CA,70001-90000,google,www.google.com,Debt Negotiation,Debt negotiation lawyer,"debt settlement attorney, ca",http://www.debtreductioninc.com/index8.html,debt,302252,1DC,CreditSolutions,1,0
2009-05-23 22:22:01.027,unknown,w-302252-DebtReduction1-1DC-CreditSolutions,TopLeft,DebtReductionInc,0.0,0.0,creditsolutions-branded-shortform,NY,More_than_100000,yahoo,www.findstuff.com,Debt Consolidation,,,http://www.debtreductioninc.com/index8.html,consolidation,302252,1DC,CreditSolutions,1,1
2009-06-12 00:00:00.000,closed,w-302252-DebtReduction1-1DC-white,TopLeft,DebtReductionInc,0.0,0.0,Debt Settlement1 Master,PA,30001-50000,google,googleads.g.doubleclick.net,Credit Card Debt - high volume,,,http://www.debtreductioninc.com/index8.html,credit_general,302252,1DC,white,1,1
2009-06-26 15:59:57.447,unknown,w-302252-DebtReduction1-1DC-CreditSolutions,TopLeft,DebtReductionInc,0.0,5.0,creditsolutions-branded-shortform,IL,20001-30000,yahoo,search.yahoo.com,General Debt,,obama debt relief,http://www.debtreductioninc.com/index8.html,debt,302252,1DC,CreditSolutions,1,0
2009-09-02 23:28:21.747,unknown,w-302252-DebtReduction1-1DC-yellowarrow-blue,TopLeft,DebtReductionInc,5.0,5.0,Debt Settlement1 Master,NY,More_than_100000,adknowledge,unknown,Consolidate,,,http://www.debtreductioninc.com/index8.html,consolidation,302252,1DC,yellowarrow-blue,0,0
2009-09-25 00:00:00.000,closed,w-302252-DebtReduction1-1DC-CreditSolutions,TopLeft,DebtReductionInc,5.0,5.0,creditsolutions-branded-shortform,NY,20001-30000,yahoo,search.dnsassist.verizon.net,Credit Card Consolidation,,www.debtconsolidation.com,http://www.debtreductioninc.com/index8.html,credit_general,302252,1DC,CreditSolutions,0,0
2009-09-23 01:09:11.890,unknown,w-302252-DebtReduction1-1DC-CreditSolutions,TopLeft,DebtReductionInc,5.0,5.0,creditsolutions-branded-shortform,WA,7500-15000,google,ezinearticles.com,Credit Card Debt - high volume,,,http://www.debtreductioninc.com/index8.html,credit_general,302252,1DC,CreditSolutions,0,0
2009-05-14 20:28:29.120,unknown,w-302252-DebtReduction1-1DC,TopLeft,DebtReductionInc,0.0,0.0,Debt Settlement1 Master,FL,More_than_100000,google,www.ask.com,How,How to reduce interest on credit cards,How to reduce interest rates on credit cards,http://www.debtreductioninc.com/index8.html,other,302252,1DC,default,1,1
2009-06-18 18:03:30.203,unknown,w-302252-DebtReduction1-1DC-CreditSolutions,TopLeft,DebtReductionInc,0.0,0.0,creditsolutions-branded-shortform,MT,7500-15000,google,googleads.g.doubleclick.net,Student Debt,,,http://www.debtreductioninc.com/index8.html,student_debt,302252,1DC,CreditSolutions,1,1
2009-06-09 21:21:40.373,unknown,w-302252-DebtReduction1-1DC,TopLeft,DebtReductionInc,0.0,0.0,Debt Settlement1 Master,MT,15001-20000,yahoo,search.yahoo.com,Filing Bankrupcy,,Montana Bankruptcy,http://www.debtreductioninc.com/index8.html,bankrup,302252,1DC,default,1,1
2009-04-25 01:56:14.697,unknown,w-300250-DebtReduction1-2DC-BlueMeter,TopLeft,DebtReductionInc,0.0,0.0,Debt Settlement1 Master,CO,20001-30000,yahoo,unknown,General Debt,,,http://www.debtreductioninc.com/index8.html,debt,300250,2DC,BlueMeter,1,1
2009-07-30 04:03:01.420,unknown,w-302252-DebtReduction1-1DC-CreditSolutions,TopLeft,DebtReductionInc,5.0,2.0,creditsolutions-branded-shortform,MT,30001-50000,yahoo,search.yahoo.com,General Debt,,debt help 24,http://www.debtreductioninc.com/index8.html,debt,302252,1DC,CreditSolutions,0,0
2009-07-14 17:08:30.877,unknown,w-302252-DebtReduction1-1DC-yellowarrow-blue,TopLeft,DebtReductionInc,5.0,5.0,Debt Settlement1 Master,LA,15001-20000,google,googleads.g.doubleclick.net,Student Debt,,,http://www.debtreductioninc.com/index8.html,student_debt,302252,1DC,yellowarrow-blue,0,0
2009-05-09 22:06:58.787,unknown,w-302252-DebtReduction1-1DC-CreditSolutions,TopLeft,DebtReductionInc,0.0,0.0,creditsolutions-branded-shortform,MO,7500-15000,yahoo,www.findstuff.com,Student Debt,,,http://www.debtreductioninc.com/index8.html,student_debt,302252,1DC,CreditSolutions,1,1
2009-06-09 20:02:40.757,unknown,w-302252-DebtReduction1-1DC,TopLeft,DebtReductionInc,0.0,0.0,Debt Settlement1 Master,MI,30001-50000,yahoo,search.yahoo.com,Bankruptcy - high volume,,bankruptcy,http://www.debtreductioninc.com/index8.html,bankrup,302252,1DC,default,1,1
2009-06-10 22:04:14.940,unknown,w-302252-DebtReduction1-1DC-white,TopLeft,DebtReductionInc,0.0,0.0,Debt Settlement1 Master,AR,7500-15000,google,www.ehow.com,Credit Card Debt - high volume,,,http://www.debtreductioninc.com/index8.html,credit_general,302252,1DC,white,1,1
2009-08-03 15:37:34.670,unknown,w-302252-DebtReduction1-1DC-yellowarrow,TopLeft,DebtReductionInc,5.0,5.0,Debt Settlement1 Master,FL,More_than_100000,google,googleads.g.doubleclick.net,Credit Card Debt - high volume,,http://lopup.com,http://www.debtreductioninc.com/index8.html,credit_general,302252,1DC,yellowarrow,0,0
2009-04-24 00:00:00.000,good,w-300250-DebtReduction1-1DC,TopLeft,DebtReductionInc,0.0,0.0,Debt Settlement1 Master,NY,7500-15000,yahoo,search.yahoo.com,General Debt,,how can i fix my debts,http://www.debtreductioninc.com/index8.html,debt,300250,1DC,default,1,1
2009-04-23 02:45:30.730,unknown,w-300250-DebtReduction1-2DC-CreditSolutions,TopLeft,DebtReductionInc,0.0,0.0,creditsolutions-branded-shortform,NY,7500-15000,yahoo,flamingdesire.com,Debt Reduction,,,http://www.debtreductioninc.com/index8.html,debt,300250,2DC,CreditSolutions,1,1
2009-06-10 21:24:30.000,bad,w-302252-DebtReduction1-1DC-white,TopLeft,DebtReductionInc,0.0,0.0,Debt Settlement1 Master,NY,7500-15000,google,www.google.com,Student Debt,Student loan default,private student loan default help,http://www.debtreductioninc.com/index8.html,student_debt,302252,1DC,white,1,1
2009-07-25 06:24:31.840,unknown,w-302252-DebtReduction1-1DC-yellowarrow-blue,TopLeft,DebtReductionInc,5.0,5.0,Debt Settlement1 Master,VA,90000-100000,google,www.soyouwanna.com,Student Debt,,,http://www.debtreductioninc.com/index12.html,student_debt,302252,1DC,yellowarrow-blue,0,0
2009-09-02 21:05:22.997,unknown,w-302252-DebtReduction1-1DC-white,TopLeft,DebtReductionInc,5.0,3.0,Debt Settlement1 Master,MD,20001-30000,adknowledge,us.mg4.mail.yahoo.com,Consolidate,,,http://www.debtreductioninc.com/index8.html,consolidation,302252,1DC,white,0,0
2009-05-14 18:10:28.887,unknown,w-302252-DebtReduction1-1DC,TopLeft,DebtReductionInc,0.0,0.0,Debt Settlement1 Master,PA,15001-20000,adknowledge,unknown,Consolidate,,,http://www.debtreductioninc.com/index8.html,consolidation,302252,1DC,default,1,1
2009-08-24 18:49:19.497,unknown,w-302252-DebtReduction1-1DC-CreditSolutions,TopLeft,DebtReductionInc,5.0,5.0,creditsolutions-branded-shortform,AL,7500-15000,google,www.wikihow.com,Credit Card Debt - high volume,,,http://www.debtreductioninc.com/index8.html,credit_general,302252,1DC,CreditSolutions,0,0
2009-04-18 17:55:51.990,unknown,w-300250-DebtReduction1-1DC-BlueMeter,TopLeft,DebtReductionInc,0.0,0.0,Debt Settlement1 Master,CA,20001-30000,google,ezinearticles.com,Student Debt,,,http://www.debtreductioninc.com/index8.html,student_debt,300250,1DC,BlueMeter,1,1
2009-04-28 13:17:34.107,unknown,w-300250-DebtReduction1-1DC-CreditSolutions,TopLeft,DebtReductionInc,0.0,0.0,creditsolutions-branded-shortform,CA,7500-15000,google,searchportal.information.com,Student Debt,Student loan default,,http://www.debtreductioninc.com/index8.html,student_debt,300250,1DC,CreditSolutions,1,1
2009-05-30 00:00:00.000,closed,w-302252-DebtReduction1-1DC-CreditSolutions,TopLeft,DebtReductionInc,0.0,0.0,creditsolutions-branded-shortform,HI,7500-15000,google,www.google.com,Holding Tank - Debt,Unsecured debt,unsecured debt,http://www.debtreductioninc.com/index8.html,debt,302252,1DC,CreditSolutions,1,1
2009-06-15 00:00:00.000,good,w-302252-DebtReduction1-1DC,TopLeft,DebtReductionInc,0.0,0.0,Debt Settlement1 Master,CA,20001-30000,yahoo,search.yahoo.com,General Debt,,credit card debt control,http://www.debtreductioninc.com/index8.html,debt,302252,1DC,default,1,1
2009-07-15 00:30:27.820,unknown,w-302252-DebtReduction1-1DC-CreditSolutions,TopLeft,DebtReductionInc,4.0,3.0,creditsolutions-branded-shortform,CA,More_than_100000,google,www.soyouwanna.com,Student Debt,,,http://www.debtreductioninc.com/index8.html,student_debt,302252,1DC,CreditSolutions,0,0
2009-04-20 00:00:00.000,good,w-300250-DebtReduction1-1DC-Head3,TopLeft,DebtReductionInc,0.0,0.0,Debt Settlement1 Master,CA,7500-15000,yahoo,losangeles.citysearch.com,Stop Collections,,,http://www.debtreductioninc.com/index8.html,collection,300250,1DC,Head3,1,1
2009-04-18 18:15:51.890,unknown,w-300250-DebtReduction1-1DC-Head2,TopLeft,DebtReductionInc,0.0,0.0,Debt Settlement1 Master,CA,15001-20000,yahoo,search.yahoo.com,Loan Default,,loans in default,http://www.debtreductioninc.com/index8.html,loan,300250,1DC,Head2,1,1
2009-08-26 20:31:06.920,unknown,w-302252-DebtReduction1-1DC-CreditSolutions,TopLeft,DebtReductionInc,3.0,3.0,creditsolutions-branded-shortform,CA,7500-15000,google,unknown,Lower Payments,,,http://www.debtreductioninc.com/index11.html,lower_payment,302252,1DC,CreditSolutions,0,0
2009-07-05 00:00:00.000,good,w-302252-DebtReduction1-1DC-CreditSolutions,TopLeft,DebtReductionInc,0.0,3.0,creditsolutions-branded-shortform,CA,7500-15000,adknowledge,www.bing.com,Consolidate,,debt delttlementr on my own,http://www.debtreductioninc.com/index8.html,consolidation,302252,1DC,CreditSolutions,1,0
2009-06-18 19:38:51.000,bad,w-302252-DebtReduction1-1DC-yellowarrow-blue,TopLeft,DebtReductionInc,0.0,0.0,Debt Settlement1 Master,HI,15001-20000,google,www.google.com,Debt Strategies,Debt strategies,optimal debt resolution strategy,http://www.debtreductioninc.com/index8.html,debt,302252,1DC,yellowarrow-blue,1,1
2009-08-05 13:59:23.967,unknown,w-302252-DebtReduction1-1DC-CreditSolutions,TopLeft,DebtReductionInc,5.0,2.0,creditsolutions-branded-shortform,MO,90000-100000,google,search.hp.my.aol.com,Holding Tank - Debt,National debt initiative,national debt initiative,http://www.debtreductioninc.com/index8.html,debt,302252,1DC,CreditSolutions,0,0
2009-09-28 20:56:46.000,bad,w-302252-DebtReduction1-1DC-yellowarrow-dark,TopLeft,DebtReductionInc,5.0,5.0,Debt Settlement1 Master,WV,20001-30000,yahoo,www.justclicklocal.com,Debt Consolidation,,,http://www.debtreductioninc.com/index8.html,consolidation,302252,1DC,yellowarrow-dark,0,0
2009-05-08 06:34:24.367,unknown,w-302252-DebtReduction1-1DC-CreditSolutions,TopLeft,DebtReductionInc,0.0,0.0,creditsolutions-branded-shortform,NE,30001-50000,google,www.google.com,Holding Tank - Debt,Debt forgiveness,debt forgiveness,http://www.debtreductioninc.com/index8.html,debt,302252,1DC,CreditSolutions,1,1
2009-04-10 02:53:26.613,unknown,w-300250-DebtReduction1-1DC-Head3,TopLeft,DebtReductionInc,0.0,0.0,Debt Settlement1 Master,NV,7500-15000,google,googleads.g.doubleclick.net,Lower Payments,,,http://www.debtreductioninc.com/index8.html,lower_payment,300250,1DC,Head3,1,1
2009-05-05 09:09:41.147,unknown,w-300250-DebtReduction1-1DC-BlueMeter,TopLeft,DebtReductionInc,0.0,0.0,Debt Settlement1 Master,NV,More_than_100000,yahoo,search.yahoo.com,Chapter 13 Bankruptcy,,chapter13 bankruptcy,http://www.debtreductioninc.com/index8.html,bankrup,300250,1DC,BlueMeter,1,1
2009-04-11 22:51:50.880,unknown,w-300250-DebtReduction1-1DC-BlueMeter,TopLeft,DebtReductionInc,0.0,0.0,Debt Settlement1 Master,NV,7500-15000,google,en.allexperts.com,Stop Collections,,,http://www.debtreductioninc.com/index8.html,collection,300250,1DC,BlueMeter,1,1
2009-06-24 00:00:00.000,closed,w-302252-DebtReduction1-1DC-yellowarrow-blue,TopLeft,DebtReductionInc,0.0,0.0,Debt Settlement1 Master,LA,30001-50000,google,googleads.g.doubleclick.net,Consolidation,Consolidate credit card debt loan,,http://www.debtreductioninc.com/index8.html,consolidation,302252,1DC,yellowarrow-blue,1,1
2009-06-20 00:00:00.000,closed,w-302252-DebtReduction1-1DC-white,TopLeft,DebtReductionInc,0.0,0.0,Debt Settlement1 Master,LA,7500-15000,google,www.ehow.com,Student Debt,,,http://www.debtreductioninc.com/index8.html,student_debt,302252,1DC,white,1,1
2009-05-08 00:00:28.073,unknown,w-302252-DebtReduction1-1DC-white,TopLeft,DebtReductionInc,0.0,0.0,Debt Settlement1 Master,AZ,More_than_100000,google,www.google.com,Holding Tank - Debt,Debt cures they don t want you to know about,debt cures they don't want you to know about,http://www.debtreductioninc.com/index8.html,debt,302252,1DC,white,1,1
2009-07-24 20:46:34.637,unknown,w-302252-DebtReduction1-1DC-CreditSolutions,TopLeft,DebtReductionInc,5.0,3.0,creditsolutions-branded-shortform,AZ,30001-50000,google,www.google.com,Holding Tank - Debt,Eliminate your debt,eliminate 80% of your debt,http://www.debtreductioninc.com/index8.html,debt,302252,1DC,CreditSolutions,0,0
2009-05-06 11:18:33.767,unknown,w-300250-DebtReduction1-1DC-Head3,TopLeft,DebtReductionInc,0.0,0.0,Debt Settlement1 Master,AZ,50001-70000,google,www.google.com,Student Debt,Student loan default,government grants for student loans in defalut,http://www.debtreductioninc.com/index8.html,student_debt,300250,1DC,Head3,1,1
2009-06-09 13:38:43.087,unknown,w-302252-DebtReduction1-1DC-CreditSolutions,TopLeft,DebtReductionInc,0.0,0.0,creditsolutions-branded-shortform,IN,20001-30000,yahoo,search.yahoo.com,Debt Consolidation,,secured debt settlement,http://www.debtreductioninc.com/index8.html,consolidation,302252,1DC,CreditSolutions,1,1
2009-07-13 19:30:35.263,unknown,w-302252-DebtReduction1-1DC-CreditSolutions,TopLeft,DebtReductionInc,5.0,3.0,creditsolutions-branded-shortform,VA,20001-30000,google,www.google.com,Holding Tank - Debt,Debtrescueusa,debtruscueusa.com,http://www.debtreductioninc.com/index8.html,debt,302252,1DC,CreditSolutions,0,0
2009-05-26 22:07:42.000,bad,w-302252-DebtReduction1-1DC-white,TopLeft,DebtReductionInc,0.0,0.0,Debt Settlement1 Master,VA,7500-15000,google,www.google.com,Holding Tank - Debt,Debt cures,Debt Cures,http://www.debtreductioninc.com/index8.html,debt,302252,1DC,white,1,1
2009-07-19 13:40:28.000,bad,w-302252-DebtReduction1-1DC-yellowarrow-blue,TopLeft,DebtReductionInc,3.0,3.0,Debt Settlement1 Master,VA,7500-15000,google,unknown,Student Debt,,,http://www.debtreductioninc.com/index11.html,student_debt,302252,1DC,yellowarrow-blue,0,0
2009-06-28 16:45:45.497,unknown,w-302252-DebtReduction1-1DC-CreditSolutions,TopLeft,DebtReductionInc,0.0,5.0,creditsolutions-branded-shortform,VA,7500-15000,google,ww2.cox.com,Holding Tank - Debt,American debt,,http://www.debtreductioninc.com/index8.html,debt,302252,1DC,CreditSolutions,1,0
2009-06-19 07:20:26.083,unknown,w-302252-DebtReduction1-1DC-CreditSolutions,TopLeft,DebtReductionInc,0.0,0.0,creditsolutions-branded-shortform,VA,20001-30000,google,www.ask.com,Debt Misspell,Dbet,are ther any get out dbet companies that are lsgit?,http://www.debtreductioninc.com/index8.html,debt,302252,1DC,CreditSolutions,1,1
2009-06-17 16:44:36.547,unknown,w-302252-DebtReduction1-1DC-CreditSolutions,TopLeft,DebtReductionInc,0.0,0.0,creditsolutions-branded-shortform,VA,20001-30000,yahoo,search.yahoo.com,General Debt,,debt relief right away,http://www.debtreductioninc.com/index8.html,debt,302252,1DC,CreditSolutions,1,1
2009-04-24 19:02:17.130,unknown,w-300250-DebtReduction1-1DC-BlueMeter,TopLeft,DebtReductionInc,0.0,0.0,Debt Settlement1 Master,VA,30001-50000,yahoo,finder.cox.net,Credit Debt Consolidation,,,http://www.debtreductioninc.com/index8.html,credit_general,300250,1DC,BlueMeter,1,1
2009-04-24 19:06:17.097,unknown,w-300250-DebtReduction1-1DC-Head3,TopLeft,DebtReductionInc,0.0,0.0,Debt Settlement1 Master,VA,7500-15000,yahoo,finder.cox.net,Credit Debt Consolidation,,,http://www.debtreductioninc.com/index8.html,credit_general,300250,1DC,Head3,1,1
2009-08-26 02:56:12.687,unknown,w-302252-DebtReduction1-1DC-yellowarrow,TopLeft,DebtReductionInc,5.0,3.0,Debt Settlement1 Master,CA,7500-15000,google,www.google.com,Holding Tank - Debt,American debt specialists,American Debt specialists,http://www.debtreductioninc.com/index8.html,debt,302252,1DC,yellowarrow,0,0
2009-04-30 16:34:27.473,unknown,w-300250-DebtReduction1-1DC-Head2,TopLeft,DebtReductionInc,0.0,0.0,Debt Settlement1 Master,OK,15001-20000,yahoo,search.yahoo.com,Stop Collections,,stop creditor harassment,http://www.debtreductioninc.com/index8.html,collection,300250,1DC,Head2,1,1
2009-04-04 12:25:20.917,unknown,w-300250-DebtReduction1-2DC-CreditSolutions,TopLeft,DebtReductionInc,0.0,0.0,creditsolutions-branded-shortform,CA,7500-15000,google,www.google.com,Debt,Debt,WWW.LOWINCOME DEBT RELIF.COM,http://www.debtreductioninc.com/index8.html,debt,300250,2DC,CreditSolutions,1,1
2009-05-13 00:00:00.000,good,w-302252-DebtReduction1-1DC,TopLeft,DebtReductionInc,0.0,0.0,Debt Settlement1 Master,NE,15001-20000,yahoo,search.yahoo.com,Stop Collections,,collection agency harassment law,http://www.debtreductioninc.com/index8.html,collection,302252,1DC,default,1,1
2009-09-25 18:06:57.133,unknown,w-302252-DebtReduction1-1DC-white,TopLeft,DebtReductionInc,5.0,3.0,Debt Settlement1 Master,LA,50001-70000,google,www.google.com,Holding Tank - Debt,Debt cures book,debt cures book,http://www.debtreductioninc.com/index8.html,debt,302252,1DC,white,0,0
2009-09-09 16:34:39.907,unknown,w-302252-DebtReduction1-1DC-yellowarrow,TopLeft,DebtReductionInc,3.0,3.0,Debt Settlement1 Master,AR,30001-50000,yahoo,search.yahoo.com,Student Debt,,foreclosure defaulted student loans,http://www.debtreductioninc.com/index8.html,student_debt,302252,1DC,yellowarrow,0,0
2009-06-02 17:14:39.263,unknown,w-302252-DebtReduction1-1DC-CreditSolutions,TopLeft,DebtReductionInc,0.0,0.0,creditsolutions-branded-shortform,AR,7500-15000,google,www.sedoparking.com,Student Debt,,,http://www.debtreductioninc.com/index8.html,student_debt,302252,1DC,CreditSolutions,1,1
2009-06-08 12:07:55.463,unknown,w-302252-DebtReduction1-1DC,TopLeft,DebtReductionInc,0.0,0.0,Debt Settlement1 Master,VA,30001-50000,google,www.google.com,Student Debt,Defaulted student loans,defaulted student loans who to contact,http://www.debtreductioninc.com/index8.html,student_debt,302252,1DC,default,1,1
2009-05-17 14:02:17.220,unknown,w-302252-DebtReduction1-1DC-white,TopLeft,DebtReductionInc,0.0,0.0,Debt Settlement1 Master,VA,7500-15000,google,search.aol.com,Lower Payments,Credit card payments,,http://www.debtreductioninc.com/index8.html,lower_payment,302252,1DC,white,1,1
2009-08-24 11:59:22.517,unknown,w-302252-DebtReduction1-1DC-yellowarrow-dark,TopLeft,DebtReductionInc,5.0,2.0,Debt Settlement1 Master,VA,7500-15000,google,www.google.com,Holding Tank - Debt,Debt bailout,government debt bailout,http://www.debtreductioninc.com/index8.html,debt,302252,1DC,yellowarrow-dark,0,0
2009-08-29 19:56:47.990,unknown,w-302252-DebtReduction1-1DC-CreditSolutions,TopLeft,DebtReductionInc,1.0,5.0,creditsolutions-branded-shortform,NE,7500-15000,google,www.ehow.com,Credit Card Debt - high volume,,,http://www.debtreductioninc.com/index8.html,credit_general,302252,1DC,CreditSolutions,0,0
2009-08-11 00:00:00.000,closed,w-302252-DebtReduction1-1DC-CreditSolutions,TopLeft,DebtReductionInc,5.0,5.0,creditsolutions-branded-shortform,LA,15001-20000,google,www.manta.com,Holding Tank - Debt,Debts cure,,http://www.debtreductioninc.com/index8.html,debt,302252,1DC,CreditSolutions,0,0
2009-08-06 23:10:17.897,unknown,w-302252-DebtReduction1-1DC-CreditSolutions,TopLeft,DebtReductionInc,5.0,5.0,creditsolutions-branded-shortform,MD,15001-20000,yahoo,www.ave99.com,Credit Card Consolidation,,consolidation,http://www.debtreductioninc.com/index8.html,credit_general,302252,1DC,CreditSolutions,0,0
2009-08-10 11:25:20.197,unknown,w-302252-DebtReduction1-1DC-yellowarrow-dark,TopLeft,DebtReductionInc,3.0,4.0,Debt Settlement1 Master,IL,7500-15000,google,cnn.search.aol.com,Holding Tank - Debt,Debt advice line,debt advice line,http://www.debtreductioninc.com/index8.html,debt,302252,1DC,yellowarrow-dark,0,0
2009-08-29 19:29:49.280,unknown,w-302252-DebtReduction1-1DC-white,TopLeft,DebtReductionInc,5.0,4.0,Debt Settlement1 Master,TX,20001-30000,yahoo,unknown,Credit Card Consolidation,,,http://www.debtreductioninc.com/index8.html,credit_general,302252,1DC,white,0,0
2009-08-17 23:26:01.000,bad,w-302252-DebtReduction1-1DC-CreditSolutions,TopLeft,DebtReductionInc,3.0,3.0,creditsolutions-branded-shortform,TX,7500-15000,google,ezinearticles.com,Credit Card Debt - high volume,,,http://www.debtreductioninc.com/index8.html,credit_general,302252,1DC,CreditSolutions,0,0
2009-09-26 12:17:51.057,unknown,w-302252-DebtReduction1-1DC-yellowarrow-blue,TopLeft,DebtReductionInc,5.0,5.0,Debt Settlement1 Master,TX,30001-50000,google,search.mywebsearch.com,Debt_Services,Consumer debt service,,http://www.debtreductioninc.com/index8.html,debt,302252,1DC,yellowarrow-blue,0,0
2009-07-29 08:21:07.880,unknown,w-302252-DebtReduction1-1DC-white,TopLeft,DebtReductionInc,5.0,5.0,Debt Settlement1 Master,TX,50001-70000,google,ezinearticles.com,How,debt,,http://www.debtreductioninc.com/index8.html,other,302252,1DC,white,0,0
2009-09-04 00:00:00.000,good,w-302252-DebtReduction1-1DC-CreditSolutions,TopLeft,DebtReductionInc,5.0,5.0,creditsolutions-branded-shortform,TX,20001-30000,google,www.google.com,Holding Tank - Debt,Debt cures they don t want you to know about,debt cures they don't want you to know about,http://www.debtreductioninc.com/index8.html,debt,302252,1DC,CreditSolutions,0,0
2009-05-19 13:46:01.417,unknown,w-302252-DebtReduction1-1DC-white,TopLeft,DebtReductionInc,0.0,0.0,Debt Settlement1 Master,TX,7500-15000,yahoo,search.yahoo.com,Stop Collections,,bill herassment,http://www.debtreductioninc.com/index8.html,collection,302252,1DC,white,1,1
2009-09-05 14:36:03.817,unknown,w-302252-DebtReduction1-1DC-CreditSolutions,TopLeft,DebtReductionInc,5.0,3.0,creditsolutions-branded-shortform,TX,50001-70000,google,www.google.com,Holding Tank - Debt,Credit counselor,national foundation for credit counseling,http://www.debtreductioninc.com/index8.html,debt,302252,1DC,CreditSolutions,0,0
2009-08-11 14:20:16.533,unknown,w-302252-DebtReduction1-1DC-CreditSolutions,TopLeft,DebtReductionInc,5.0,3.0,creditsolutions-branded-shortform,TX,50001-70000,google,www.google.com,Credit Card Reduction,Credit card interest reduction,credit card interest rate reduction,http://www.debtreductioninc.com/index12.html,credit_general,302252,1DC,CreditSolutions,0,0
2009-04-19 16:12:44.033,unknown,w-300250-DebtReduction1-1DC-BlueMeter,TopLeft,DebtReductionInc,0.0,0.0,Debt Settlement1 Master,TX,20001-30000,google,www.ask.com,Holding Tank - Debt,What is debt,what is debt of honour,http://www.debtreductioninc.com/index8.html,debt,300250,1DC,BlueMeter,1,1
2009-08-02 00:47:43.930,unknown,w-302252-DebtReduction1-1DC-CreditSolutions,TopLeft,DebtReductionInc,5.0,3.0,creditsolutions-branded-shortform,LA,15001-20000,yahoo,newstudentloan.info,Student Debt - high volume,,,http://www.debtreductioninc.com/index8.html,student_debt,302252,1DC,CreditSolutions,0,0
2009-05-22 00:00:00.000,closed,w-302252-DebtReduction1-1DC-white,TopLeft,DebtReductionInc,0.0,0.0,Debt Settlement1 Master,TX,7500-15000,yahoo,search.yahoo.com,General Debt,,debt cancellation 80%,http://www.debtreductioninc.com/index8.html,debt,302252,1DC,white,1,1
2009-09-21 21:49:19.123,unknown,w-302252-DebtReduction1-1DC-CreditSolutions,TopLeft,DebtReductionInc,5.0,4.0,creditsolutions-branded-shortform,TX,20001-30000,google,www.ask.com,Loan Default,Loan default help,help with defaulted student loans,http://www.debtreductioninc.com/index8.html,loan,302252,1DC,CreditSolutions,0,0
2009-06-23 17:30:50.350,unknown,w-302252-DebtReduction1-1DC,TopLeft,DebtReductionInc,0.0,0.0,Debt Settlement1 Master,AR,7500-15000,google,www.aralifestyle.com,Credit Debt Consolidation,,,http://www.debtreductioninc.com/index8.html,credit_general,302252,1DC,default,1,1
2009-07-19 22:06:06.453,unknown,w-302252-DebtReduction1-1DC-CreditSolutions,TopLeft,DebtReductionInc,5.0,3.0,creditsolutions-branded-shortform,AR,7500-15000,yahoo,search.yahoo.com,Credit Card Consolidation,,credit card debt,http://www.debtreductioninc.com/index8.html,credit_general,302252,1DC,CreditSolutions,0,0
2009-05-27 23:50:28.237,unknown,w-302252-DebtReduction1-1DC-CreditSolutions,TopLeft,DebtReductionInc,0.0,0.0,creditsolutions-branded-shortform,TX,20001-30000,google,www.soyouwanna.com,Student Debt,,,http://www.debtreductioninc.com/index12.html,student_debt,302252,1DC,CreditSolutions,1,1
2009-07-25 12:33:31.430,unknown,w-302252-DebtReduction1-1DC-yellowarrow-blue,TopLeft,DebtReductionInc,5.0,5.0,Debt Settlement1 Master,TX,7500-15000,yahoo,search.yahoo.com,Consolidation Program,,government approved debt consolidation program,http://www.debtreductioninc.com/index8.html,consolidation,302252,1DC,yellowarrow-blue,0,0
2009-06-08 14:57:52.770,unknown,w-302252-DebtReduction1-1DC-white,TopLeft,DebtReductionInc,0.0,0.0,Debt Settlement1 Master,TX,20001-30000,google,www.google.com,Loan Default,Loan default help,student loan consolidation on defaulted loans,http://www.debtreductioninc.com/index8.html,loan,302252,1DC,white,1,1
2009-07-01 16:58:26.830,unknown,w-302252-DebtReduction1-1DC-yellowarrow-dark,TopLeft,DebtReductionInc,0.0,5.0,Debt Settlement1 Master,TX,20001-30000,yahoo,www.usanews.com,Debt Strategies,,,http://www.debtreductioninc.com/index8.html,debt,302252,1DC,yellowarrow-dark,1,0
2009-09-16 16:58:25.000,bad,w-302252-DebtReduction1-1DC-CreditSolutions,TopLeft,DebtReductionInc,4.0,3.0,creditsolutions-branded-shortform,FL,7500-15000,google,www.debtreductioninc.com,Debt Credit Services,Credit services,,http://www.debtreductioninc.com/index11.html,credit_general,302252,1DC,CreditSolutions,0,0
2009-09-07 00:00:00.000,closed,w-302252-DebtReduction1-1DC-CreditSolutions,TopLeft,DebtReductionInc,5.0,3.0,creditsolutions-branded-shortform,FL,7500-15000,google,www.google.com,Holding Tank - Debt,Christian debt,CHRISTIAN DEBT CONSULTANTS,http://www.debtreductioninc.com/index8.html,debt,302252,1DC,CreditSolutions,0,0
2009-08-16 00:00:00.000,closed,w-302252-DebtReduction1-1DC-CreditSolutions,TopLeft,DebtReductionInc,5.0,5.0,creditsolutions-branded-shortform,IL,30001-50000,google,www.ehow.com,Credit Card Debt - high volume,,,http://www.debtreductioninc.com/index8.html,credit_general,302252,1DC,CreditSolutions,0,0
2009-05-28 16:51:22.310,unknown,w-302252-DebtReduction1-1DC-white,TopLeft,DebtReductionInc,0.0,0.0,Debt Settlement1 Master,IL,7500-15000,google,searchportal.information.com,Student Debt,Student loan default,,http://www.debtreductioninc.com/index8.html,student_debt,302252,1DC,white,1,1
2009-07-15 21:29:31.153,unknown,w-302252-DebtReduction1-1DC-CreditSolutions,TopLeft,DebtReductionInc,5.0,3.0,creditsolutions-branded-shortform,CA,7500-15000,google,googleads.g.doubleclick.net,Credit Card Debt - high volume,,,http://www.debtreductioninc.com/index8.html,credit_general,302252,1DC,CreditSolutions,0,0
2009-06-13 00:00:00.000,closed,w-302252-DebtReduction1-1DC-CreditSolutions,TopLeft,DebtReductionInc,0.0,0.0,creditsolutions-branded-shortform,FL,20001-30000,google,www.google.com,Debt,Debt,debt consolidation programs facebook single mom stimulus,http://www.debtreductioninc.com/index8.html,debt,302252,1DC,CreditSolutions,1,1
2009-08-12 02:17:15.000,bad,w-302252-DebtReduction1-1DC-CreditSolutions,TopLeft,DebtReductionInc,5.0,3.0,creditsolutions-branded-shortform,CA,30001-50000,yahoo,www.justclicklocal.com,Student Debt - high volume,,,http://www.debtreductioninc.com/index8.html,student_debt,302252,1DC,CreditSolutions,0,0
2009-07-19 00:59:11.140,unknown,w-302252-DebtReduction1-1DC-CreditSolutions,TopLeft,DebtReductionInc,2.0,3.0,creditsolutions-branded-shortform,CA,15001-20000,google,www.crawler.com,How,How do i fix credit,i want to fixes my credit,http://www.debtreductioninc.com/index12.html,other,302252,1DC,CreditSolutions,0,0
2009-08-12 18:47:08.813,unknown,w-302252-DebtReduction1-1DC-CreditSolutions,TopLeft,DebtReductionInc,5.0,4.0,creditsolutions-branded-shortform,CA,20001-30000,google,googleads.g.doubleclick.net,Credit Card Debt - high volume,,,http://www.debtreductioninc.com/index8.html,credit_general,302252,1DC,CreditSolutions,0,0
2009-05-26 14:03:39.817,unknown,w-302252-DebtReduction1-1DC-white,TopLeft,DebtReductionInc,0.0,0.0,Debt Settlement1 Master,CA,20001-30000,yahoo,unknown,Credit Card Debt,,,http://www.debtreductioninc.com/index8.html,credit_general,302252,1DC,white,1,1
2009-04-21 14:30:27.720,unknown,w-300250-DebtReduction1-1DC,TopLeft,DebtReductionInc,0.0,0.0,Debt Settlement1 Master,CA,70001-90000,yahoo,search.yahoo.com,File Bankruptcy,,how to file bankruptcy in california,http://www.debtreductioninc.com/index8.html,bankrup,300250,1DC,default,1,1
2009-04-30 00:00:00.000,closed,w-300250-DebtReduction1-2DC-BlueMeter,TopLeft,DebtReductionInc,0.0,0.0,Debt Settlement1 Master,CA,90000-100000,google,www.google.com,Holding Tank - Debt,Debt paydown calculator,debt paydown calculator,http://www.debtreductioninc.com/index8.html,debt,300250,2DC,BlueMeter,1,1
2009-05-31 13:43:57.957,unknown,w-302252-DebtReduction1-1DC,TopLeft,DebtReductionInc,0.0,0.0,Debt Settlement1 Master,FL,15001-20000,google,www.google.com,Loan Default,Loan default help,student loan default assistance,http://www.debtreductioninc.com/index8.html,loan,302252,1DC,default,1,1
2009-05-06 21:32:32.730,unknown,w-300250-DebtReduction1-1DC-CreditSolutions,TopLeft,DebtReductionInc,0.0,0.0,creditsolutions-branded-shortform,FL,7500-15000,google,aim.search.aol.com,Credit Card Consolidation,Credit card consolidation loan,loan to consolidate credit cards,http://www.debtreductioninc.com/index8.html,credit_general,300250,1DC,CreditSolutions,1,1
2009-04-21 16:46:26.750,unknown,w-300250-DebtReduction1-1DC-CreditSolutions,TopLeft,DebtReductionInc,0.0,0.0,creditsolutions-branded-shortform,IL,30001-50000,yahoo,search.yahoo.com,General Debt,,debit clear,http://www.debtreductioninc.com/index8.html,debt,300250,1DC,CreditSolutions,1,1
2009-04-19 17:26:43.333,unknown,w-300250-DebtReduction1-1DC-CreditSolutions,TopLeft,DebtReductionInc,0.0,0.0,creditsolutions-branded-shortform,IL,More_than_100000,yahoo,search.yahoo.com,File Bankruptcy,,how do you file for bankruptcy in Illinois,http://www.debtreductioninc.com/index8.html,bankrup,300250,1DC,CreditSolutions,1,1
2009-05-22 13:30:18.297,unknown,w-302252-DebtReduction1-1DC-white,TopLeft,DebtReductionInc,0.0,0.0,Debt Settlement1 Master,IL,30001-50000,yahoo,governmentloansconsolidation.com,Debt Consolidation,,,http://www.debtreductioninc.com/index8.html,consolidation,302252,1DC,white,1,1
2009-06-14 20:59:53.973,unknown,w-302252-DebtReduction1-1DC-CreditSolutions,TopLeft,DebtReductionInc,0.0,0.0,creditsolutions-branded-shortform,IL,15001-20000,google,unknown,Student Debt,,,http://www.debtreductioninc.com/index11.html,student_debt,302252,1DC,CreditSolutions,1,1
2009-04-14 22:18:25.343,unknown,w-300250-DebtReduction1-1DC-Head3,TopLeft,DebtReductionInc,0.0,0.0,Debt Settlement1 Master,IL,7500-15000,google,search.mywebsearch.com,Credit Card Debt - high volume,,,http://www.debtreductioninc.com/index8.html,credit_general,300250,1DC,Head3,1,1
2009-06-16 17:13:57.000,bad,w-302252-DebtReduction1-1DC-CreditSolutions,TopLeft,DebtReductionInc,0.0,0.0,creditsolutions-branded-shortform,IL,7500-15000,yahoo,search.yahoo.com,Debt Program,,free accredited debt,http://www.debtreductioninc.com/index8.html,debt,302252,1DC,CreditSolutions,1,1
2009-05-03 20:14:52.257,unknown,w-300250-DebtReduction1-1DC-CreditSolutions,TopLeft,DebtReductionInc,0.0,0.0,creditsolutions-branded-shortform,IL,90000-100000,yahoo,search.yahoo.com,Bankruptcy And Chapter 13,,illinois bankruptcy laws,http://www.debtreductioninc.com/index8.html,bankrup,300250,1DC,CreditSolutions,1,1
2009-05-27 08:29:34.287,unknown,w-302252-DebtReduction1-1DC,TopLeft,DebtReductionInc,0.0,0.0,Debt Settlement1 Master,IL,30001-50000,google,searchportal.information.com,Student Debt,Student loan default,,http://www.debtreductioninc.com/index8.html,student_debt,302252,1DC,default,1,1
2009-06-27 12:15:51.850,unknown,w-302252-DebtReduction1-1DC-CreditSolutions,TopLeft,DebtReductionInc,0.0,3.0,creditsolutions-branded-shortform,MA,More_than_100000,google,collegesavings.about.com,Student Debt,,,http://www.debtreductioninc.com/index8.html,student_debt,302252,1DC,CreditSolutions,1,0
2009-07-03 01:43:01.007,unknown,w-302252-DebtReduction1-1DC-CreditSolutions,TopLeft,DebtReductionInc,0.0,5.0,creditsolutions-branded-shortform,MA,More_than_100000,google,www.google.com,Loan Default,Loan default help,default student loan assistance,http://www.debtreductioninc.com/index8.html,loan,302252,1DC,CreditSolutions,1,0
2009-06-12 22:27:06.730,unknown,w-302252-DebtReduction1-1DC,TopLeft,DebtReductionInc,0.0,0.0,Debt Settlement1 Master,MA,30001-50000,google,www.google.com,Debt,Debt,debt stimulus,http://www.debtreductioninc.com/index8.html,debt,302252,1DC,default,1,1
2009-05-08 22:07:23.497,unknown,w-302252-DebtReduction1-1DC-white,TopLeft,DebtReductionInc,0.0,0.0,Debt Settlement1 Master,MD,7500-15000,yahoo,search.yahoo.com,Debt Consolidation,,bad credit consolidation,http://www.debtreductioninc.com/index8.html,consolidation,302252,1DC,white,1,1
2009-05-08 22:51:24.003,unknown,w-302252-DebtReduction1-1DC-white,TopLeft,DebtReductionInc,0.0,0.0,Debt Settlement1 Master,NM,30001-50000,yahoo,search.yahoo.com,Chapter 7 Bankruptcy,,information about bankruptcy,http://www.debtreductioninc.com/index8.html,bankrup,302252,1DC,white,1,1
2009-05-08 11:57:14.000,bad,w-302252-DebtReduction1-1DC-white,TopLeft,DebtReductionInc,0.0,0.0,Debt Settlement1 Master,NM,More_than_100000,yahoo,search.yahoo.com,Chapter 7 Bankruptcy,,bankruptcy laws,http://www.debtreductioninc.com/index8.html,bankrup,302252,1DC,white,1,1
2009-08-19 22:25:05.340,unknown,w-302252-DebtReduction1-1DC-CreditSolutions,TopLeft,DebtReductionInc,5.0,5.0,creditsolutions-branded-shortform,AR,More_than_100000,google,search.aol.com,Holding Tank - Debt,Consumer debt,,http://www.debtreductioninc.com/index8.html,debt,302252,1DC,CreditSolutions,0,0
2009-06-17 19:23:36.073,unknown,w-302252-DebtReduction1-1DC-CreditSolutions,TopLeft,DebtReductionInc,0.0,0.0,creditsolutions-branded-shortform,IN,7500-15000,yahoo,unknown,Debt Consolidation - high volume,,,http://www.debtreductioninc.com/index8.html,consolidation,302252,1DC,CreditSolutions,1,1
2009-08-07 14:54:41.000,bad,w-302252-DebtReduction1-1DC-CreditSolutions,TopLeft,DebtReductionInc,5.0,5.0,creditsolutions-branded-shortform,IN,30001-50000,google,credit.about.com,Credit Card Debt - high volume,,,http://www.debtreductioninc.com/index8.html,credit_general,302252,1DC,CreditSolutions,0,0
2009-09-01 00:21:33.763,unknown,w-302252-DebtReduction1-1DC-CreditSolutions,TopLeft,DebtReductionInc,5.0,5.0,creditsolutions-branded-shortform,IL,More_than_100000,yahoo,www.debtsolutionresource101.com,Get Out Of Debt,,,http://www.debtreductioninc.com/index8.html,debt,302252,1DC,CreditSolutions,0,0
2009-05-14 09:44:30.507,unknown,w-302252-DebtReduction1-1DC-CreditSolutions,TopLeft,DebtReductionInc,0.0,0.0,creditsolutions-branded-shortform,FL,More_than_100000,google,www.google.com,Holding Tank - Debt,Msnbc erase debt,msnbc erase debt legally,http://www.debtreductioninc.com/index8.html,debt,302252,1DC,CreditSolutions,1,1
2009-05-05 17:18:41.277,unknown,w-300250-DebtReduction1-1DC,TopLeft,DebtReductionInc,0.0,0.0,Debt Settlement1 Master,FL,20001-30000,google,search.hp.my.aol.com,Holding Tank - Debt,Nationaldebt,www.nationaldebt.com,http://www.debtreductioninc.com/index8.html,debt,300250,1DC,default,1,1
2009-08-16 19:42:25.580,unknown,w-302252-DebtReduction1-1DC-CreditSolutions,TopLeft,DebtReductionInc,5.0,3.0,creditsolutions-branded-shortform,CA,7500-15000,google,googleads.g.doubleclick.net,Debt Consolidation,Consumer debt consolidation,,http://www.debtreductioninc.com/index8.html,consolidation,302252,1DC,CreditSolutions,0,0
2009-06-22 00:22:01.277,unknown,w-302252-DebtReduction1-1DC-yellowarrow-blue,TopLeft,DebtReductionInc,0.0,0.0,Debt Settlement1 Master,IN,7500-15000,yahoo,www.justclicklocal.com,Debt Consolidation - high volume (LV),,,http://www.debtreductioninc.com/index8.html,consolidation,302252,1DC,yellowarrow-blue,1,1
2009-06-09 20:44:54.000,bad,w-302252-DebtReduction1-1DC-white,TopLeft,DebtReductionInc,0.0,0.0,Debt Settlement1 Master,IL,30001-50000,google,www.google.com,Student Debt,Student loan default,STUDENT LOAN DEFAULT HELP,http://www.debtreductioninc.com/index8.html,student_debt,302252,1DC,white,1,1
2009-07-09 07:19:58.000,bad,w-302252-DebtReduction1-1DC-CreditSolutions,TopLeft,DebtReductionInc,0.0,0.0,creditsolutions-branded-shortform,AR,7500-15000,google,www.ehow.com,Student Debt,,,http://www.debtreductioninc.com/index12.html,student_debt,302252,1DC,CreditSolutions,1,1
2009-09-11 18:06:23.397,unknown,w-302252-DebtReduction1-1DC-CreditSolutions,TopLeft,DebtReductionInc,5.0,5.0,creditsolutions-branded-shortform,IL,7500-15000,google,www.webcrawler.com,Lower Payments,Credit card payments,,http://www.debtreductioninc.com/index8.html,lower_payment,302252,1DC,CreditSolutions,0,0
2009-04-17 19:59:27.000,bad,w-300250-DebtReduction1-2DC-BlueMeter,TopLeft,DebtReductionInc,0.0,0.0,Debt Settlement1 Master,IL,7500-15000,google,googleads.g.doubleclick.net,Credit Card Debt,,,http://www.debtreductioninc.com/index8.html,credit_general,300250,2DC,BlueMeter,1,1
2009-07-01 10:41:27.637,unknown,w-302252-DebtReduction1-1DC-CreditSolutions,TopLeft,DebtReductionInc,0.0,4.0,creditsolutions-branded-shortform,NM,30001-50000,yahoo,www.findstuff.com,Debt Consolidation,,,http://www.debtreductioninc.com/index8.html,consolidation,302252,1DC,CreditSolutions,1,0
2009-04-16 00:00:00.000,good,w-300250-DebtReduction1-1DC-BlueMeter,TopLeft,DebtReductionInc,0.0,0.0,Debt Settlement1 Master,NM,7500-15000,yahoo,search.yahoo.com,Debt Consolidation,,Consolidating bills,http://www.debtreductioninc.com/index8.html,consolidation,300250,1DC,BlueMeter,1,1
2009-08-19 19:46:06.813,unknown,w-302252-DebtReduction1-1DC-CreditSolutions,TopLeft,DebtReductionInc,5.0,5.0,creditsolutions-branded-shortform,MD,7500-15000,google,www.google.com,How,How to lower credit card,how to lower your credit card APR,http://www.debtreductioninc.com/index12.html,other,302252,1DC,CreditSolutions,0,0
2009-08-30 22:32:40.753,unknown,w-302252-DebtReduction1-1DC-CreditSolutions,TopLeft,DebtReductionInc,5.0,5.0,creditsolutions-branded-shortform,VA,50001-70000,yahoo,search.yahoo.com,Credit Card Consolidation,,credit card debt,http://www.debtreductioninc.com/index8.html,credit_general,302252,1DC,CreditSolutions,0,0
2009-05-23 21:42:00.793,unknown,w-302252-DebtReduction1-1DC-CreditSolutions,TopLeft,DebtReductionInc,0.0,0.0,creditsolutions-branded-shortform,FL,7500-15000,google,www.google.com,Student Debt,Student loan default,student loans consolidation,http://www.debtreductioninc.com/index8.html,student_debt,302252,1DC,CreditSolutions,1,1
2009-08-10 11:07:23.017,unknown,w-302252-DebtReduction1-1DC-white,TopLeft,DebtReductionInc,5.0,4.0,Debt Settlement1 Master,OR,30001-50000,google,toolbar.inbox.com,Debt,Debt,national debt resolution.com,http://www.debtreductioninc.com/index8.html,debt,302252,1DC,white,0,0
2009-07-02 00:00:00.000,closed,w-302252-DebtReduction1-1DC-yellowarrow-blue,TopLeft,DebtReductionInc,0.0,5.0,Debt Settlement1 Master,OR,15001-20000,google,www.google.com,General Debt,American debt solutions,american debt solutions,http://www.debtreductioninc.com/index8.html,debt,302252,1DC,yellowarrow-blue,1,0
2009-07-15 14:08:33.733,unknown,w-302252-DebtReduction1-1DC-white,TopLeft,DebtReductionInc,5.0,5.0,Debt Settlement1 Master,MD,15001-20000,google,www.google.com,Holding Tank - Debt,Debt bailout,debt bailout,http://www.debtreductioninc.com/index8.html,debt,302252,1DC,white,0,0
2009-04-12 08:47:47.043,unknown,w-300250-DebtReduction1-1DC,TopLeft,DebtReductionInc,0.0,0.0,Debt Settlement1 Master,MD,30001-50000,yahoo,unknown,Debt Consolidation,,,http://www.debtreductioninc.com/index8.html,consolidation,300250,1DC,default,1,1
2009-08-06 12:27:18.337,unknown,w-302252-DebtReduction1-1DC-CreditSolutions,TopLeft,DebtReductionInc,5.0,5.0,creditsolutions-branded-shortform,MD,20001-30000,google,ezinearticles.com,Credit Card Debt - high volume,,,http://www.debtreductioninc.com/index8.html,credit_general,302252,1DC,CreditSolutions,0,0
2009-04-06 00:00:00.000,closed,w-300250-DebtReduction1-1DC-BlueMeter,TopLeft,DebtReductionInc,0.0,0.0,Debt Settlement1 Master,CA,15001-20000,adknowledge,us.mg.mail.yahoo.com,Consolidate,,,http://www.debtreductioninc.com/index8.html,consolidation,300250,1DC,BlueMeter,1,1
2009-09-10 00:00:00.000,closed,w-302252-DebtReduction1-1DC-white,TopLeft,DebtReductionInc,5.0,5.0,Debt Settlement1 Master,CA,90000-100000,google,search.earthlink.net,Holding Tank - Debt,Debt group,debt group,http://www.debtreductioninc.com/index8.html,debt,302252,1DC,white,0,0
2009-08-05 13:54:24.130,unknown,w-302252-DebtReduction1-1DC-CreditSolutions,TopLeft,DebtReductionInc,5.0,5.0,creditsolutions-branded-shortform,CA,50001-70000,google,www.articlesbase.com,Debt,Debt,,http://www.debtreductioninc.com/index8.html,debt,302252,1DC,CreditSolutions,0,0
2009-06-12 18:36:21.000,bad,w-302252-DebtReduction1-1DC-CreditSolutions,TopLeft,DebtReductionInc,0.0,0.0,creditsolutions-branded-shortform,CA,15001-20000,yahoo,search.yahoo.com,Chapter 7 Bankruptcy,,chapter 7 and 13,http://www.debtreductioninc.com/index8.html,bankrup,302252,1DC,CreditSolutions,1,1
2009-04-27 15:49:43.040,unknown,w-300250-DebtReduction1-1DC,TopLeft,DebtReductionInc,0.0,0.0,Debt Settlement1 Master,CA,70001-90000,google,ezinearticles.com,Stop Collections,,,http://www.debtreductioninc.com/index8.html,collection,300250,1DC,default,1,1
2009-07-20 19:05:00.667,unknown,w-302252-DebtReduction1-1DC-CreditSolutions,TopLeft,DebtReductionInc,1.0,4.0,creditsolutions-branded-shortform,MD,7500-15000,google,www.google.com,Lower Payments,Lower monthly bills,how can i get my monthly bills lowerd,http://www.debtreductioninc.com/index8.html,lower_payment,302252,1DC,CreditSolutions,0,0
2009-07-29 13:59:33.000,bad,w-302252-DebtReduction1-1DC-white,TopLeft,DebtReductionInc,1.0,4.0,Debt Settlement1 Master,PA,7500-15000,google,ezinearticles.com,Credit Card Debt - high volume,,,http://www.debtreductioninc.com/index8.html,credit_general,302252,1DC,white,0,0
2009-07-03 00:00:00.000,good,w-302252-DebtReduction1-1DC-CreditSolutions,TopLeft,DebtReductionInc,0.0,3.0,creditsolutions-branded-shortform,WV,7500-15000,google,www.google.com,Debt,Debt,credit card debt resolutions,http://www.debtreductioninc.com/index8.html,debt,302252,1DC,CreditSolutions,1,0
2009-07-24 17:13:36.207,unknown,w-302252-DebtReduction1-1DC-CreditSolutions,TopLeft,DebtReductionInc,5.0,4.0,creditsolutions-branded-shortform,PA,15001-20000,google,unknown,Student Debt,,,http://www.debtreductioninc.com/index11.html,student_debt,302252,1DC,CreditSolutions,0,0
2009-08-01 17:47:45.690,unknown,w-302252-DebtReduction1-1DC-CreditSolutions,TopLeft,DebtReductionInc,5.0,5.0,creditsolutions-branded-shortform,FL,7500-15000,google,turing.oversee.net,Lower Payments,Credit card payments,,http://www.debtreductioninc.com/index8.html,lower_payment,302252,1DC,CreditSolutions,0,0
2009-08-12 00:00:00.000,good,w-302252-DebtReduction1-1DC-yellowarrow-blue,TopLeft,DebtReductionInc,5.0,2.0,Debt Settlement1 Master,MI,15001-20000,google,www.wikihow.com,Debt,Debt,,http://www.debtreductioninc.com/index8.html,debt,302252,1DC,yellowarrow-blue,0,0
2009-05-20 00:00:00.000,closed,w-302252-DebtReduction1-1DC-CreditSolutions,TopLeft,DebtReductionInc,0.0,0.0,creditsolutions-branded-shortform,MI,7500-15000,yahoo,search.yahoo.com,General Debt,,INCHARGE.COM,http://www.debtreductioninc.com/index8.html,debt,302252,1DC,CreditSolutions,1,1
2009-06-02 18:53:42.767,unknown,w-302252-DebtReduction1-1DC-CreditSolutions,TopLeft,DebtReductionInc,0.0,0.0,creditsolutions-branded-shortform,CA,More_than_100000,google,unknown,Debt Negotiation,,,http://www.debtreductioninc.com/index11.html,debt,302252,1DC,CreditSolutions,1,1
2009-06-02 04:20:43.717,unknown,w-302252-DebtReduction1-1DC,TopLeft,DebtReductionInc,0.0,0.0,Debt Settlement1 Master,CO,7500-15000,yahoo,www.ave99.com,General Debt,,debt free,http://www.debtreductioninc.com/index8.html,debt,302252,1DC,default,1,1
2009-09-18 22:03:38.310,unknown,w-302252-DebtReduction1-1DC-yellowarrow-dark,TopLeft,DebtReductionInc,5.0,5.0,Debt Settlement1 Master,OR,20001-30000,google,www.google.com,Debt,Debt,debt consoledash,http://www.debtreductioninc.com/index8.html,debt,302252,1DC,yellowarrow-dark,0,0
2009-07-07 13:47:34.547,unknown,w-302252-DebtReduction1-1DC-CreditSolutions,TopLeft,DebtReductionInc,0.0,3.0,creditsolutions-branded-shortform,OR,30001-50000,google,www.google.com,Loan Default,Loan default help,defaulted student loan help,http://www.debtreductioninc.com/index8.html,loan,302252,1DC,CreditSolutions,1,0
2009-09-19 23:07:31.127,unknown,w-302252-DebtReduction1-1DC-CreditSolutions,TopLeft,DebtReductionInc,5.0,3.0,creditsolutions-branded-shortform,OR,7500-15000,yahoo,studentdebtconsolidate.org,Student Debt - high volume,,,http://www.debtreductioninc.com/index8.html,student_debt,302252,1DC,CreditSolutions,0,0
2009-08-16 23:42:23.993,unknown,w-302252-DebtReduction1-1DC-CreditSolutions,TopLeft,DebtReductionInc,5.0,5.0,creditsolutions-branded-shortform,WA,7500-15000,google,www.ndparking.com,Lower Payments,Credit card payments,,http://www.debtreductioninc.com/index8.html,lower_payment,302252,1DC,CreditSolutions,0,0
2009-09-28 01:57:40.397,unknown,w-302252-DebtReduction1-1DC-yellowarrow-dark,TopLeft,DebtReductionInc,5.0,4.0,Debt Settlement1 Master,CA,15001-20000,google,www.google.com,Credit_Debt_Consolidation,Consolidate credit,consolidated credit,http://www.debtreductioninc.com/index8.html,credit_general,302252,1DC,yellowarrow-dark,0,0
2009-09-09 20:11:37.483,unknown,w-302252-DebtReduction1-1DC-yellowarrow-dark,TopLeft,DebtReductionInc,3.0,3.0,Debt Settlement1 Master,FL,7500-15000,google,unknown,Lower Payments,,,http://www.debtreductioninc.com/index11.html,lower_payment,302252,1DC,yellowarrow-dark,0,0
2009-05-28 14:20:23.460,unknown,w-302252-DebtReduction1-1DC-CreditSolutions,TopLeft,DebtReductionInc,0.0,0.0,creditsolutions-branded-shortform,FL,50001-70000,google,www.debtreductioninc.com,Student Debt,,,http://www.debtreductioninc.com/index11.html,student_debt,302252,1DC,CreditSolutions,1,1
2009-06-29 00:00:00.000,closed,w-302252-DebtReduction1-1DC-CreditSolutions,TopLeft,DebtReductionInc,0.0,5.0,creditsolutions-branded-shortform,FL,20001-30000,adknowledge,www.bing.com,Consolidate,,,http://www.debtreductioninc.com/index8.html,consolidation,302252,1DC,CreditSolutions,1,0
2009-05-15 17:08:32.017,unknown,w-302252-DebtReduction1-1DC-CreditSolutions,TopLeft,DebtReductionInc,0.0,0.0,creditsolutions-branded-shortform,FL,70001-90000,yahoo,www.findstuff.com,Debt Consolidation,,,http://www.debtreductioninc.com/index8.html,consolidation,302252,1DC,CreditSolutions,1,1
2009-08-04 21:32:28.307,unknown,w-302252-DebtReduction1-1DC-CreditSolutions,TopLeft,DebtReductionInc,5.0,5.0,creditsolutions-branded-shortform,FL,50001-70000,yahoo,search.yahoo.com,Debt Consolidation,,help in debt consolidation,http://www.debtreductioninc.com/index8.html,consolidation,302252,1DC,CreditSolutions,0,0
2009-09-18 15:34:48.000,bad,w-302252-DebtReduction1-1DC-yellowarrow,TopLeft,DebtReductionInc,5.0,5.0,Debt Settlement1 Master,AL,15001-20000,google,unknown,Credit Card Debt - high volume,,,http://www.debtreductioninc.com/index8.html,credit_general,302252,1DC,yellowarrow,0,0
2009-07-27 23:17:16.860,unknown,w-302252-DebtReduction1-1DC-white,TopLeft,DebtReductionInc,5.0,5.0,Debt Settlement1 Master,LA,20001-30000,google,www.sedoparking.com,How,debt,,http://www.debtreductioninc.com/index8.html,other,302252,1DC,white,0,0
2009-08-23 08:53:29.113,unknown,w-302252-DebtReduction1-1DC-yellowarrow-dark,TopLeft,DebtReductionInc,5.0,5.0,Debt Settlement1 Master,LA,30001-50000,google,pagead2.googlesyndication.com,Credit Card Debt - high volume,,,http://www.debtreductioninc.com/index8.html,credit_general,302252,1DC,yellowarrow-dark,0,0
2009-08-17 12:14:21.807,unknown,w-302252-DebtReduction1-1DC-white,TopLeft,DebtReductionInc,5.0,3.0,Debt Settlement1 Master,FL,15001-20000,google,googleads.g.doubleclick.net,Credit Card Debt - high volume,,,http://www.debtreductioninc.com/index8.html,credit_general,302252,1DC,white,0,0
2009-04-22 00:00:00.000,closed,w-300250-DebtReduction1-1DC-Head2,TopLeft,DebtReductionInc,0.0,0.0,Debt Settlement1 Master,FL,7500-15000,yahoo,search.yahoo.com,Bankruptcy,,should i file bankruptcy,http://www.debtreductioninc.com/index8.html,bankrup,300250,1DC,Head2,1,1
2009-06-15 00:00:00.000,closed,w-302252-DebtReduction1-1DC-CreditSolutions,TopLeft,DebtReductionInc,0.0,0.0,creditsolutions-branded-shortform,FL,20001-30000,yahoo,my.att.net,Debt Consolidation,,,http://www.debtreductioninc.com/index8.html,consolidation,302252,1DC,CreditSolutions,1,1
2009-05-03 14:26:41.000,bad,w-300250-DebtReduction1-1DC-Head2,TopLeft,DebtReductionInc,0.0,0.0,Debt Settlement1 Master,FL,7500-15000,google,www.google.com,Lower Payments,Credit card payments,www.chase.com creditcards payment,http://www.debtreductioninc.com/index8.html,lower_payment,300250,1DC,Head2,1,1
2009-06-08 16:00:04.000,bad,w-302252-DebtReduction1-1DC-white,TopLeft,DebtReductionInc,0.0,0.0,Debt Settlement1 Master,FL,7500-15000,yahoo,www.kwinzy.com,General Debt,,,http://www.debtreductioninc.com/index8.html,debt,302252,1DC,white,1,1
2009-08-09 00:00:00.000,closed,w-302252-DebtReduction1-1DC-CreditSolutions,TopLeft,DebtReductionInc,5.0,5.0,creditsolutions-branded-shortform,AL,30001-50000,google,news.google.com,Debt Negotiation,Credit debt negotiation,credit card debt settlement,http://www.debtreductioninc.com/index8.html,debt,302252,1DC,CreditSolutions,0,0
2009-08-21 10:06:40.000,bad,w-302252-DebtReduction1-1DC-CreditSolutions,TopLeft,DebtReductionInc,5.0,5.0,creditsolutions-branded-shortform,IN,30001-50000,google,www.ask.com,How,How to stop creditors calling,how to stop creditors calling you,http://www.debtreductioninc.com/index12.html,other,302252,1DC,CreditSolutions,0,0
2009-08-19 16:13:07.870,unknown,w-302252-DebtReduction1-1DC-white,TopLeft,DebtReductionInc,4.0,3.0,Debt Settlement1 Master,CA,7500-15000,google,unknown,Lower Payments,,,http://www.debtreductioninc.com/index11.html,lower_payment,302252,1DC,white,0,0
2009-04-09 00:00:00.000,good,w-300250-DebtReduction1-1DC-Head2,TopLeft,DebtReductionInc,0.0,0.0,Debt Settlement1 Master,CA,More_than_100000,adknowledge,us.mc832.mail.yahoo.com,Consolidate,,,http://www.debtreductioninc.com/index8.html,consolidation,300250,1DC,Head2,1,1
2009-06-08 18:09:50.723,unknown,w-302252-DebtReduction1-1DC-CreditSolutions,TopLeft,DebtReductionInc,0.0,0.0,creditsolutions-branded-shortform,IL,15001-20000,yahoo,search.yahoo.com,Debt Company,,legitimate bill consolidation companies,http://www.debtreductioninc.com/index8.html,debt,302252,1DC,CreditSolutions,1,1
2009-05-08 17:15:23.293,unknown,w-302252-DebtReduction1-1DC,TopLeft,DebtReductionInc,0.0,0.0,Debt Settlement1 Master,CA,More_than_100000,yahoo,www.matchpoint.com,Debt Counseling,,,http://www.debtreductioninc.com/index8.html,debt,302252,1DC,default,1,1
2009-05-08 17:58:24.383,unknown,w-302252-DebtReduction1-1DC,TopLeft,DebtReductionInc,0.0,0.0,Debt Settlement1 Master,CA,More_than_100000,yahoo,www.matchpoint.com,Debt Counseling,,,http://www.debtreductioninc.com/index8.html,debt,302252,1DC,default,1,1
2009-07-20 20:11:00.160,unknown,w-302252-DebtReduction1-1DC-CreditSolutions,TopLeft,DebtReductionInc,1.0,3.0,creditsolutions-branded-shortform,IL,20001-30000,google,www.ask.com,Debt Program,National debt program,nATIONAL DEBT INITIATIVES PROGRAM NOTICE LISTING,http://www.debtreductioninc.com/index8.html,debt,302252,1DC,CreditSolutions,0,0
2009-05-05 00:00:00.000,closed,w-300250-DebtReduction1-1DC-Head2,TopLeft,DebtReductionInc,0.0,0.0,Debt Settlement1 Master,TX,7500-15000,yahoo,www.consolidate-my-debt-now.com,Credit Card Debt,,,http://www.debtreductioninc.com/index8.html,credit_general,300250,1DC,Head2,1,1
2009-08-31 00:00:00.000,closed,w-302252-DebtReduction1-1DC-CreditSolutions,TopLeft,DebtReductionInc,4.0,3.0,creditsolutions-branded-shortform,CA,7500-15000,yahoo,www.debtconsolidationsite101.com,Get Out Of Debt,,,http://www.debtreductioninc.com/index8.html,debt,302252,1DC,CreditSolutions,0,0
2009-07-31 23:47:50.987,unknown,w-302252-DebtReduction1-1DC-yellowarrow-dark,TopLeft,DebtReductionInc,5.0,5.0,Debt Settlement1 Master,IL,7500-15000,google,www.ndparking.com,Lower Payments,Credit card payments,,http://www.debtreductioninc.com/index8.html,lower_payment,302252,1DC,yellowarrow-dark,0,0
2009-05-21 00:00:00.000,closed,w-302252-DebtReduction1-1DC-white,TopLeft,DebtReductionInc,0.0,0.0,Debt Settlement1 Master,IL,50001-70000,yahoo,search.yahoo.com,Get Out Of Debt,,ways to get out of debt,http://www.debtreductioninc.com/index8.html,debt,302252,1DC,white,1,1
2009-05-12 21:44:37.860,unknown,w-302252-DebtReduction1-1DC,TopLeft,DebtReductionInc,0.0,0.0,Debt Settlement1 Master,IL,30001-50000,yahoo,search.yahoo.com,Debt Collection,,illinois debt collection laws,http://www.debtreductioninc.com/index8.html,collection,302252,1DC,default,1,1
2009-05-05 02:28:43.907,unknown,w-300250-DebtReduction1-2DC-BlueMeter,TopLeft,DebtReductionInc,0.0,0.0,Debt Settlement1 Master,IL,7500-15000,yahoo,unknown,Lower Payments,,,http://www.debtreductioninc.com/index8.html,lower_payment,300250,2DC,BlueMeter,1,1
2009-07-14 14:39:32.863,unknown,w-302252-DebtReduction1-1DC-white,TopLeft,DebtReductionInc,5.0,4.0,Debt Settlement1 Master,IL,20001-30000,google,googleads.g.doubleclick.net,Student Debt,,,http://www.debtreductioninc.com/index12.html,student_debt,302252,1DC,white,0,0
2009-05-17 08:36:18.963,unknown,w-302252-DebtReduction1-1DC-CreditSolutions,TopLeft,DebtReductionInc,0.0,0.0,creditsolutions-branded-shortform,CA,70001-90000,yahoo,search.yahoo.com,Loan Default,,defaultpayments,http://www.debtreductioninc.com/index8.html,loan,302252,1DC,CreditSolutions,1,1
2009-04-14 17:10:26.767,unknown,w-300250-DebtReduction1-1DC,TopLeft,DebtReductionInc,0.0,0.0,Debt Settlement1 Master,CA,50001-70000,google,www.google.com,Holding Tank - Debt,Debt professionals of america,debt professionals of america,http://www.debtreductioninc.com/index8.html,debt,300250,1DC,default,1,1
2009-05-13 00:00:00.000,closed,w-302252-DebtReduction1-1DC-white,TopLeft,DebtReductionInc,0.0,0.0,Debt Settlement1 Master,CA,15001-20000,google,www.google.com,Lower Payments,Credit card payments,chase credit card payment,http://www.debtreductioninc.com/index8.html,lower_payment,302252,1DC,white,1,1
2009-05-03 05:13:56.000,unknown,w-300250-DebtReduction1-2DC-CreditSolutions,TopLeft,DebtReductionInc,0.0,0.0,creditsolutions-branded-shortform,IL,7500-15000,google,unknown,Holding Tank - Debt,Loan debt,,http://www.debtreductioninc.com/index8.html,debt,300250,2DC,CreditSolutions,1,1
2009-04-15 10:36:20.377,unknown,w-300250-DebtReduction1-1DC-Head2,TopLeft,DebtReductionInc,0.0,0.0,Debt Settlement1 Master,MI,20001-30000,yahoo,search.yahoo.com,Bankruptcy And Chapter 7,,michigan bankruptcy,http://www.debtreductioninc.com/index8.html,bankrup,300250,1DC,Head2,1,1
2009-07-27 17:42:17.597,unknown,w-302252-DebtReduction1-1DC-CreditSolutions,TopLeft,DebtReductionInc,4.0,4.0,creditsolutions-branded-shortform,IL,More_than_100000,google,www.debtreductioninc.com,Student Debt,,,http://www.debtreductioninc.com/index11.html,student_debt,302252,1DC,CreditSolutions,0,0
2009-04-13 16:11:35.577,unknown,w-300250-DebtReduction1-1DC-BlueMeter,TopLeft,DebtReductionInc,0.0,0.0,Debt Settlement1 Master,IL,30001-50000,google,www.google.com,Loan Default,Loan default help,default student loans help,http://www.debtreductioninc.com/index8.html,loan,300250,1DC,BlueMeter,1,1
2009-05-19 19:48:59.590,unknown,w-302252-DebtReduction1-1DC-CreditSolutions,TopLeft,DebtReductionInc,0.0,0.0,creditsolutions-branded-shortform,CA,30001-50000,google,www.scribd.com,How,debt,,http://www.debtreductioninc.com/index8.html,other,302252,1DC,CreditSolutions,1,1
2009-08-13 15:54:04.763,unknown,w-302252-DebtReduction1-1DC-CreditSolutions,TopLeft,DebtReductionInc,5.0,3.0,creditsolutions-branded-shortform,IL,30001-50000,google,unknown,Credit Card Debt - high volume,,,http://www.debtreductioninc.com/index8.html,credit_general,302252,1DC,CreditSolutions,0,0
2009-04-26 13:36:47.700,unknown,w-300250-DebtReduction1-2DC-CreditSolutions,TopLeft,DebtReductionInc,0.0,0.0,creditsolutions-branded-shortform,TX,7500-15000,google,googleads.g.doubleclick.net,Credit Card Debt,,,http://www.debtreductioninc.com/index8.html,credit_general,300250,2DC,CreditSolutions,1,1
2009-06-03 20:28:36.647,unknown,w-302252-DebtReduction1-1DC-CreditSolutions,TopLeft,DebtReductionInc,0.0,0.0,creditsolutions-branded-shortform,FL,20001-30000,yahoo,search.yahoo.com,General Debt - high volume,,government debt solution,http://www.debtreductioninc.com/index8.html,debt,302252,1DC,CreditSolutions,1,1
2009-05-08 20:49:22.540,unknown,w-302252-DebtReduction1-1DC-CreditSolutions,TopLeft,DebtReductionInc,0.0,0.0,creditsolutions-branded-shortform,CA,7500-15000,yahoo,www.findstuff.com,Debt Consolidation,,,http://www.debtreductioninc.com/index8.html,consolidation,302252,1DC,CreditSolutions,1,1
2009-08-19 18:54:06.377,unknown,w-302252-DebtReduction1-1DC-CreditSolutions,TopLeft,DebtReductionInc,4.0,3.0,creditsolutions-branded-shortform,FL,7500-15000,google,www.google.com,Lower Payments,Credit card payments,www.chase.com creditcards payment,http://www.debtreductioninc.com/index8.html,lower_payment,302252,1DC,CreditSolutions,0,0
2009-09-04 10:55:12.977,unknown,w-302252-DebtReduction1-1DC-yellowarrow-blue,TopLeft,DebtReductionInc,5.0,5.0,Debt Settlement1 Master,MI,30001-50000,google,googleads.g.doubleclick.net,Lower Payments,,,http://www.debtreductioninc.com/index8.html,lower_payment,302252,1DC,yellowarrow-blue,0,0
2009-09-07 01:54:53.960,unknown,w-302252-DebtReduction1-1DC-yellowarrow-dark,TopLeft,DebtReductionInc,3.0,4.0,Debt Settlement1 Master,CA,7500-15000,yahoo,search.yahoo.com,Credit Card Debt,,Erase credit card debt in months,http://www.debtreductioninc.com/index8.html,credit_general,302252,1DC,yellowarrow-dark,0,0
2009-04-03 00:00:00.000,closed,w-300250-DebtReduction1-1DC-white,TopLeft,DebtReductionInc,0.0,0.0,Debt Settlement1 Master,CA,7500-15000,adknowledge,us.mc536.mail.yahoo.com,Consolidate,,,http://www.debtreductioninc.com/index8.html,consolidation,300250,1DC,white,1,1
2009-08-26 16:34:08.693,unknown,w-302252-DebtReduction1-1DC-yellowarrow-dark,TopLeft,DebtReductionInc,5.0,2.0,Debt Settlement1 Master,CT,7500-15000,google,unknown,Lower Payments,,,http://www.debtreductioninc.com/index11.html,lower_payment,302252,1DC,yellowarrow-dark,0,0
2009-08-08 23:17:18.733,unknown,w-302252-DebtReduction1-1DC-white,TopLeft,DebtReductionInc,5.0,3.0,Debt Settlement1 Master,MO,7500-15000,google,www.google.com,Debt,Debt,stimulus package credit card debt,http://www.debtreductioninc.com/index8.html,debt,302252,1DC,white,0,0
2009-04-27 00:00:00.000,closed,w-300250-DebtReduction1-1DC,TopLeft,DebtReductionInc,0.0,0.0,Debt Settlement1 Master,IL,15001-20000,google,www.google.com,Holding Tank - Debt,Debt stoppers,debt stoppers,http://www.debtreductioninc.com/index8.html,debt,300250,1DC,default,1,1
2009-04-16 00:06:15.240,unknown,w-300250-DebtReduction1-1DC-CreditSolutions,TopLeft,DebtReductionInc,0.0,0.0,creditsolutions-branded-shortform,TX,15001-20000,yahoo,search.yahoo.com,Debt Consolidation,,consolidate debt government,http://www.debtreductioninc.com/index8.html,consolidation,300250,1DC,CreditSolutions,1,1
2009-07-20 20:27:19.000,bad,w-302252-DebtReduction1-1DC-CreditSolutions,TopLeft,DebtReductionInc,5.0,3.0,creditsolutions-branded-shortform,MI,7500-15000,google,www.ask.com,Student Debt,Defaulted student loans,Can You interest paid on defaulted student loans Your Taxes,http://www.debtreductioninc.com/index8.html,student_debt,302252,1DC,CreditSolutions,0,0
2009-06-02 00:00:00.000,good,w-302252-DebtReduction1-1DC-CreditSolutions,TopLeft,DebtReductionInc,0.0,0.0,creditsolutions-branded-shortform,CA,70001-90000,google,www.ask.com,How,How do i lower credit cards,how do i lower my credit cards,http://www.debtreductioninc.com/index12.html,other,302252,1DC,CreditSolutions,1,1
2009-07-12 08:04:42.133,unknown,w-302252-DebtReduction1-1DC-yellowarrow-blue,TopLeft,DebtReductionInc,5.0,5.0,Debt Settlement1 Master,IL,20001-30000,google,www.google.com,Holding Tank - Debt,Debt cures,debt cures,http://www.debtreductioninc.com/index8.html,debt,302252,1DC,yellowarrow-blue,0,0
2009-07-26 20:23:49.000,bad,w-302252-DebtReduction1-1DC-white,TopLeft,DebtReductionInc,5.0,5.0,Debt Settlement1 Master,MI,7500-15000,google,ezinearticles.com,Settlement,Debt settlement,,http://www.debtreductioninc.com/index8.html,settlement,302252,1DC,white,0,0
2009-08-26 19:23:39.000,bad,w-302252-DebtReduction1-1DC-yellowarrow-dark,TopLeft,DebtReductionInc,5.0,3.0,Debt Settlement1 Master,MI,7500-15000,adknowledge,us.mc825.mail.yahoo.com,Consolidate,,,http://www.debtreductioninc.com/index8.html,consolidation,302252,1DC,yellowarrow-dark,0,0
2009-09-18 11:19:49.000,bad,w-302252-DebtReduction1-1DC-yellowarrow-dark,TopLeft,DebtReductionInc,5.0,3.0,Debt Settlement1 Master,MI,30001-50000,yahoo,search.yahoo.com,Lower Payments,,lowering house payments,http://www.debtreductioninc.com/index8.html,lower_payment,302252,1DC,yellowarrow-dark,0,0
2009-04-08 19:33:39.740,unknown,w-300250-DebtReduction1-1DC-Head2,TopLeft,DebtReductionInc,0.0,0.0,Debt Settlement1 Master,TX,70001-90000,google,www.google.com,Holding Tank - Debt,Christian debt,christian debt advertised on klty,http://www.debtreductioninc.com/index8.html,debt,300250,1DC,Head2,1,1
2009-05-25 11:48:48.470,unknown,w-302252-DebtReduction1-1DC,TopLeft,DebtReductionInc,0.0,0.0,Debt Settlement1 Master,CA,15001-20000,yahoo,www.consolidateloans.com,Debt Consolidation Loan,,,http://www.debtreductioninc.com/index8.html,consolidation,302252,1DC,default,1,1
2009-06-13 09:43:04.403,unknown,w-302252-DebtReduction1-1DC-white,TopLeft,DebtReductionInc,0.0,0.0,Debt Settlement1 Master,TX,7500-15000,yahoo,search.yahoo.com,Debt Negotiation,,debt settlement law firms,http://www.debtreductioninc.com/index8.html,debt,302252,1DC,white,1,1
2009-05-15 18:29:31.907,unknown,w-302252-DebtReduction1-1DC-white,TopLeft,DebtReductionInc,0.0,0.0,Debt Settlement1 Master,MO,7500-15000,google,search.bearshare.com,Holding Tank - Debt,Debt cures,debt cures,http://www.debtreductioninc.com/index8.html,debt,302252,1DC,white,1,1
2009-09-24 11:46:12.000,bad,w-302252-DebtReduction1-1DC-yellowarrow-dark,TopLeft,DebtReductionInc,5.0,5.0,Debt Settlement1 Master,MI,7500-15000,google,www.google.com,Loan Default,Loan default help,help with defaulted private student loans,http://www.debtreductioninc.com/index8.html,loan,302252,1DC,yellowarrow-dark,0,0
2009-08-15 21:34:13.000,bad,w-302252-DebtReduction1-1DC-yellowarrow-blue,TopLeft,DebtReductionInc,5.0,5.0,Debt Settlement1 Master,MO,30001-50000,yahoo,search.yahoo.com,Get Out Of Debt,,how to get out of debt,http://www.debtreductioninc.com/index8.html,debt,302252,1DC,yellowarrow-blue,0,0
2009-07-26 00:00:00.000,good,w-302252-DebtReduction1-1DC-yellowarrow-dark,TopLeft,DebtReductionInc,5.0,3.0,Debt Settlement1 Master,AL,30001-50000,yahoo,search.yahoo.com,Debt Consolidate,,consolidate bills,http://www.debtreductioninc.com/index8.html,consolidation,302252,1DC,yellowarrow-dark,0,0
2009-08-04 00:00:00.000,closed,w-302252-DebtReduction1-1DC-yellowarrow-dark,TopLeft,DebtReductionInc,5.0,2.0,Debt Settlement1 Master,AL,20001-30000,yahoo,us.yhs.search.yahoo.com,Debt Program,,debt relief programs with out bankrupcy,http://www.debtreductioninc.com/index8.html,debt,302252,1DC,yellowarrow-dark,0,0
2009-06-04 20:04:22.060,unknown,w-302252-DebtReduction1-1DC-CreditSolutions,TopLeft,DebtReductionInc,0.0,0.0,creditsolutions-branded-shortform,LA,20001-30000,google,unknown,How,How to fix your credit,,http://www.debtreductioninc.com/index11.html,other,302252,1DC,CreditSolutions,1,1
2009-09-14 00:00:00.000,closed,w-302252-DebtReduction1-1DC-CreditSolutions,TopLeft,DebtReductionInc,5.0,3.0,creditsolutions-branded-shortform,LA,7500-15000,google,www.google.com,Holding Tank - Debt,Www debt com,www.debt.com,http://www.debtreductioninc.com/index8.html,debt,302252,1DC,CreditSolutions,0,0
2009-09-29 00:00:00.000,good,w-302252-DebtReduction1-1DC-CreditSolutions,TopLeft,DebtReductionInc,3.0,2.0,creditsolutions-branded-shortform,CA,7500-15000,google,www.google.com,Holding Tank - Debt,Credit counselor,consumer credit counseling service,http://www.debtreductioninc.com/index8.html,debt,302252,1DC,CreditSolutions,0,0
2009-04-25 17:07:53.177,unknown,w-300250-DebtReduction1-2DC-BlueMeter,TopLeft,DebtReductionInc,0.0,0.0,Debt Settlement1 Master,TX,50001-70000,yahoo,search.yahoo.com,Get Out Of Debt,,how to get out of financial debt,http://www.debtreductioninc.com/index8.html,debt,300250,2DC,BlueMeter,1,1
2009-06-05 13:21:16.007,unknown,w-302252-DebtReduction1-1DC-CreditSolutions,TopLeft,DebtReductionInc,0.0,0.0,creditsolutions-branded-shortform,NV,30001-50000,google,www.google.com,Loan Default,Loan default help,loan default help,http://www.debtreductioninc.com/index8.html,loan,302252,1DC,CreditSolutions,1,1
2009-06-07 19:41:57.717,unknown,w-302252-DebtReduction1-1DC-CreditSolutions,TopLeft,DebtReductionInc,0.0,0.0,creditsolutions-branded-shortform,IL,20001-30000,google,unknown,How,How to fix credit,,http://www.debtreductioninc.com/index11.html,other,302252,1DC,CreditSolutions,1,1
2009-07-06 09:57:41.403,unknown,w-302252-DebtReduction1-1DC-yellowarrow-blue,TopLeft,DebtReductionInc,0.0,5.0,Debt Settlement1 Master,MI,7500-15000,google,www.google.com,Holding Tank - Debt,Debt cures,debt cures,http://www.debtreductioninc.com/index8.html,debt,302252,1DC,yellowarrow-blue,1,0
2009-05-14 11:10:30.567,unknown,w-302252-DebtReduction1-1DC-white,TopLeft,DebtReductionInc,0.0,0.0,Debt Settlement1 Master,IL,7500-15000,adknowledge,webmaila.netzero.net,Consolidate,,,http://www.debtreductioninc.com/index8.html,consolidation,302252,1DC,white,1,1
2009-09-29 14:46:17.000,bad,w-302252-DebtReduction1-1DC-CreditSolutions,TopLeft,DebtReductionInc,5.0,5.0,creditsolutions-branded-shortform,IL,30001-50000,yahoo,search.yahoo.com,Credit Card Consolidation,,debt consolidation,http://www.debtreductioninc.com/index8.html,credit_general,302252,1DC,CreditSolutions,0,0
2009-06-23 19:31:50.567,unknown,w-302252-DebtReduction1-1DC,TopLeft,DebtReductionInc,0.0,0.0,Debt Settlement1 Master,TX,15001-20000,google,www.ehow.com,Student Debt,,,http://www.debtreductioninc.com/index8.html,student_debt,302252,1DC,default,1,1
2009-07-17 19:25:19.343,unknown,w-302252-DebtReduction1-1DC,TopLeft,DebtReductionInc,5.0,5.0,Debt Settlement1 Master,MI,7500-15000,yahoo,www.findstuff.com,Debt Consolidation,,,http://www.debtreductioninc.com/index8.html,consolidation,302252,1DC,default,0,0
2009-07-03 20:41:55.807,unknown,w-302252-DebtReduction1-1DC-CreditSolutions,TopLeft,DebtReductionInc,0.0,4.0,creditsolutions-branded-shortform,CA,20001-30000,google,unknown,Lower Payments,,,http://www.debtreductioninc.com/index11.html,lower_payment,302252,1DC,CreditSolutions,1,0
2009-06-14 00:00:00.000,closed,w-302252-DebtReduction1-1DC-CreditSolutions,TopLeft,DebtReductionInc,0.0,0.0,creditsolutions-branded-shortform,CA,20001-30000,yahoo,search.yahoo.com,Credit Card Debt,,negotiating credit card debt in collections,http://www.debtreductioninc.com/index8.html,credit_general,302252,1DC,CreditSolutions,1,1
2009-09-08 17:41:43.117,unknown,w-302252-DebtReduction1-1DC-CreditSolutions,TopLeft,DebtReductionInc,5.0,5.0,creditsolutions-branded-shortform,IL,15001-20000,google,www.ehow.com,Credit Card Debt - high volume,,,http://www.debtreductioninc.com/index8.html,credit_general,302252,1DC,CreditSolutions,0,0
2009-09-11 19:15:23.173,unknown,w-302252-DebtReduction1-1DC-CreditSolutions,TopLeft,DebtReductionInc,5.0,5.0,creditsolutions-branded-shortform,IL,7500-15000,google,unknown,Lower Payments,,,http://www.debtreductioninc.com/index12.html,lower_payment,302252,1DC,CreditSolutions,0,0
2009-05-03 21:01:53.477,unknown,w-300250-DebtReduction1-1DC,TopLeft,DebtReductionInc,0.0,0.0,Debt Settlement1 Master,IL,15001-20000,yahoo,search.yahoo.com,Debt Consolidation,,goverment help on debt,http://www.debtreductioninc.com/index8.html,consolidation,300250,1DC,default,1,1
2009-06-25 00:13:33.230,unknown,w-302252-DebtReduction1-1DC-white,TopLeft,DebtReductionInc,0.0,0.0,Debt Settlement1 Master,IL,30001-50000,google,www.reducethedebt.org,Student Debt,,,http://www.debtreductioninc.com/index8.html,student_debt,302252,1DC,white,1,1
2009-05-31 21:51:54.790,unknown,w-302252-DebtReduction1-1DC-CreditSolutions,TopLeft,DebtReductionInc,0.0,0.0,creditsolutions-branded-shortform,TX,More_than_100000,google,search.aol.com,Student Debt,Student loan default,private student loan default,http://www.debtreductioninc.com/index8.html,student_debt,302252,1DC,CreditSolutions,1,1
2009-09-03 17:02:16.527,unknown,w-302252-DebtReduction1-1DC-CreditSolutions,TopLeft,DebtReductionInc,3.0,4.0,creditsolutions-branded-shortform,MI,7500-15000,yahoo,search.yahoo.com,Debt Program,,national debt +stimmulus program,http://www.debtreductioninc.com/index8.html,debt,302252,1DC,CreditSolutions,0,0
2009-08-29 17:36:49.007,unknown,w-302252-DebtReduction1-1DC-CreditSolutions,TopLeft,DebtReductionInc,1.0,5.0,creditsolutions-branded-shortform,AR,7500-15000,yahoo,search.yahoo.com,Credit Card Consolidation,,credit card debt,http://www.debtreductioninc.com/index8.html,credit_general,302252,1DC,CreditSolutions,0,0
2009-06-14 16:43:55.060,unknown,w-302252-DebtReduction1-1DC-CreditSolutions,TopLeft,DebtReductionInc,0.0,0.0,creditsolutions-branded-shortform,TX,7500-15000,yahoo,search.yahoo.com,Get Out Of Debt,,how to get out of debt quickly,http://www.debtreductioninc.com/index8.html,debt,302252,1DC,CreditSolutions,1,1
2009-08-19 09:50:52.000,bad,w-302252-DebtReduction1-1DC-yellowarrow-dark,TopLeft,DebtReductionInc,5.0,3.0,Debt Settlement1 Master,IL,7500-15000,yahoo,search.yahoo.com,Student Debt,,reconsolidation of defauted student loans,http://www.debtreductioninc.com/index8.html,student_debt,302252,1DC,yellowarrow-dark,0,0
2009-07-25 20:29:29.127,unknown,w-302252-DebtReduction1-1DC-CreditSolutions,TopLeft,DebtReductionInc,5.0,5.0,creditsolutions-branded-shortform,MO,15001-20000,google,googleads.g.doubleclick.net,Student Debt,,,http://www.debtreductioninc.com/index12.html,student_debt,302252,1DC,CreditSolutions,0,0
2009-09-19 00:00:00.000,closed,w-302252-DebtReduction1-1DC-white,TopLeft,DebtReductionInc,5.0,5.0,Debt Settlement1 Master,IL,7500-15000,google,www.google.com,Debt Negotiation,Debt negotiation lawyer,lawyers that negotiate debt,http://www.debtreductioninc.com/index8.html,debt,302252,1DC,white,0,0
2009-08-27 00:56:33.000,bad,w-302252-DebtReduction1-1DC-white,TopLeft,DebtReductionInc,5.0,5.0,Debt Settlement1 Master,IL,50001-70000,yahoo,search.yahoo.com,Debt Company,,debt management,http://www.debtreductioninc.com/index8.html,debt,302252,1DC,white,0,0
2009-09-29 16:42:42.000,bad,w-302252-DebtReduction1-1DC-CreditSolutions,TopLeft,DebtReductionInc,5.0,1.0,creditsolutions-branded-shortform,MI,20001-30000,yahoo,search.yahoo.com,Debt Consolidation,,goverment debts consolidation,http://www.debtreductioninc.com/index8.html,consolidation,302252,1DC,CreditSolutions,0,0
2009-05-09 00:00:00.000,closed,w-302252-DebtReduction1-1DC-white,TopLeft,DebtReductionInc,0.0,0.0,Debt Settlement1 Master,TX,15001-20000,yahoo,search.yahoo.com,General Debt,,govt debt relief,http://www.debtreductioninc.com/index8.html,debt,302252,1DC,white,1,1
2009-05-06 17:30:35.427,unknown,w-300250-DebtReduction1-1DC-BlueMeter,TopLeft,DebtReductionInc,0.0,0.0,Debt Settlement1 Master,CA,7500-15000,google,www.google.com,Holding Tank - Debt,Superior debt services,Superior Debt Services,http://www.debtreductioninc.com/index8.html,debt,300250,1DC,BlueMeter,1,1
2009-05-21 12:55:20.070,unknown,w-302252-DebtReduction1-1DC-CreditSolutions,TopLeft,DebtReductionInc,0.0,0.0,creditsolutions-branded-shortform,TX,15001-20000,google,googleads.g.doubleclick.net,Student Debt,,,http://www.debtreductioninc.com/index8.html,student_debt,302252,1DC,CreditSolutions,1,1
2009-07-08 00:00:00.000,good,w-302252-DebtReduction1-1DC-CreditSolutions,TopLeft,DebtReductionInc,0.0,5.0,creditsolutions-branded-shortform,OK,7500-15000,google,www.google.com,Get Out Of Debt,Get out of credit debt,how to get out of credit card debt without paying,http://www.debtreductioninc.com/index8.html,debt,302252,1DC,CreditSolutions,1,0
2009-06-19 11:00:41.000,bad,w-302252-DebtReduction1-1DC-yellowarrow-blue,TopLeft,DebtReductionInc,0.0,0.0,Debt Settlement1 Master,MI,7500-15000,yahoo,search.yahoo.com,Student Debt,,student loan default,http://www.debtreductioninc.com/index8.html,student_debt,302252,1DC,yellowarrow-blue,1,1
2009-07-28 16:21:11.700,unknown,w-302252-DebtReduction1-1DC-CreditSolutions,TopLeft,DebtReductionInc,5.0,4.0,creditsolutions-branded-shortform,MI,15001-20000,google,www.google.com,Holding Tank - Debt,Debt cures,debt cures,http://www.debtreductioninc.com/index8.html,debt,302252,1DC,CreditSolutions,0,0
2009-07-15 11:34:55.000,bad,w-302252-DebtReduction1-1DC-yellowarrow-blue,TopLeft,DebtReductionInc,5.0,3.0,Debt Settlement1 Master,MI,30001-50000,google,www.google.com,Lower Payments,Lower monthly car payments,lower monthly car payment,http://www.debtreductioninc.com/index8.html,lower_payment,302252,1DC,yellowarrow-blue,0,0
2009-06-16 21:34:43.247,unknown,w-302252-DebtReduction1-1DC,TopLeft,DebtReductionInc,0.0,0.0,Debt Settlement1 Master,CA,30001-50000,google,www.google.com,Student Debt,Student loan default,student loans in default,http://www.debtreductioninc.com/index8.html,student_debt,302252,1DC,default,1,1
2009-04-03 09:37:31.323,unknown,w-300250-DebtReduction1-2DC-BlueMeter,TopLeft,DebtReductionInc,0.0,0.0,Debt Settlement1 Master,TX,15001-20000,yahoo,search.yahoo.com,Debt Consolidation,,government debt consolidation fort worth texas,http://www.debtreductioninc.com/index8.html,consolidation,300250,2DC,BlueMeter,1,1
2009-08-17 21:12:20.850,unknown,w-302252-DebtReduction1-1DC-yellowarrow,TopLeft,DebtReductionInc,5.0,3.0,Debt Settlement1 Master,CA,7500-15000,google,www.debtreductioninc.com,Lower Payments,,,http://www.debtreductioninc.com/index11.html,lower_payment,302252,1DC,yellowarrow,0,0
2009-06-30 18:14:33.043,unknown,w-302252-DebtReduction1-1DC-white,TopLeft,DebtReductionInc,0.0,0.0,Debt Settlement1 Master,CT,7500-15000,yahoo,www.att.net,Debt Consolidation,,,http://www.debtreductioninc.com/index8.html,consolidation,302252,1DC,white,1,1
2009-04-25 16:56:53.670,unknown,w-300250-DebtReduction1-1DC-Head2,TopLeft,DebtReductionInc,0.0,0.0,Debt Settlement1 Master,TX,7500-15000,google,googleads.g.doubleclick.net,Student Debt,,,http://www.debtreductioninc.com/index8.html,student_debt,300250,1DC,Head2,1,1
2009-04-12 18:38:43.067,unknown,w-300250-DebtReduction1-1DC-CreditSolutions,TopLeft,DebtReductionInc,0.0,0.0,creditsolutions-branded-shortform,MI,20001-30000,yahoo,search.yahoo.com,Debt Consolidation,,debt consolidation or settlement which is better,http://www.debtreductioninc.com/index8.html,consolidation,300250,1DC,CreditSolutions,1,1
2009-09-23 21:41:08.193,unknown,w-302252-DebtReduction1-1DC-yellowarrow-dark,TopLeft,DebtReductionInc,5.0,5.0,Debt Settlement1 Master,IN,7500-15000,google,unknown,Debt Negotiation,,,http://www.debtreductioninc.com/index8.html,debt,302252,1DC,yellowarrow-dark,0,0
2009-04-27 10:31:42.573,unknown,w-300250-DebtReduction1-1DC-Head2,TopLeft,DebtReductionInc,0.0,0.0,Debt Settlement1 Master,TX,7500-15000,google,www.ehow.com,Lower Payments,,,http://www.debtreductioninc.com/index8.html,lower_payment,300250,1DC,Head2,1,1
